municipality,group,variable,month,Neumonías en menores de 5 años,TOTAL
AIQUILE,diagnostico de egreso,neumonias en menores de 5 anos,2009-01-01,2,2
ASCENCION DE GUARAYOS,diagnostico de egreso,neumonias en menores de 5 anos,2009-01-01,9,9
ATOCHA,diagnostico de egreso,neumonias en menores de 5 anos,2009-01-01,1,1
AYOPAYA (V. DE INDEPENDENCIA),diagnostico de egreso,neumonias en menores de 5 anos,2009-01-01,4,4
BERMEJO,diagnostico de egreso,neumonias en menores de 5 anos,2009-01-01,5,5
CABEZAS,diagnostico de egreso,neumonias en menores de 5 anos,2009-01-01,1,1
CAMARGO,diagnostico de egreso,neumonias en menores de 5 anos,2009-01-01,1,1
CAMIRI,diagnostico de egreso,neumonias en menores de 5 anos,2009-01-01,8,8
CARANAVI,diagnostico de egreso,neumonias en menores de 5 anos,2009-01-01,5,5
CARMEN RIVERO TORREZ,diagnostico de egreso,neumonias en menores de 5 anos,2009-01-01,29,29
CHALLAPATA,diagnostico de egreso,neumonias en menores de 5 anos,2009-01-01,1,1
CHARAGUA,diagnostico de egreso,neumonias en menores de 5 anos,2009-01-01,3,3
CHULUMANI (V. DE LA LIBERTAD),diagnostico de egreso,neumonias en menores de 5 anos,2009-01-01,1,1
CLIZA,diagnostico de egreso,neumonias en menores de 5 anos,2009-01-01,4,4
COBIJA,diagnostico de egreso,neumonias en menores de 5 anos,2009-01-01,10,10
COCHABAMBA,diagnostico de egreso,neumonias en menores de 5 anos,2009-01-01,34,34
COMARAPA,diagnostico de egreso,neumonias en menores de 5 anos,2009-01-01,3,3
CONCEPCION,diagnostico de egreso,neumonias en menores de 5 anos,2009-01-01,3,3
COROICO,diagnostico de egreso,neumonias en menores de 5 anos,2009-01-01,7,7
COTOCA,diagnostico de egreso,neumonias en menores de 5 anos,2009-01-01,2,2
EL ALTO,diagnostico de egreso,neumonias en menores de 5 anos,2009-01-01,23,23
ENTRE RIOS,diagnostico de egreso,neumonias en menores de 5 anos,2009-01-01,1,1
FERNANDEZ ALONSO,diagnostico de egreso,neumonias en menores de 5 anos,2009-01-01,2,2
FILADELFIA,diagnostico de egreso,neumonias en menores de 5 anos,2009-01-01,2,2
GUAYARAMERIN,diagnostico de egreso,neumonias en menores de 5 anos,2009-01-01,7,7
HUANUNI,diagnostico de egreso,neumonias en menores de 5 anos,2009-01-01,2,2
LA GUARDIA,diagnostico de egreso,neumonias en menores de 5 anos,2009-01-01,1,1
LA PAZ,diagnostico de egreso,neumonias en menores de 5 anos,2009-01-01,38,38
LLALLAGUA,diagnostico de egreso,neumonias en menores de 5 anos,2009-01-01,6,6
MAIRANA,diagnostico de egreso,neumonias en menores de 5 anos,2009-01-01,1,1
MIZQUE,diagnostico de egreso,neumonias en menores de 5 anos,2009-01-01,2,2
MONTEAGUDO,diagnostico de egreso,neumonias en menores de 5 anos,2009-01-01,3,3
MONTERO,diagnostico de egreso,neumonias en menores de 5 anos,2009-01-01,21,21
ORURO,diagnostico de egreso,neumonias en menores de 5 anos,2009-01-01,26,26
PADILLA,diagnostico de egreso,neumonias en menores de 5 anos,2009-01-01,2,2
PAMPA GRANDE,diagnostico de egreso,neumonias en menores de 5 anos,2009-01-01,1,1
POTOSI,diagnostico de egreso,neumonias en menores de 5 anos,2009-01-01,29,29
PUERTO ACOSTA,diagnostico de egreso,neumonias en menores de 5 anos,2009-01-01,1,1
PUERTO VILLARROEL,diagnostico de egreso,neumonias en menores de 5 anos,2009-01-01,17,17
PUNATA,diagnostico de egreso,neumonias en menores de 5 anos,2009-01-01,4,4
QUILLACOLLO,diagnostico de egreso,neumonias en menores de 5 anos,2009-01-01,5,5
REYES,diagnostico de egreso,neumonias en menores de 5 anos,2009-01-01,18,18
RIBERALTA,diagnostico de egreso,neumonias en menores de 5 anos,2009-01-01,5,5
ROBORE,diagnostico de egreso,neumonias en menores de 5 anos,2009-01-01,1,1
RURRENABAQUE,diagnostico de egreso,neumonias en menores de 5 anos,2009-01-01,17,17
SACABA,diagnostico de egreso,neumonias en menores de 5 anos,2009-01-01,11,11
SAN BORJA,diagnostico de egreso,neumonias en menores de 5 anos,2009-01-01,6,6
SAN CARLOS,diagnostico de egreso,neumonias en menores de 5 anos,2009-01-01,5,5
SAN IGNACIO,diagnostico de egreso,neumonias en menores de 5 anos,2009-01-01,1,1
SAN IGNACIO DE VELASCO,diagnostico de egreso,neumonias en menores de 5 anos,2009-01-01,17,17
SAN JOSE DE CHIQUITOS,diagnostico de egreso,neumonias en menores de 5 anos,2009-01-01,1,1
SAN JULIAN,diagnostico de egreso,neumonias en menores de 5 anos,2009-01-01,4,4
SAN LORENZO(PND),diagnostico de egreso,neumonias en menores de 5 anos,2009-01-01,5,5
SAN MATIAS,diagnostico de egreso,neumonias en menores de 5 anos,2009-01-01,1,1
SANTA CRUZ DE LA SIERRA,diagnostico de egreso,neumonias en menores de 5 anos,2009-01-01,41,41
SOPACHUY,diagnostico de egreso,neumonias en menores de 5 anos,2009-01-01,2,2
SUCRE,diagnostico de egreso,neumonias en menores de 5 anos,2009-01-01,48,48
TARABUCO,diagnostico de egreso,neumonias en menores de 5 anos,2009-01-01,1,1
TARIJA,diagnostico de egreso,neumonias en menores de 5 anos,2009-01-01,15,15
TARVITA,diagnostico de egreso,neumonias en menores de 5 anos,2009-01-01,1,1
TIQUIPAYA,diagnostico de egreso,neumonias en menores de 5 anos,2009-01-01,4,4
TIRAQUE (CBBA),diagnostico de egreso,neumonias en menores de 5 anos,2009-01-01,7,7
TRINIDAD,diagnostico de egreso,neumonias en menores de 5 anos,2009-01-01,13,13
TUPIZA,diagnostico de egreso,neumonias en menores de 5 anos,2009-01-01,3,3
UNCIA,diagnostico de egreso,neumonias en menores de 5 anos,2009-01-01,3,3
VILLA MONTES,diagnostico de egreso,neumonias en menores de 5 anos,2009-01-01,6,6
VILLA TUNARI,diagnostico de egreso,neumonias en menores de 5 anos,2009-01-01,13,13
VILLAZON,diagnostico de egreso,neumonias en menores de 5 anos,2009-01-01,3,3
WARNES,diagnostico de egreso,neumonias en menores de 5 anos,2009-01-01,5,5
YACUIBA,diagnostico de egreso,neumonias en menores de 5 anos,2009-01-01,9,9
YAPACANI,diagnostico de egreso,neumonias en menores de 5 anos,2009-01-01,14,14
APOLO,diagnostico de egreso,neumonias en menores de 5 anos,2009-02-01,4,4
ASCENCION DE GUARAYOS,diagnostico de egreso,neumonias en menores de 5 anos,2009-02-01,12,12
ATOCHA,diagnostico de egreso,neumonias en menores de 5 anos,2009-02-01,1,1
AYOPAYA (V. DE INDEPENDENCIA),diagnostico de egreso,neumonias en menores de 5 anos,2009-02-01,2,2
CABEZAS,diagnostico de egreso,neumonias en menores de 5 anos,2009-02-01,3,3
CAMARGO,diagnostico de egreso,neumonias en menores de 5 anos,2009-02-01,15,15
CAMIRI,diagnostico de egreso,neumonias en menores de 5 anos,2009-02-01,2,2
CARANAVI,diagnostico de egreso,neumonias en menores de 5 anos,2009-02-01,8,8
CARMEN RIVERO TORREZ,diagnostico de egreso,neumonias en menores de 5 anos,2009-02-01,8,8
CHARAGUA,diagnostico de egreso,neumonias en menores de 5 anos,2009-02-01,2,2
COBIJA,diagnostico de egreso,neumonias en menores de 5 anos,2009-02-01,15,15
COCHABAMBA,diagnostico de egreso,neumonias en menores de 5 anos,2009-02-01,55,55
COLCAPIRHUA,diagnostico de egreso,neumonias en menores de 5 anos,2009-02-01,1,1
COLQUIRI,diagnostico de egreso,neumonias en menores de 5 anos,2009-02-01,1,1
COMARAPA,diagnostico de egreso,neumonias en menores de 5 anos,2009-02-01,1,1
CONCEPCION,diagnostico de egreso,neumonias en menores de 5 anos,2009-02-01,5,5
COTOCA,diagnostico de egreso,neumonias en menores de 5 anos,2009-02-01,2,2
EL ALTO,diagnostico de egreso,neumonias en menores de 5 anos,2009-02-01,31,31
FERNANDEZ ALONSO,diagnostico de egreso,neumonias en menores de 5 anos,2009-02-01,4,4
GRAL. J.J. PEREZ (CHARAZANI),diagnostico de egreso,neumonias en menores de 5 anos,2009-02-01,1,1
GUAYARAMERIN,diagnostico de egreso,neumonias en menores de 5 anos,2009-02-01,2,2
HUANUNI,diagnostico de egreso,neumonias en menores de 5 anos,2009-02-01,1,1
LA ASUNTA,diagnostico de egreso,neumonias en menores de 5 anos,2009-02-01,1,1
LA GUARDIA,diagnostico de egreso,neumonias en menores de 5 anos,2009-02-01,8,8
LA PAZ,diagnostico de egreso,neumonias en menores de 5 anos,2009-02-01,23,23
LLALLAGUA,diagnostico de egreso,neumonias en menores de 5 anos,2009-02-01,7,7
MAIRANA,diagnostico de egreso,neumonias en menores de 5 anos,2009-02-01,4,4
MIZQUE,diagnostico de egreso,neumonias en menores de 5 anos,2009-02-01,1,1
MONTEAGUDO,diagnostico de egreso,neumonias en menores de 5 anos,2009-02-01,5,5
MONTERO,diagnostico de egreso,neumonias en menores de 5 anos,2009-02-01,41,41
ORURO,diagnostico de egreso,neumonias en menores de 5 anos,2009-02-01,8,8
PAILON,diagnostico de egreso,neumonias en menores de 5 anos,2009-02-01,1,1
PORTACHUELO,diagnostico de egreso,neumonias en menores de 5 anos,2009-02-01,1,1
POTOSI,diagnostico de egreso,neumonias en menores de 5 anos,2009-02-01,18,18
PUERTO ACOSTA,diagnostico de egreso,neumonias en menores de 5 anos,2009-02-01,1,1
PUERTO SUAREZ,diagnostico de egreso,neumonias en menores de 5 anos,2009-02-01,4,4
PUERTO VILLARROEL,diagnostico de egreso,neumonias en menores de 5 anos,2009-02-01,18,18
PUNA,diagnostico de egreso,neumonias en menores de 5 anos,2009-02-01,1,1
PUNATA,diagnostico de egreso,neumonias en menores de 5 anos,2009-02-01,4,4
QUILLACOLLO,diagnostico de egreso,neumonias en menores de 5 anos,2009-02-01,2,2
REYES,diagnostico de egreso,neumonias en menores de 5 anos,2009-02-01,9,9
RIBERALTA,diagnostico de egreso,neumonias en menores de 5 anos,2009-02-01,6,6
ROBORE,diagnostico de egreso,neumonias en menores de 5 anos,2009-02-01,1,1
RURRENABAQUE,diagnostico de egreso,neumonias en menores de 5 anos,2009-02-01,1,1
SACABA,diagnostico de egreso,neumonias en menores de 5 anos,2009-02-01,7,7
SACACA,diagnostico de egreso,neumonias en menores de 5 anos,2009-02-01,1,1
SAN BORJA,diagnostico de egreso,neumonias en menores de 5 anos,2009-02-01,1,1
SAN CARLOS,diagnostico de egreso,neumonias en menores de 5 anos,2009-02-01,16,16
SAN IGNACIO DE VELASCO,diagnostico de egreso,neumonias en menores de 5 anos,2009-02-01,14,14
SAN JOAQUIN,diagnostico de egreso,neumonias en menores de 5 anos,2009-02-01,1,1
SAN JULIAN,diagnostico de egreso,neumonias en menores de 5 anos,2009-02-01,5,5
SAN MATIAS,diagnostico de egreso,neumonias en menores de 5 anos,2009-02-01,2,2
SAN RAMON,diagnostico de egreso,neumonias en menores de 5 anos,2009-02-01,3,3
SANTA CRUZ DE LA SIERRA,diagnostico de egreso,neumonias en menores de 5 anos,2009-02-01,45,45
SANTA ROSA,diagnostico de egreso,neumonias en menores de 5 anos,2009-02-01,2,2
SOPACHUY,diagnostico de egreso,neumonias en menores de 5 anos,2009-02-01,1,1
SORATA,diagnostico de egreso,neumonias en menores de 5 anos,2009-02-01,1,1
SUCRE,diagnostico de egreso,neumonias en menores de 5 anos,2009-02-01,33,33
TARABUCO,diagnostico de egreso,neumonias en menores de 5 anos,2009-02-01,1,1
TARIJA,diagnostico de egreso,neumonias en menores de 5 anos,2009-02-01,9,9
TIQUIPAYA,diagnostico de egreso,neumonias en menores de 5 anos,2009-02-01,2,2
TIRAQUE (CBBA),diagnostico de egreso,neumonias en menores de 5 anos,2009-02-01,8,8
TRINIDAD,diagnostico de egreso,neumonias en menores de 5 anos,2009-02-01,14,14
TUPIZA,diagnostico de egreso,neumonias en menores de 5 anos,2009-02-01,11,11
VALLEGRANDE,diagnostico de egreso,neumonias en menores de 5 anos,2009-02-01,3,3
VILLA MONTES,diagnostico de egreso,neumonias en menores de 5 anos,2009-02-01,8,8
VILLA TUNARI,diagnostico de egreso,neumonias en menores de 5 anos,2009-02-01,18,18
VILLAZON,diagnostico de egreso,neumonias en menores de 5 anos,2009-02-01,1,1
VINTO,diagnostico de egreso,neumonias en menores de 5 anos,2009-02-01,1,1
WARNES,diagnostico de egreso,neumonias en menores de 5 anos,2009-02-01,6,6
YACUIBA,diagnostico de egreso,neumonias en menores de 5 anos,2009-02-01,3,3
YAPACANI,diagnostico de egreso,neumonias en menores de 5 anos,2009-02-01,11,11
AIQUILE,diagnostico de egreso,neumonias en menores de 5 anos,2009-03-01,3,3
ASCENCION DE GUARAYOS,diagnostico de egreso,neumonias en menores de 5 anos,2009-03-01,39,39
AYOPAYA (V. DE INDEPENDENCIA),diagnostico de egreso,neumonias en menores de 5 anos,2009-03-01,1,1
BAURES,diagnostico de egreso,neumonias en menores de 5 anos,2009-03-01,1,1
BERMEJO,diagnostico de egreso,neumonias en menores de 5 anos,2009-03-01,5,5
BOYUIBE,diagnostico de egreso,neumonias en menores de 5 anos,2009-03-01,2,2
CABEZAS,diagnostico de egreso,neumonias en menores de 5 anos,2009-03-01,10,10
CAMARGO,diagnostico de egreso,neumonias en menores de 5 anos,2009-03-01,2,2
CAMIRI,diagnostico de egreso,neumonias en menores de 5 anos,2009-03-01,23,23
CARANAVI,diagnostico de egreso,neumonias en menores de 5 anos,2009-03-01,8,8
CARMEN RIVERO TORREZ,diagnostico de egreso,neumonias en menores de 5 anos,2009-03-01,29,29
CHALLAPATA,diagnostico de egreso,neumonias en menores de 5 anos,2009-03-01,1,1
CHARAGUA,diagnostico de egreso,neumonias en menores de 5 anos,2009-03-01,7,7
CLIZA,diagnostico de egreso,neumonias en menores de 5 anos,2009-03-01,1,1
COBIJA,diagnostico de egreso,neumonias en menores de 5 anos,2009-03-01,24,24
COCHABAMBA,diagnostico de egreso,neumonias en menores de 5 anos,2009-03-01,138,138
COLCAPIRHUA,diagnostico de egreso,neumonias en menores de 5 anos,2009-03-01,1,1
COMARAPA,diagnostico de egreso,neumonias en menores de 5 anos,2009-03-01,6,6
CONCEPCION,diagnostico de egreso,neumonias en menores de 5 anos,2009-03-01,2,2
COROICO,diagnostico de egreso,neumonias en menores de 5 anos,2009-03-01,3,3
COTOCA,diagnostico de egreso,neumonias en menores de 5 anos,2009-03-01,6,6
CULPINA,diagnostico de egreso,neumonias en menores de 5 anos,2009-03-01,2,2
EL ALTO,diagnostico de egreso,neumonias en menores de 5 anos,2009-03-01,81,81
EL TORNO,diagnostico de egreso,neumonias en menores de 5 anos,2009-03-01,5,5
GUANAY,diagnostico de egreso,neumonias en menores de 5 anos,2009-03-01,2,2
GUAYARAMERIN,diagnostico de egreso,neumonias en menores de 5 anos,2009-03-01,7,7
GUTIERREZ,diagnostico de egreso,neumonias en menores de 5 anos,2009-03-01,1,1
HUANUNI,diagnostico de egreso,neumonias en menores de 5 anos,2009-03-01,1,1
LA ASUNTA,diagnostico de egreso,neumonias en menores de 5 anos,2009-03-01,4,4
LA GUARDIA,diagnostico de egreso,neumonias en menores de 5 anos,2009-03-01,19,19
LA PAZ,diagnostico de egreso,neumonias en menores de 5 anos,2009-03-01,89,89
LLALLAGUA,diagnostico de egreso,neumonias en menores de 5 anos,2009-03-01,3,3
MAIRANA,diagnostico de egreso,neumonias en menores de 5 anos,2009-03-01,4,4
MONTEAGUDO,diagnostico de egreso,neumonias en menores de 5 anos,2009-03-01,11,11
MONTERO,diagnostico de egreso,neumonias en menores de 5 anos,2009-03-01,108,108
OCURI,diagnostico de egreso,neumonias en menores de 5 anos,2009-03-01,1,1
ORURO,diagnostico de egreso,neumonias en menores de 5 anos,2009-03-01,18,18
PADILLA,diagnostico de egreso,neumonias en menores de 5 anos,2009-03-01,5,5
PAILON,diagnostico de egreso,neumonias en menores de 5 anos,2009-03-01,1,1
PALOS BLANCOS,diagnostico de egreso,neumonias en menores de 5 anos,2009-03-01,3,3
PORONGO,diagnostico de egreso,neumonias en menores de 5 anos,2009-03-01,5,5
PORTACHUELO,diagnostico de egreso,neumonias en menores de 5 anos,2009-03-01,9,9
POTOSI,diagnostico de egreso,neumonias en menores de 5 anos,2009-03-01,26,26
PUERTO ACOSTA,diagnostico de egreso,neumonias en menores de 5 anos,2009-03-01,3,3
PUERTO RICO,diagnostico de egreso,neumonias en menores de 5 anos,2009-03-01,1,1
PUERTO VILLARROEL,diagnostico de egreso,neumonias en menores de 5 anos,2009-03-01,23,23
PUNATA,diagnostico de egreso,neumonias en menores de 5 anos,2009-03-01,10,10
QUILLACOLLO,diagnostico de egreso,neumonias en menores de 5 anos,2009-03-01,22,22
REYES,diagnostico de egreso,neumonias en menores de 5 anos,2009-03-01,18,18
RIBERALTA,diagnostico de egreso,neumonias en menores de 5 anos,2009-03-01,8,8
ROBORE,diagnostico de egreso,neumonias en menores de 5 anos,2009-03-01,7,7
RURRENABAQUE,diagnostico de egreso,neumonias en menores de 5 anos,2009-03-01,7,7
SACABA,diagnostico de egreso,neumonias en menores de 5 anos,2009-03-01,24,24
SAN BORJA,diagnostico de egreso,neumonias en menores de 5 anos,2009-03-01,2,2
SAN CARLOS,diagnostico de egreso,neumonias en menores de 5 anos,2009-03-01,26,26
SAN IGNACIO,diagnostico de egreso,neumonias en menores de 5 anos,2009-03-01,3,3
SAN IGNACIO DE VELASCO,diagnostico de egreso,neumonias en menores de 5 anos,2009-03-01,33,33
SAN JOSE DE CHIQUITOS,diagnostico de egreso,neumonias en menores de 5 anos,2009-03-01,1,1
SAN JULIAN,diagnostico de egreso,neumonias en menores de 5 anos,2009-03-01,13,13
SAN LORENZO(PND),diagnostico de egreso,neumonias en menores de 5 anos,2009-03-01,8,8
SAN MATIAS,diagnostico de egreso,neumonias en menores de 5 anos,2009-03-01,4,4
SAN RAMON,diagnostico de egreso,neumonias en menores de 5 anos,2009-03-01,6,6
SANTA ANA,diagnostico de egreso,neumonias en menores de 5 anos,2009-03-01,4,4
SANTA CRUZ DE LA SIERRA,diagnostico de egreso,neumonias en menores de 5 anos,2009-03-01,451,451
SANTA ROSA,diagnostico de egreso,neumonias en menores de 5 anos,2009-03-01,2,2
SUCRE,diagnostico de egreso,neumonias en menores de 5 anos,2009-03-01,57,57
TARABUCO,diagnostico de egreso,neumonias en menores de 5 anos,2009-03-01,2,2
TARIJA,diagnostico de egreso,neumonias en menores de 5 anos,2009-03-01,7,7
TARVITA,diagnostico de egreso,neumonias en menores de 5 anos,2009-03-01,3,3
TIPUANI,diagnostico de egreso,neumonias en menores de 5 anos,2009-03-01,1,1
TIQUIPAYA,diagnostico de egreso,neumonias en menores de 5 anos,2009-03-01,21,21
TIRAQUE (CBBA),diagnostico de egreso,neumonias en menores de 5 anos,2009-03-01,32,32
TOLEDO,diagnostico de egreso,neumonias en menores de 5 anos,2009-03-01,2,2
TOMINA,diagnostico de egreso,neumonias en menores de 5 anos,2009-03-01,1,1
TRINIDAD,diagnostico de egreso,neumonias en menores de 5 anos,2009-03-01,34,34
TUPIZA,diagnostico de egreso,neumonias en menores de 5 anos,2009-03-01,14,14
UNCIA,diagnostico de egreso,neumonias en menores de 5 anos,2009-03-01,11,11
VALLEGRANDE,diagnostico de egreso,neumonias en menores de 5 anos,2009-03-01,4,4
VIACHA,diagnostico de egreso,neumonias en menores de 5 anos,2009-03-01,1,1
VILLA MONTES,diagnostico de egreso,neumonias en menores de 5 anos,2009-03-01,15,15
VILLA TUNARI,diagnostico de egreso,neumonias en menores de 5 anos,2009-03-01,40,40
VILLA VACA GUZMAN (MUYUPAMPA),diagnostico de egreso,neumonias en menores de 5 anos,2009-03-01,2,2
VILLAZON,diagnostico de egreso,neumonias en menores de 5 anos,2009-03-01,1,1
VINTO,diagnostico de egreso,neumonias en menores de 5 anos,2009-03-01,3,3
WARNES,diagnostico de egreso,neumonias en menores de 5 anos,2009-03-01,4,4
YACUIBA,diagnostico de egreso,neumonias en menores de 5 anos,2009-03-01,11,11
YAPACANI,diagnostico de egreso,neumonias en menores de 5 anos,2009-03-01,30,30
YOTALA,diagnostico de egreso,neumonias en menores de 5 anos,2009-03-01,1,1
ZUDAÑEZ,diagnostico de egreso,neumonias en menores de 5 anos,2009-03-01,1,1
AIQUILE,diagnostico de egreso,neumonias en menores de 5 anos,2009-04-01,13,13
ATOCHA,diagnostico de egreso,neumonias en menores de 5 anos,2009-04-01,2,2
AYOPAYA (V. DE INDEPENDENCIA),diagnostico de egreso,neumonias en menores de 5 anos,2009-04-01,1,1
BAURES,diagnostico de egreso,neumonias en menores de 5 anos,2009-04-01,3,3
BERMEJO,diagnostico de egreso,neumonias en menores de 5 anos,2009-04-01,7,7
BETANZOS,diagnostico de egreso,neumonias en menores de 5 anos,2009-04-01,1,1
BOYUIBE,diagnostico de egreso,neumonias en menores de 5 anos,2009-04-01,1,1
CABEZAS,diagnostico de egreso,neumonias en menores de 5 anos,2009-04-01,4,4
CAJUATA,diagnostico de egreso,neumonias en menores de 5 anos,2009-04-01,1,1
CAMIRI,diagnostico de egreso,neumonias en menores de 5 anos,2009-04-01,25,25
CARANAVI,diagnostico de egreso,neumonias en menores de 5 anos,2009-04-01,10,10
CARMEN RIVERO TORREZ,diagnostico de egreso,neumonias en menores de 5 anos,2009-04-01,9,9
CHALLAPATA,diagnostico de egreso,neumonias en menores de 5 anos,2009-04-01,1,1
CHARAGUA,diagnostico de egreso,neumonias en menores de 5 anos,2009-04-01,18,18
CLIZA,diagnostico de egreso,neumonias en menores de 5 anos,2009-04-01,4,4
COBIJA,diagnostico de egreso,neumonias en menores de 5 anos,2009-04-01,42,42
COCHABAMBA,diagnostico de egreso,neumonias en menores de 5 anos,2009-04-01,251,251
COLCAPIRHUA,diagnostico de egreso,neumonias en menores de 5 anos,2009-04-01,5,5
COMARAPA,diagnostico de egreso,neumonias en menores de 5 anos,2009-04-01,5,5
CONCEPCION,diagnostico de egreso,neumonias en menores de 5 anos,2009-04-01,9,9
COROICO,diagnostico de egreso,neumonias en menores de 5 anos,2009-04-01,8,8
COTOCA,diagnostico de egreso,neumonias en menores de 5 anos,2009-04-01,4,4
CULPINA,diagnostico de egreso,neumonias en menores de 5 anos,2009-04-01,1,1
EL ALTO,diagnostico de egreso,neumonias en menores de 5 anos,2009-04-01,106,106
EL TORNO,diagnostico de egreso,neumonias en menores de 5 anos,2009-04-01,6,6
ENTRE RIOS,diagnostico de egreso,neumonias en menores de 5 anos,2009-04-01,4,4
FILADELFIA,diagnostico de egreso,neumonias en menores de 5 anos,2009-04-01,2,2
GRAL. J.J. PEREZ (CHARAZANI),diagnostico de egreso,neumonias en menores de 5 anos,2009-04-01,1,1
GUANAY,diagnostico de egreso,neumonias en menores de 5 anos,2009-04-01,2,2
GUAYARAMERIN,diagnostico de egreso,neumonias en menores de 5 anos,2009-04-01,22,22
HUANUNI,diagnostico de egreso,neumonias en menores de 5 anos,2009-04-01,1,1
LA ASUNTA,diagnostico de egreso,neumonias en menores de 5 anos,2009-04-01,3,3
LA GUARDIA,diagnostico de egreso,neumonias en menores de 5 anos,2009-04-01,19,19
LA PAZ,diagnostico de egreso,neumonias en menores de 5 anos,2009-04-01,119,119
LLALLAGUA,diagnostico de egreso,neumonias en menores de 5 anos,2009-04-01,22,22
MAGDALENA,diagnostico de egreso,neumonias en menores de 5 anos,2009-04-01,2,2
MAIRANA,diagnostico de egreso,neumonias en menores de 5 anos,2009-04-01,5,5
MIZQUE,diagnostico de egreso,neumonias en menores de 5 anos,2009-04-01,8,8
MONTEAGUDO,diagnostico de egreso,neumonias en menores de 5 anos,2009-04-01,29,29
MONTERO,diagnostico de egreso,neumonias en menores de 5 anos,2009-04-01,92,92
ORURO,diagnostico de egreso,neumonias en menores de 5 anos,2009-04-01,51,51
PADILLA,diagnostico de egreso,neumonias en menores de 5 anos,2009-04-01,12,12
PAILON,diagnostico de egreso,neumonias en menores de 5 anos,2009-04-01,1,1
PALOS BLANCOS,diagnostico de egreso,neumonias en menores de 5 anos,2009-04-01,4,4
PATACAMAYA,diagnostico de egreso,neumonias en menores de 5 anos,2009-04-01,2,2
PORTACHUELO,diagnostico de egreso,neumonias en menores de 5 anos,2009-04-01,3,3
POTOSI,diagnostico de egreso,neumonias en menores de 5 anos,2009-04-01,51,51
PRESTO,diagnostico de egreso,neumonias en menores de 5 anos,2009-04-01,3,3
PUERTO ACOSTA,diagnostico de egreso,neumonias en menores de 5 anos,2009-04-01,2,2
PUERTO RICO,diagnostico de egreso,neumonias en menores de 5 anos,2009-04-01,7,7
PUERTO SUAREZ,diagnostico de egreso,neumonias en menores de 5 anos,2009-04-01,8,8
PUERTO VILLARROEL,diagnostico de egreso,neumonias en menores de 5 anos,2009-04-01,11,11
PUNATA,diagnostico de egreso,neumonias en menores de 5 anos,2009-04-01,33,33
QUILLACOLLO,diagnostico de egreso,neumonias en menores de 5 anos,2009-04-01,28,28
REYES,diagnostico de egreso,neumonias en menores de 5 anos,2009-04-01,26,26
RIBERALTA,diagnostico de egreso,neumonias en menores de 5 anos,2009-04-01,29,29
ROBORE,diagnostico de egreso,neumonias en menores de 5 anos,2009-04-01,10,10
RURRENABAQUE,diagnostico de egreso,neumonias en menores de 5 anos,2009-04-01,26,26
SACABA,diagnostico de egreso,neumonias en menores de 5 anos,2009-04-01,36,36
SAMAIPATA,diagnostico de egreso,neumonias en menores de 5 anos,2009-04-01,2,2
SAN BORJA,diagnostico de egreso,neumonias en menores de 5 anos,2009-04-01,1,1
SAN CARLOS,diagnostico de egreso,neumonias en menores de 5 anos,2009-04-01,13,13
SAN IGNACIO,diagnostico de egreso,neumonias en menores de 5 anos,2009-04-01,2,2
SAN IGNACIO DE VELASCO,diagnostico de egreso,neumonias en menores de 5 anos,2009-04-01,66,66
SAN JOAQUIN,diagnostico de egreso,neumonias en menores de 5 anos,2009-04-01,2,2
SAN JOSE DE CHIQUITOS,diagnostico de egreso,neumonias en menores de 5 anos,2009-04-01,2,2
SAN JULIAN,diagnostico de egreso,neumonias en menores de 5 anos,2009-04-01,5,5
SAN LORENZO(PND),diagnostico de egreso,neumonias en menores de 5 anos,2009-04-01,3,3
SAN LUCAS,diagnostico de egreso,neumonias en menores de 5 anos,2009-04-01,1,1
SAN MATIAS,diagnostico de egreso,neumonias en menores de 5 anos,2009-04-01,8,8
SAN MIGUEL DE VELASCO,diagnostico de egreso,neumonias en menores de 5 anos,2009-04-01,6,6
SAN RAMON,diagnostico de egreso,neumonias en menores de 5 anos,2009-04-01,1,1
SAN RAMON,diagnostico de egreso,neumonias en menores de 5 anos,2009-04-01,17,17
SANTA ANA,diagnostico de egreso,neumonias en menores de 5 anos,2009-04-01,8,8
SANTA CRUZ DE LA SIERRA,diagnostico de egreso,neumonias en menores de 5 anos,2009-04-01,917,917
SANTA ROSA,diagnostico de egreso,neumonias en menores de 5 anos,2009-04-01,5,5
SOPACHUY,diagnostico de egreso,neumonias en menores de 5 anos,2009-04-01,3,3
SUCRE,diagnostico de egreso,neumonias en menores de 5 anos,2009-04-01,142,142
TARABUCO,diagnostico de egreso,neumonias en menores de 5 anos,2009-04-01,8,8
TARIJA,diagnostico de egreso,neumonias en menores de 5 anos,2009-04-01,38,38
TARVITA,diagnostico de egreso,neumonias en menores de 5 anos,2009-04-01,1,1
TIPUANI,diagnostico de egreso,neumonias en menores de 5 anos,2009-04-01,1,1
TIQUIPAYA,diagnostico de egreso,neumonias en menores de 5 anos,2009-04-01,18,18
TIRAQUE (CBBA),diagnostico de egreso,neumonias en menores de 5 anos,2009-04-01,53,53
TOMINA,diagnostico de egreso,neumonias en menores de 5 anos,2009-04-01,3,3
TRINIDAD,diagnostico de egreso,neumonias en menores de 5 anos,2009-04-01,42,42
TUPIZA,diagnostico de egreso,neumonias en menores de 5 anos,2009-04-01,18,18
UNCIA,diagnostico de egreso,neumonias en menores de 5 anos,2009-04-01,2,2
VALLEGRANDE,diagnostico de egreso,neumonias en menores de 5 anos,2009-04-01,8,8
VILLA MONTES,diagnostico de egreso,neumonias en menores de 5 anos,2009-04-01,23,23
VILLA TUNARI,diagnostico de egreso,neumonias en menores de 5 anos,2009-04-01,68,68
VILLA VACA GUZMAN (MUYUPAMPA),diagnostico de egreso,neumonias en menores de 5 anos,2009-04-01,2,2
VILLAZON,diagnostico de egreso,neumonias en menores de 5 anos,2009-04-01,6,6
VINTO,diagnostico de egreso,neumonias en menores de 5 anos,2009-04-01,9,9
WARNES,diagnostico de egreso,neumonias en menores de 5 anos,2009-04-01,8,8
YACUIBA,diagnostico de egreso,neumonias en menores de 5 anos,2009-04-01,73,73
YAMPARAEZ,diagnostico de egreso,neumonias en menores de 5 anos,2009-04-01,3,3
YAPACANI,diagnostico de egreso,neumonias en menores de 5 anos,2009-04-01,16,16
ZUDAÑEZ,diagnostico de egreso,neumonias en menores de 5 anos,2009-04-01,5,5
AIQUILE,diagnostico de egreso,neumonias en menores de 5 anos,2009-05-01,5,5
APOLO,diagnostico de egreso,neumonias en menores de 5 anos,2009-05-01,1,1
ASCENCION DE GUARAYOS,diagnostico de egreso,neumonias en menores de 5 anos,2009-05-01,9,9
ATOCHA,diagnostico de egreso,neumonias en menores de 5 anos,2009-05-01,7,7
AYOPAYA (V. DE INDEPENDENCIA),diagnostico de egreso,neumonias en menores de 5 anos,2009-05-01,9,9
BAURES,diagnostico de egreso,neumonias en menores de 5 anos,2009-05-01,1,1
BERMEJO,diagnostico de egreso,neumonias en menores de 5 anos,2009-05-01,9,9
BETANZOS,diagnostico de egreso,neumonias en menores de 5 anos,2009-05-01,1,1
CAMARGO,diagnostico de egreso,neumonias en menores de 5 anos,2009-05-01,13,13
CAMIRI,diagnostico de egreso,neumonias en menores de 5 anos,2009-05-01,23,23
CARANAVI,diagnostico de egreso,neumonias en menores de 5 anos,2009-05-01,7,7
CARMEN RIVERO TORREZ,diagnostico de egreso,neumonias en menores de 5 anos,2009-05-01,4,4
CHALLAPATA,diagnostico de egreso,neumonias en menores de 5 anos,2009-05-01,5,5
CHARAGUA,diagnostico de egreso,neumonias en menores de 5 anos,2009-05-01,9,9
CHULUMANI (V. DE LA LIBERTAD),diagnostico de egreso,neumonias en menores de 5 anos,2009-05-01,3,3
CHUMA,diagnostico de egreso,neumonias en menores de 5 anos,2009-05-01,2,2
CLIZA,diagnostico de egreso,neumonias en menores de 5 anos,2009-05-01,5,5
COBIJA,diagnostico de egreso,neumonias en menores de 5 anos,2009-05-01,34,34
COCHABAMBA,diagnostico de egreso,neumonias en menores de 5 anos,2009-05-01,127,127
COLCAPIRHUA,diagnostico de egreso,neumonias en menores de 5 anos,2009-05-01,3,3
COLQUIRI,diagnostico de egreso,neumonias en menores de 5 anos,2009-05-01,1,1
COMARAPA,diagnostico de egreso,neumonias en menores de 5 anos,2009-05-01,5,5
COROICO,diagnostico de egreso,neumonias en menores de 5 anos,2009-05-01,3,3
COTOCA,diagnostico de egreso,neumonias en menores de 5 anos,2009-05-01,1,1
CULPINA,diagnostico de egreso,neumonias en menores de 5 anos,2009-05-01,2,2
EL ALTO,diagnostico de egreso,neumonias en menores de 5 anos,2009-05-01,98,98
ENTRE RIOS,diagnostico de egreso,neumonias en menores de 5 anos,2009-05-01,2,2
FERNANDEZ ALONSO,diagnostico de egreso,neumonias en menores de 5 anos,2009-05-01,3,3
GUANAY,diagnostico de egreso,neumonias en menores de 5 anos,2009-05-01,2,2
GUAYARAMERIN,diagnostico de egreso,neumonias en menores de 5 anos,2009-05-01,20,20
HUANUNI,diagnostico de egreso,neumonias en menores de 5 anos,2009-05-01,5,5
JESUS DE MACHACA,diagnostico de egreso,neumonias en menores de 5 anos,2009-05-01,1,1
LA ASUNTA,diagnostico de egreso,neumonias en menores de 5 anos,2009-05-01,8,8
LA GUARDIA,diagnostico de egreso,neumonias en menores de 5 anos,2009-05-01,2,2
LA PAZ,diagnostico de egreso,neumonias en menores de 5 anos,2009-05-01,109,109
LLALLAGUA,diagnostico de egreso,neumonias en menores de 5 anos,2009-05-01,18,18
MACHARETI,diagnostico de egreso,neumonias en menores de 5 anos,2009-05-01,2,2
MAGDALENA,diagnostico de egreso,neumonias en menores de 5 anos,2009-05-01,1,1
MAIRANA,diagnostico de egreso,neumonias en menores de 5 anos,2009-05-01,1,1
MIZQUE,diagnostico de egreso,neumonias en menores de 5 anos,2009-05-01,3,3
MONTEAGUDO,diagnostico de egreso,neumonias en menores de 5 anos,2009-05-01,6,6
MONTERO,diagnostico de egreso,neumonias en menores de 5 anos,2009-05-01,39,39
OCURI,diagnostico de egreso,neumonias en menores de 5 anos,2009-05-01,2,2
ORURO,diagnostico de egreso,neumonias en menores de 5 anos,2009-05-01,45,45
PADILLA,diagnostico de egreso,neumonias en menores de 5 anos,2009-05-01,4,4
PAILON,diagnostico de egreso,neumonias en menores de 5 anos,2009-05-01,1,1
PALOS BLANCOS,diagnostico de egreso,neumonias en menores de 5 anos,2009-05-01,12,12
PATACAMAYA,diagnostico de egreso,neumonias en menores de 5 anos,2009-05-01,3,3
POROMA,diagnostico de egreso,neumonias en menores de 5 anos,2009-05-01,1,1
PORTACHUELO,diagnostico de egreso,neumonias en menores de 5 anos,2009-05-01,3,3
POTOSI,diagnostico de egreso,neumonias en menores de 5 anos,2009-05-01,65,65
PUERTO ACOSTA,diagnostico de egreso,neumonias en menores de 5 anos,2009-05-01,1,1
PUERTO RICO,diagnostico de egreso,neumonias en menores de 5 anos,2009-05-01,2,2
PUERTO SUAREZ,diagnostico de egreso,neumonias en menores de 5 anos,2009-05-01,2,2
PUERTO VILLARROEL,diagnostico de egreso,neumonias en menores de 5 anos,2009-05-01,15,15
PUNATA,diagnostico de egreso,neumonias en menores de 5 anos,2009-05-01,18,18
QUILLACOLLO,diagnostico de egreso,neumonias en menores de 5 anos,2009-05-01,13,13
REYES,diagnostico de egreso,neumonias en menores de 5 anos,2009-05-01,21,21
RIBERALTA,diagnostico de egreso,neumonias en menores de 5 anos,2009-05-01,20,20
ROBORE,diagnostico de egreso,neumonias en menores de 5 anos,2009-05-01,7,7
RURRENABAQUE,diagnostico de egreso,neumonias en menores de 5 anos,2009-05-01,13,13
SACABA,diagnostico de egreso,neumonias en menores de 5 anos,2009-05-01,15,15
SACABAMBA,diagnostico de egreso,neumonias en menores de 5 anos,2009-05-01,1,1
SACACA,diagnostico de egreso,neumonias en menores de 5 anos,2009-05-01,2,2
SAMAIPATA,diagnostico de egreso,neumonias en menores de 5 anos,2009-05-01,1,1
SAN BORJA,diagnostico de egreso,neumonias en menores de 5 anos,2009-05-01,4,4
SAN CARLOS,diagnostico de egreso,neumonias en menores de 5 anos,2009-05-01,9,9
SAN IGNACIO,diagnostico de egreso,neumonias en menores de 5 anos,2009-05-01,1,1
SAN IGNACIO DE VELASCO,diagnostico de egreso,neumonias en menores de 5 anos,2009-05-01,40,40
SAN JOSE DE CHIQUITOS,diagnostico de egreso,neumonias en menores de 5 anos,2009-05-01,7,7
SAN JULIAN,diagnostico de egreso,neumonias en menores de 5 anos,2009-05-01,3,3
SAN LUCAS,diagnostico de egreso,neumonias en menores de 5 anos,2009-05-01,43,43
SAN MATIAS,diagnostico de egreso,neumonias en menores de 5 anos,2009-05-01,11,11
SAN MIGUEL DE VELASCO,diagnostico de egreso,neumonias en menores de 5 anos,2009-05-01,2,2
SAN RAMON,diagnostico de egreso,neumonias en menores de 5 anos,2009-05-01,2,2
SAN RAMON,diagnostico de egreso,neumonias en menores de 5 anos,2009-05-01,4,4
SANTA ANA,diagnostico de egreso,neumonias en menores de 5 anos,2009-05-01,1,1
SANTA CRUZ DE LA SIERRA,diagnostico de egreso,neumonias en menores de 5 anos,2009-05-01,102,102
SENA,diagnostico de egreso,neumonias en menores de 5 anos,2009-05-01,1,1
SICA SICA (VILLA AROMA),diagnostico de egreso,neumonias en menores de 5 anos,2009-05-01,3,3
SOPACHUY,diagnostico de egreso,neumonias en menores de 5 anos,2009-05-01,4,4
SUCRE,diagnostico de egreso,neumonias en menores de 5 anos,2009-05-01,95,95
TARABUCO,diagnostico de egreso,neumonias en menores de 5 anos,2009-05-01,5,5
TARIJA,diagnostico de egreso,neumonias en menores de 5 anos,2009-05-01,49,49
TARVITA,diagnostico de egreso,neumonias en menores de 5 anos,2009-05-01,2,2
TIPUANI,diagnostico de egreso,neumonias en menores de 5 anos,2009-05-01,1,1
TIQUIPAYA,diagnostico de egreso,neumonias en menores de 5 anos,2009-05-01,12,12
TIRAQUE (CBBA),diagnostico de egreso,neumonias en menores de 5 anos,2009-05-01,31,31
TOLEDO,diagnostico de egreso,neumonias en menores de 5 anos,2009-05-01,1,1
TRINIDAD,diagnostico de egreso,neumonias en menores de 5 anos,2009-05-01,16,16
TUPIZA,diagnostico de egreso,neumonias en menores de 5 anos,2009-05-01,29,29
UNCIA,diagnostico de egreso,neumonias en menores de 5 anos,2009-05-01,3,3
VALLEGRANDE,diagnostico de egreso,neumonias en menores de 5 anos,2009-05-01,8,8
VILLA MONTES,diagnostico de egreso,neumonias en menores de 5 anos,2009-05-01,28,28
VILLA TUNARI,diagnostico de egreso,neumonias en menores de 5 anos,2009-05-01,26,26
VILLAZON,diagnostico de egreso,neumonias en menores de 5 anos,2009-05-01,21,21
VINTO,diagnostico de egreso,neumonias en menores de 5 anos,2009-05-01,11,11
WARNES,diagnostico de egreso,neumonias en menores de 5 anos,2009-05-01,11,11
YACUIBA,diagnostico de egreso,neumonias en menores de 5 anos,2009-05-01,50,50
YAPACANI,diagnostico de egreso,neumonias en menores de 5 anos,2009-05-01,8,8
ZUDAÑEZ,diagnostico de egreso,neumonias en menores de 5 anos,2009-05-01,2,2
AIQUILE,diagnostico de egreso,neumonias en menores de 5 anos,2009-06-01,1,1
APOLO,diagnostico de egreso,neumonias en menores de 5 anos,2009-06-01,1,1
ASCENCION DE GUARAYOS,diagnostico de egreso,neumonias en menores de 5 anos,2009-06-01,7,7
ATOCHA,diagnostico de egreso,neumonias en menores de 5 anos,2009-06-01,4,4
AYOPAYA (V. DE INDEPENDENCIA),diagnostico de egreso,neumonias en menores de 5 anos,2009-06-01,11,11
BERMEJO,diagnostico de egreso,neumonias en menores de 5 anos,2009-06-01,19,19
BETANZOS,diagnostico de egreso,neumonias en menores de 5 anos,2009-06-01,1,1
BOYUIBE,diagnostico de egreso,neumonias en menores de 5 anos,2009-06-01,2,2
CAMARGO,diagnostico de egreso,neumonias en menores de 5 anos,2009-06-01,7,7
CAMIRI,diagnostico de egreso,neumonias en menores de 5 anos,2009-06-01,14,14
CARANAVI,diagnostico de egreso,neumonias en menores de 5 anos,2009-06-01,7,7
CARMEN RIVERO TORREZ,diagnostico de egreso,neumonias en menores de 5 anos,2009-06-01,10,10
CHALLAPATA,diagnostico de egreso,neumonias en menores de 5 anos,2009-06-01,3,3
CHARAGUA,diagnostico de egreso,neumonias en menores de 5 anos,2009-06-01,4,4
CLIZA,diagnostico de egreso,neumonias en menores de 5 anos,2009-06-01,3,3
COBIJA,diagnostico de egreso,neumonias en menores de 5 anos,2009-06-01,20,20
COCHABAMBA,diagnostico de egreso,neumonias en menores de 5 anos,2009-06-01,110,110
COLQUIRI,diagnostico de egreso,neumonias en menores de 5 anos,2009-06-01,1,1
COMARAPA,diagnostico de egreso,neumonias en menores de 5 anos,2009-06-01,1,1
CONCEPCION,diagnostico de egreso,neumonias en menores de 5 anos,2009-06-01,1,1
COROICO,diagnostico de egreso,neumonias en menores de 5 anos,2009-06-01,5,5
COTAGAITA,diagnostico de egreso,neumonias en menores de 5 anos,2009-06-01,2,2
CULPINA,diagnostico de egreso,neumonias en menores de 5 anos,2009-06-01,4,4
EL ALTO,diagnostico de egreso,neumonias en menores de 5 anos,2009-06-01,36,36
EL TORNO,diagnostico de egreso,neumonias en menores de 5 anos,2009-06-01,4,4
ENTRE RIOS,diagnostico de egreso,neumonias en menores de 5 anos,2009-06-01,5,5
FERNANDEZ ALONSO,diagnostico de egreso,neumonias en menores de 5 anos,2009-06-01,4,4
GUAYARAMERIN,diagnostico de egreso,neumonias en menores de 5 anos,2009-06-01,21,21
GUTIERREZ,diagnostico de egreso,neumonias en menores de 5 anos,2009-06-01,1,1
HUANUNI,diagnostico de egreso,neumonias en menores de 5 anos,2009-06-01,8,8
INCAHUASI,diagnostico de egreso,neumonias en menores de 5 anos,2009-06-01,1,1
IRUPANA (VILLA DE LANZA),diagnostico de egreso,neumonias en menores de 5 anos,2009-06-01,1,1
LA GUARDIA,diagnostico de egreso,neumonias en menores de 5 anos,2009-06-01,6,6
LA PAZ,diagnostico de egreso,neumonias en menores de 5 anos,2009-06-01,55,55
LAGUNILLAS,diagnostico de egreso,neumonias en menores de 5 anos,2009-06-01,1,1
LLALLAGUA,diagnostico de egreso,neumonias en menores de 5 anos,2009-06-01,14,14
MAIRANA,diagnostico de egreso,neumonias en menores de 5 anos,2009-06-01,1,1
MIZQUE,diagnostico de egreso,neumonias en menores de 5 anos,2009-06-01,7,7
MONTEAGUDO,diagnostico de egreso,neumonias en menores de 5 anos,2009-06-01,7,7
MONTERO,diagnostico de egreso,neumonias en menores de 5 anos,2009-06-01,31,31
ORURO,diagnostico de egreso,neumonias en menores de 5 anos,2009-06-01,26,26
PADILLA,diagnostico de egreso,neumonias en menores de 5 anos,2009-06-01,5,5
PALOS BLANCOS,diagnostico de egreso,neumonias en menores de 5 anos,2009-06-01,3,3
PATACAMAYA,diagnostico de egreso,neumonias en menores de 5 anos,2009-06-01,5,5
PORTACHUELO,diagnostico de egreso,neumonias en menores de 5 anos,2009-06-01,2,2
POTOSI,diagnostico de egreso,neumonias en menores de 5 anos,2009-06-01,57,57
PUERTO ACOSTA,diagnostico de egreso,neumonias en menores de 5 anos,2009-06-01,8,8
PUERTO RICO,diagnostico de egreso,neumonias en menores de 5 anos,2009-06-01,1,1
PUERTO SUAREZ,diagnostico de egreso,neumonias en menores de 5 anos,2009-06-01,1,1
PUERTO VILLARROEL,diagnostico de egreso,neumonias en menores de 5 anos,2009-06-01,6,6
PUNATA,diagnostico de egreso,neumonias en menores de 5 anos,2009-06-01,13,13
QUILLACOLLO,diagnostico de egreso,neumonias en menores de 5 anos,2009-06-01,14,14
REYES,diagnostico de egreso,neumonias en menores de 5 anos,2009-06-01,22,22
RIBERALTA,diagnostico de egreso,neumonias en menores de 5 anos,2009-06-01,11,11
ROBORE,diagnostico de egreso,neumonias en menores de 5 anos,2009-06-01,1,1
RURRENABAQUE,diagnostico de egreso,neumonias en menores de 5 anos,2009-06-01,6,6
SACABA,diagnostico de egreso,neumonias en menores de 5 anos,2009-06-01,15,15
SACACA,diagnostico de egreso,neumonias en menores de 5 anos,2009-06-01,1,1
SAN BORJA,diagnostico de egreso,neumonias en menores de 5 anos,2009-06-01,4,4
SAN CARLOS,diagnostico de egreso,neumonias en menores de 5 anos,2009-06-01,5,5
SAN IGNACIO,diagnostico de egreso,neumonias en menores de 5 anos,2009-06-01,2,2
SAN IGNACIO DE VELASCO,diagnostico de egreso,neumonias en menores de 5 anos,2009-06-01,21,21
SAN JOSE DE CHIQUITOS,diagnostico de egreso,neumonias en menores de 5 anos,2009-06-01,1,1
SAN JULIAN,diagnostico de egreso,neumonias en menores de 5 anos,2009-06-01,6,6
SAN LUCAS,diagnostico de egreso,neumonias en menores de 5 anos,2009-06-01,54,54
SAN MATIAS,diagnostico de egreso,neumonias en menores de 5 anos,2009-06-01,5,5
SAN MIGUEL DE VELASCO,diagnostico de egreso,neumonias en menores de 5 anos,2009-06-01,1,1
SAN RAMON,diagnostico de egreso,neumonias en menores de 5 anos,2009-06-01,1,1
SAN RAMON,diagnostico de egreso,neumonias en menores de 5 anos,2009-06-01,1,1
SANTA ANA,diagnostico de egreso,neumonias en menores de 5 anos,2009-06-01,1,1
SANTA CRUZ DE LA SIERRA,diagnostico de egreso,neumonias en menores de 5 anos,2009-06-01,107,107
SICA SICA (VILLA AROMA),diagnostico de egreso,neumonias en menores de 5 anos,2009-06-01,21,21
SORATA,diagnostico de egreso,neumonias en menores de 5 anos,2009-06-01,1,1
SUCRE,diagnostico de egreso,neumonias en menores de 5 anos,2009-06-01,90,90
TARABUCO,diagnostico de egreso,neumonias en menores de 5 anos,2009-06-01,3,3
TARIJA,diagnostico de egreso,neumonias en menores de 5 anos,2009-06-01,46,46
TARVITA,diagnostico de egreso,neumonias en menores de 5 anos,2009-06-01,1,1
TIPUANI,diagnostico de egreso,neumonias en menores de 5 anos,2009-06-01,1,1
TIQUIPAYA,diagnostico de egreso,neumonias en menores de 5 anos,2009-06-01,8,8
TIRAQUE (CBBA),diagnostico de egreso,neumonias en menores de 5 anos,2009-06-01,23,23
TOLEDO,diagnostico de egreso,neumonias en menores de 5 anos,2009-06-01,1,1
TOTORA(CBBA),diagnostico de egreso,neumonias en menores de 5 anos,2009-06-01,1,1
TRINIDAD,diagnostico de egreso,neumonias en menores de 5 anos,2009-06-01,8,8
TUPIZA,diagnostico de egreso,neumonias en menores de 5 anos,2009-06-01,32,32
URIONDO (A. CONCEPCION),diagnostico de egreso,neumonias en menores de 5 anos,2009-06-01,1,1
UYUNI,diagnostico de egreso,neumonias en menores de 5 anos,2009-06-01,4,4
VALLEGRANDE,diagnostico de egreso,neumonias en menores de 5 anos,2009-06-01,3,3
VIACHA,diagnostico de egreso,neumonias en menores de 5 anos,2009-06-01,3,3
VILLA MONTES,diagnostico de egreso,neumonias en menores de 5 anos,2009-06-01,5,5
VILLA TUNARI,diagnostico de egreso,neumonias en menores de 5 anos,2009-06-01,38,38
VILLAZON,diagnostico de egreso,neumonias en menores de 5 anos,2009-06-01,14,14
VINTO,diagnostico de egreso,neumonias en menores de 5 anos,2009-06-01,1,1
WARNES,diagnostico de egreso,neumonias en menores de 5 anos,2009-06-01,3,3
YACUIBA,diagnostico de egreso,neumonias en menores de 5 anos,2009-06-01,29,29
YAMPARAEZ,diagnostico de egreso,neumonias en menores de 5 anos,2009-06-01,1,1
YAPACANI,diagnostico de egreso,neumonias en menores de 5 anos,2009-06-01,15,15
ZUDAÑEZ,diagnostico de egreso,neumonias en menores de 5 anos,2009-06-01,1,1
AIQUILE,diagnostico de egreso,neumonias en menores de 5 anos,2009-07-01,2,2
APOLO,diagnostico de egreso,neumonias en menores de 5 anos,2009-07-01,3,3
ASCENCION DE GUARAYOS,diagnostico de egreso,neumonias en menores de 5 anos,2009-07-01,1,1
AYOPAYA (V. DE INDEPENDENCIA),diagnostico de egreso,neumonias en menores de 5 anos,2009-07-01,2,2
BERMEJO,diagnostico de egreso,neumonias en menores de 5 anos,2009-07-01,26,26
CAMARGO,diagnostico de egreso,neumonias en menores de 5 anos,2009-07-01,2,2
CAMIRI,diagnostico de egreso,neumonias en menores de 5 anos,2009-07-01,9,9
CARANAVI,diagnostico de egreso,neumonias en menores de 5 anos,2009-07-01,7,7
CARMEN RIVERO TORREZ,diagnostico de egreso,neumonias en menores de 5 anos,2009-07-01,3,3
CHACARILLA,diagnostico de egreso,neumonias en menores de 5 anos,2009-07-01,8,8
CHALLAPATA,diagnostico de egreso,neumonias en menores de 5 anos,2009-07-01,5,5
CHARAGUA,diagnostico de egreso,neumonias en menores de 5 anos,2009-07-01,5,5
CLIZA,diagnostico de egreso,neumonias en menores de 5 anos,2009-07-01,2,2
COBIJA,diagnostico de egreso,neumonias en menores de 5 anos,2009-07-01,21,21
COCHABAMBA,diagnostico de egreso,neumonias en menores de 5 anos,2009-07-01,63,63
COLQUIRI,diagnostico de egreso,neumonias en menores de 5 anos,2009-07-01,1,1
COMARAPA,diagnostico de egreso,neumonias en menores de 5 anos,2009-07-01,2,2
COROICO,diagnostico de egreso,neumonias en menores de 5 anos,2009-07-01,3,3
COTOCA,diagnostico de egreso,neumonias en menores de 5 anos,2009-07-01,3,3
CULPINA,diagnostico de egreso,neumonias en menores de 5 anos,2009-07-01,4,4
EL ALTO,diagnostico de egreso,neumonias en menores de 5 anos,2009-07-01,30,30
EL TORNO,diagnostico de egreso,neumonias en menores de 5 anos,2009-07-01,1,1
ENTRE RIOS,diagnostico de egreso,neumonias en menores de 5 anos,2009-07-01,1,1
FERNANDEZ ALONSO,diagnostico de egreso,neumonias en menores de 5 anos,2009-07-01,1,1
GUAYARAMERIN,diagnostico de egreso,neumonias en menores de 5 anos,2009-07-01,5,5
HUANUNI,diagnostico de egreso,neumonias en menores de 5 anos,2009-07-01,1,1
ICHOCA,diagnostico de egreso,neumonias en menores de 5 anos,2009-07-01,1,1
IRUPANA (VILLA DE LANZA),diagnostico de egreso,neumonias en menores de 5 anos,2009-07-01,1,1
LA ASUNTA,diagnostico de egreso,neumonias en menores de 5 anos,2009-07-01,3,3
LA GUARDIA,diagnostico de egreso,neumonias en menores de 5 anos,2009-07-01,8,8
LA PAZ,diagnostico de egreso,neumonias en menores de 5 anos,2009-07-01,46,46
LLALLAGUA,diagnostico de egreso,neumonias en menores de 5 anos,2009-07-01,11,11
MONTEAGUDO,diagnostico de egreso,neumonias en menores de 5 anos,2009-07-01,2,2
MONTERO,diagnostico de egreso,neumonias en menores de 5 anos,2009-07-01,31,31
OCURI,diagnostico de egreso,neumonias en menores de 5 anos,2009-07-01,1,1
ORURO,diagnostico de egreso,neumonias en menores de 5 anos,2009-07-01,22,22
PAILON,diagnostico de egreso,neumonias en menores de 5 anos,2009-07-01,3,3
PALOS BLANCOS,diagnostico de egreso,neumonias en menores de 5 anos,2009-07-01,1,1
PATACAMAYA,diagnostico de egreso,neumonias en menores de 5 anos,2009-07-01,1,1
PORTACHUELO,diagnostico de egreso,neumonias en menores de 5 anos,2009-07-01,1,1
POSTRER VALLE,diagnostico de egreso,neumonias en menores de 5 anos,2009-07-01,3,3
POTOSI,diagnostico de egreso,neumonias en menores de 5 anos,2009-07-01,64,64
PUERTO RICO,diagnostico de egreso,neumonias en menores de 5 anos,2009-07-01,3,3
PUERTO SUAREZ,diagnostico de egreso,neumonias en menores de 5 anos,2009-07-01,1,1
PUERTO VILLARROEL,diagnostico de egreso,neumonias en menores de 5 anos,2009-07-01,6,6
PUNATA,diagnostico de egreso,neumonias en menores de 5 anos,2009-07-01,10,10
QUILLACOLLO,diagnostico de egreso,neumonias en menores de 5 anos,2009-07-01,10,10
REYES,diagnostico de egreso,neumonias en menores de 5 anos,2009-07-01,18,18
RIBERALTA,diagnostico de egreso,neumonias en menores de 5 anos,2009-07-01,8,8
RURRENABAQUE,diagnostico de egreso,neumonias en menores de 5 anos,2009-07-01,3,3
SACABA,diagnostico de egreso,neumonias en menores de 5 anos,2009-07-01,10,10
SACABAMBA,diagnostico de egreso,neumonias en menores de 5 anos,2009-07-01,1,1
SACACA,diagnostico de egreso,neumonias en menores de 5 anos,2009-07-01,1,1
SAN BORJA,diagnostico de egreso,neumonias en menores de 5 anos,2009-07-01,2,2
SAN CARLOS,diagnostico de egreso,neumonias en menores de 5 anos,2009-07-01,11,11
SAN IGNACIO DE VELASCO,diagnostico de egreso,neumonias en menores de 5 anos,2009-07-01,14,14
SAN JOAQUIN,diagnostico de egreso,neumonias en menores de 5 anos,2009-07-01,1,1
SAN JOSE DE CHIQUITOS,diagnostico de egreso,neumonias en menores de 5 anos,2009-07-01,1,1
SAN JULIAN,diagnostico de egreso,neumonias en menores de 5 anos,2009-07-01,3,3
SAN LUCAS,diagnostico de egreso,neumonias en menores de 5 anos,2009-07-01,5,5
SAN MATIAS,diagnostico de egreso,neumonias en menores de 5 anos,2009-07-01,2,2
SAN PEDRO,diagnostico de egreso,neumonias en menores de 5 anos,2009-07-01,1,1
SAN RAMON,diagnostico de egreso,neumonias en menores de 5 anos,2009-07-01,1,1
SANTA ANA,diagnostico de egreso,neumonias en menores de 5 anos,2009-07-01,1,1
SANTA CRUZ DE LA SIERRA,diagnostico de egreso,neumonias en menores de 5 anos,2009-07-01,105,105
SENA,diagnostico de egreso,neumonias en menores de 5 anos,2009-07-01,1,1
SICA SICA (VILLA AROMA),diagnostico de egreso,neumonias en menores de 5 anos,2009-07-01,4,4
SUCRE,diagnostico de egreso,neumonias en menores de 5 anos,2009-07-01,85,85
TARABUCO,diagnostico de egreso,neumonias en menores de 5 anos,2009-07-01,2,2
TARIJA,diagnostico de egreso,neumonias en menores de 5 anos,2009-07-01,21,21
TIPUANI,diagnostico de egreso,neumonias en menores de 5 anos,2009-07-01,2,2
TIQUIPAYA,diagnostico de egreso,neumonias en menores de 5 anos,2009-07-01,2,2
TIRAQUE (CBBA),diagnostico de egreso,neumonias en menores de 5 anos,2009-07-01,12,12
TOMINA,diagnostico de egreso,neumonias en menores de 5 anos,2009-07-01,1,1
TRINIDAD,diagnostico de egreso,neumonias en menores de 5 anos,2009-07-01,13,13
TUPIZA,diagnostico de egreso,neumonias en menores de 5 anos,2009-07-01,10,10
VALLEGRANDE,diagnostico de egreso,neumonias en menores de 5 anos,2009-07-01,5,5
VILLA MONTES,diagnostico de egreso,neumonias en menores de 5 anos,2009-07-01,7,7
VILLA SERRANO,diagnostico de egreso,neumonias en menores de 5 anos,2009-07-01,1,1
VILLA TUNARI,diagnostico de egreso,neumonias en menores de 5 anos,2009-07-01,22,22
VILLAZON,diagnostico de egreso,neumonias en menores de 5 anos,2009-07-01,22,22
VINTO,diagnostico de egreso,neumonias en menores de 5 anos,2009-07-01,4,4
WARNES,diagnostico de egreso,neumonias en menores de 5 anos,2009-07-01,7,7
YACUIBA,diagnostico de egreso,neumonias en menores de 5 anos,2009-07-01,19,19
YAPACANI,diagnostico de egreso,neumonias en menores de 5 anos,2009-07-01,10,10
ZUDAÑEZ,diagnostico de egreso,neumonias en menores de 5 anos,2009-07-01,1,1
AIQUILE,diagnostico de egreso,neumonias en menores de 5 anos,2009-08-01,1,1
ASCENCION DE GUARAYOS,diagnostico de egreso,neumonias en menores de 5 anos,2009-08-01,7,7
ATOCHA,diagnostico de egreso,neumonias en menores de 5 anos,2009-08-01,1,1
AZURDUY,diagnostico de egreso,neumonias en menores de 5 anos,2009-08-01,1,1
BERMEJO,diagnostico de egreso,neumonias en menores de 5 anos,2009-08-01,23,23
BOLPEBRA,diagnostico de egreso,neumonias en menores de 5 anos,2009-08-01,2,2
CAMIRI,diagnostico de egreso,neumonias en menores de 5 anos,2009-08-01,5,5
CARMEN RIVERO TORREZ,diagnostico de egreso,neumonias en menores de 5 anos,2009-08-01,39,39
CHALLAPATA,diagnostico de egreso,neumonias en menores de 5 anos,2009-08-01,5,5
CHARAGUA,diagnostico de egreso,neumonias en menores de 5 anos,2009-08-01,6,6
CLIZA,diagnostico de egreso,neumonias en menores de 5 anos,2009-08-01,1,1
COBIJA,diagnostico de egreso,neumonias en menores de 5 anos,2009-08-01,18,18
COCHABAMBA,diagnostico de egreso,neumonias en menores de 5 anos,2009-08-01,49,49
COMARAPA,diagnostico de egreso,neumonias en menores de 5 anos,2009-08-01,1,1
COTOCA,diagnostico de egreso,neumonias en menores de 5 anos,2009-08-01,2,2
CULPINA,diagnostico de egreso,neumonias en menores de 5 anos,2009-08-01,2,2
EL ALTO,diagnostico de egreso,neumonias en menores de 5 anos,2009-08-01,19,19
EL TORNO,diagnostico de egreso,neumonias en menores de 5 anos,2009-08-01,4,4
ENTRE RIOS,diagnostico de egreso,neumonias en menores de 5 anos,2009-08-01,4,4
FERNANDEZ ALONSO,diagnostico de egreso,neumonias en menores de 5 anos,2009-08-01,2,2
GRAL. J.J. PEREZ (CHARAZANI),diagnostico de egreso,neumonias en menores de 5 anos,2009-08-01,1,1
GUANAY,diagnostico de egreso,neumonias en menores de 5 anos,2009-08-01,2,2
GUAYARAMERIN,diagnostico de egreso,neumonias en menores de 5 anos,2009-08-01,4,4
HUANUNI,diagnostico de egreso,neumonias en menores de 5 anos,2009-08-01,5,5
LA GUARDIA,diagnostico de egreso,neumonias en menores de 5 anos,2009-08-01,4,4
LA PAZ,diagnostico de egreso,neumonias en menores de 5 anos,2009-08-01,46,46
LLALLAGUA,diagnostico de egreso,neumonias en menores de 5 anos,2009-08-01,10,10
MAGDALENA,diagnostico de egreso,neumonias en menores de 5 anos,2009-08-01,4,4
MAIRANA,diagnostico de egreso,neumonias en menores de 5 anos,2009-08-01,2,2
MIZQUE,diagnostico de egreso,neumonias en menores de 5 anos,2009-08-01,1,1
MONTEAGUDO,diagnostico de egreso,neumonias en menores de 5 anos,2009-08-01,6,6
MONTERO,diagnostico de egreso,neumonias en menores de 5 anos,2009-08-01,33,33
ORURO,diagnostico de egreso,neumonias en menores de 5 anos,2009-08-01,18,18
PADILLA,diagnostico de egreso,neumonias en menores de 5 anos,2009-08-01,3,3
PALOS BLANCOS,diagnostico de egreso,neumonias en menores de 5 anos,2009-08-01,1,1
PATACAMAYA,diagnostico de egreso,neumonias en menores de 5 anos,2009-08-01,2,2
PORTACHUELO,diagnostico de egreso,neumonias en menores de 5 anos,2009-08-01,3,3
POTOSI,diagnostico de egreso,neumonias en menores de 5 anos,2009-08-01,21,21
PUERTO QUIJARRO,diagnostico de egreso,neumonias en menores de 5 anos,2009-08-01,5,5
PUERTO SILES,diagnostico de egreso,neumonias en menores de 5 anos,2009-08-01,1,1
PUERTO SUAREZ,diagnostico de egreso,neumonias en menores de 5 anos,2009-08-01,3,3
PUERTO VILLARROEL,diagnostico de egreso,neumonias en menores de 5 anos,2009-08-01,5,5
PUNATA,diagnostico de egreso,neumonias en menores de 5 anos,2009-08-01,3,3
QUILLACOLLO,diagnostico de egreso,neumonias en menores de 5 anos,2009-08-01,3,3
REYES,diagnostico de egreso,neumonias en menores de 5 anos,2009-08-01,23,23
RIBERALTA,diagnostico de egreso,neumonias en menores de 5 anos,2009-08-01,5,5
ROBORE,diagnostico de egreso,neumonias en menores de 5 anos,2009-08-01,3,3
RURRENABAQUE,diagnostico de egreso,neumonias en menores de 5 anos,2009-08-01,9,9
SACABA,diagnostico de egreso,neumonias en menores de 5 anos,2009-08-01,5,5
SACACA,diagnostico de egreso,neumonias en menores de 5 anos,2009-08-01,1,1
SAN BORJA,diagnostico de egreso,neumonias en menores de 5 anos,2009-08-01,3,3
SAN CARLOS,diagnostico de egreso,neumonias en menores de 5 anos,2009-08-01,8,8
SAN IGNACIO,diagnostico de egreso,neumonias en menores de 5 anos,2009-08-01,1,1
SAN IGNACIO DE VELASCO,diagnostico de egreso,neumonias en menores de 5 anos,2009-08-01,41,41
SAN JULIAN,diagnostico de egreso,neumonias en menores de 5 anos,2009-08-01,7,7
SAN LUCAS,diagnostico de egreso,neumonias en menores de 5 anos,2009-08-01,3,3
SAN MATIAS,diagnostico de egreso,neumonias en menores de 5 anos,2009-08-01,1,1
SAN PEDRO,diagnostico de egreso,neumonias en menores de 5 anos,2009-08-01,16,16
SAN RAMON,diagnostico de egreso,neumonias en menores de 5 anos,2009-08-01,3,3
SANTA ANA,diagnostico de egreso,neumonias en menores de 5 anos,2009-08-01,3,3
SANTA CRUZ DE LA SIERRA,diagnostico de egreso,neumonias en menores de 5 anos,2009-08-01,147,147
SANTA ROSA,diagnostico de egreso,neumonias en menores de 5 anos,2009-08-01,3,3
SUCRE,diagnostico de egreso,neumonias en menores de 5 anos,2009-08-01,61,61
TARABUCO,diagnostico de egreso,neumonias en menores de 5 anos,2009-08-01,2,2
TARIJA,diagnostico de egreso,neumonias en menores de 5 anos,2009-08-01,2,2
TARVITA,diagnostico de egreso,neumonias en menores de 5 anos,2009-08-01,2,2
TIRAQUE (CBBA),diagnostico de egreso,neumonias en menores de 5 anos,2009-08-01,20,20
TRINIDAD,diagnostico de egreso,neumonias en menores de 5 anos,2009-08-01,7,7
TUPIZA,diagnostico de egreso,neumonias en menores de 5 anos,2009-08-01,11,11
UYUNI,diagnostico de egreso,neumonias en menores de 5 anos,2009-08-01,1,1
VALLEGRANDE,diagnostico de egreso,neumonias en menores de 5 anos,2009-08-01,7,7
VILLA MONTES,diagnostico de egreso,neumonias en menores de 5 anos,2009-08-01,15,15
VILLA TUNARI,diagnostico de egreso,neumonias en menores de 5 anos,2009-08-01,18,18
VILLA VACA GUZMAN (MUYUPAMPA),diagnostico de egreso,neumonias en menores de 5 anos,2009-08-01,3,3
VILLAZON,diagnostico de egreso,neumonias en menores de 5 anos,2009-08-01,3,3
WARNES,diagnostico de egreso,neumonias en menores de 5 anos,2009-08-01,12,12
YACUIBA,diagnostico de egreso,neumonias en menores de 5 anos,2009-08-01,30,30
YAPACANI,diagnostico de egreso,neumonias en menores de 5 anos,2009-08-01,8,8
ZUDAÑEZ,diagnostico de egreso,neumonias en menores de 5 anos,2009-08-01,1,1
AIQUILE,diagnostico de egreso,neumonias en menores de 5 anos,2009-09-01,5,5
ASCENCION DE GUARAYOS,diagnostico de egreso,neumonias en menores de 5 anos,2009-09-01,10,10
AYOPAYA (V. DE INDEPENDENCIA),diagnostico de egreso,neumonias en menores de 5 anos,2009-09-01,3,3
BAURES,diagnostico de egreso,neumonias en menores de 5 anos,2009-09-01,1,1
BELLA FLOR,diagnostico de egreso,neumonias en menores de 5 anos,2009-09-01,31,31
BERMEJO,diagnostico de egreso,neumonias en menores de 5 anos,2009-09-01,23,23
CABEZAS,diagnostico de egreso,neumonias en menores de 5 anos,2009-09-01,1,1
CAMARGO,diagnostico de egreso,neumonias en menores de 5 anos,2009-09-01,1,1
CAMIRI,diagnostico de egreso,neumonias en menores de 5 anos,2009-09-01,10,10
CARACOLLO,diagnostico de egreso,neumonias en menores de 5 anos,2009-09-01,1,1
CARANAVI,diagnostico de egreso,neumonias en menores de 5 anos,2009-09-01,2,2
CARMEN RIVERO TORREZ,diagnostico de egreso,neumonias en menores de 5 anos,2009-09-01,5,5
CHACARILLA,diagnostico de egreso,neumonias en menores de 5 anos,2009-09-01,5,5
CHALLAPATA,diagnostico de egreso,neumonias en menores de 5 anos,2009-09-01,1,1
CHARAGUA,diagnostico de egreso,neumonias en menores de 5 anos,2009-09-01,11,11
CHULUMANI (V. DE LA LIBERTAD),diagnostico de egreso,neumonias en menores de 5 anos,2009-09-01,1,1
CLIZA,diagnostico de egreso,neumonias en menores de 5 anos,2009-09-01,1,1
COBIJA,diagnostico de egreso,neumonias en menores de 5 anos,2009-09-01,23,23
COCHABAMBA,diagnostico de egreso,neumonias en menores de 5 anos,2009-09-01,52,52
COMARAPA,diagnostico de egreso,neumonias en menores de 5 anos,2009-09-01,1,1
CONCEPCION,diagnostico de egreso,neumonias en menores de 5 anos,2009-09-01,1,1
COROICO,diagnostico de egreso,neumonias en menores de 5 anos,2009-09-01,5,5
COTAGAITA,diagnostico de egreso,neumonias en menores de 5 anos,2009-09-01,1,1
COTOCA,diagnostico de egreso,neumonias en menores de 5 anos,2009-09-01,1,1
EL ALTO,diagnostico de egreso,neumonias en menores de 5 anos,2009-09-01,42,42
EL TORNO,diagnostico de egreso,neumonias en menores de 5 anos,2009-09-01,2,2
ENTRE RIOS,diagnostico de egreso,neumonias en menores de 5 anos,2009-09-01,1,1
GUANAY,diagnostico de egreso,neumonias en menores de 5 anos,2009-09-01,2,2
GUAYARAMERIN,diagnostico de egreso,neumonias en menores de 5 anos,2009-09-01,8,8
HUANUNI,diagnostico de egreso,neumonias en menores de 5 anos,2009-09-01,2,2
LA ASUNTA,diagnostico de egreso,neumonias en menores de 5 anos,2009-09-01,2,2
LA GUARDIA,diagnostico de egreso,neumonias en menores de 5 anos,2009-09-01,11,11
LA PAZ,diagnostico de egreso,neumonias en menores de 5 anos,2009-09-01,35,35
LLALLAGUA,diagnostico de egreso,neumonias en menores de 5 anos,2009-09-01,11,11
MOJOCOYA,diagnostico de egreso,neumonias en menores de 5 anos,2009-09-01,6,6
MONTEAGUDO,diagnostico de egreso,neumonias en menores de 5 anos,2009-09-01,3,3
MONTERO,diagnostico de egreso,neumonias en menores de 5 anos,2009-09-01,53,53
OCURI,diagnostico de egreso,neumonias en menores de 5 anos,2009-09-01,1,1
ORURO,diagnostico de egreso,neumonias en menores de 5 anos,2009-09-01,30,30
PADILLA,diagnostico de egreso,neumonias en menores de 5 anos,2009-09-01,7,7
PAILON,diagnostico de egreso,neumonias en menores de 5 anos,2009-09-01,3,3
PALOS BLANCOS,diagnostico de egreso,neumonias en menores de 5 anos,2009-09-01,2,2
PATACAMAYA,diagnostico de egreso,neumonias en menores de 5 anos,2009-09-01,1,1
PORTACHUELO,diagnostico de egreso,neumonias en menores de 5 anos,2009-09-01,4,4
POSTRER VALLE,diagnostico de egreso,neumonias en menores de 5 anos,2009-09-01,5,5
POTOSI,diagnostico de egreso,neumonias en menores de 5 anos,2009-09-01,23,23
PUERTO RICO,diagnostico de egreso,neumonias en menores de 5 anos,2009-09-01,1,1
PUERTO SILES,diagnostico de egreso,neumonias en menores de 5 anos,2009-09-01,1,1
PUERTO SUAREZ,diagnostico de egreso,neumonias en menores de 5 anos,2009-09-01,1,1
PUERTO VILLARROEL,diagnostico de egreso,neumonias en menores de 5 anos,2009-09-01,5,5
PUNATA,diagnostico de egreso,neumonias en menores de 5 anos,2009-09-01,6,6
QUILLACOLLO,diagnostico de egreso,neumonias en menores de 5 anos,2009-09-01,10,10
REYES,diagnostico de egreso,neumonias en menores de 5 anos,2009-09-01,14,14
RIBERALTA,diagnostico de egreso,neumonias en menores de 5 anos,2009-09-01,11,11
ROBORE,diagnostico de egreso,neumonias en menores de 5 anos,2009-09-01,8,8
RURRENABAQUE,diagnostico de egreso,neumonias en menores de 5 anos,2009-09-01,13,13
SACABA,diagnostico de egreso,neumonias en menores de 5 anos,2009-09-01,3,3
SAMAIPATA,diagnostico de egreso,neumonias en menores de 5 anos,2009-09-01,2,2
SAN BORJA,diagnostico de egreso,neumonias en menores de 5 anos,2009-09-01,3,3
SAN CARLOS,diagnostico de egreso,neumonias en menores de 5 anos,2009-09-01,7,7
SAN IGNACIO,diagnostico de egreso,neumonias en menores de 5 anos,2009-09-01,1,1
SAN IGNACIO DE VELASCO,diagnostico de egreso,neumonias en menores de 5 anos,2009-09-01,36,36
SAN JAVIER(STC),diagnostico de egreso,neumonias en menores de 5 anos,2009-09-01,1,1
SAN JULIAN,diagnostico de egreso,neumonias en menores de 5 anos,2009-09-01,5,5
SAN LUCAS,diagnostico de egreso,neumonias en menores de 5 anos,2009-09-01,70,70
SAN MATIAS,diagnostico de egreso,neumonias en menores de 5 anos,2009-09-01,2,2
SAN MIGUEL DE VELASCO,diagnostico de egreso,neumonias en menores de 5 anos,2009-09-01,2,2
SAN PEDRO,diagnostico de egreso,neumonias en menores de 5 anos,2009-09-01,41,41
SANTA ANA,diagnostico de egreso,neumonias en menores de 5 anos,2009-09-01,5,5
SANTA CRUZ DE LA SIERRA,diagnostico de egreso,neumonias en menores de 5 anos,2009-09-01,108,108
SANTA ROSA,diagnostico de egreso,neumonias en menores de 5 anos,2009-09-01,4,4
SORATA,diagnostico de egreso,neumonias en menores de 5 anos,2009-09-01,1,1
SUCRE,diagnostico de egreso,neumonias en menores de 5 anos,2009-09-01,64,64
TARABUCO,diagnostico de egreso,neumonias en menores de 5 anos,2009-09-01,2,2
TARIJA,diagnostico de egreso,neumonias en menores de 5 anos,2009-09-01,11,11
TARVITA,diagnostico de egreso,neumonias en menores de 5 anos,2009-09-01,1,1
TIRAQUE (CBBA),diagnostico de egreso,neumonias en menores de 5 anos,2009-09-01,21,21
TRINIDAD,diagnostico de egreso,neumonias en menores de 5 anos,2009-09-01,26,26
TUPIZA,diagnostico de egreso,neumonias en menores de 5 anos,2009-09-01,8,8
URUBICHA,diagnostico de egreso,neumonias en menores de 5 anos,2009-09-01,2,2
UYUNI,diagnostico de egreso,neumonias en menores de 5 anos,2009-09-01,22,22
VALLEGRANDE,diagnostico de egreso,neumonias en menores de 5 anos,2009-09-01,4,4
VILLA MONTES,diagnostico de egreso,neumonias en menores de 5 anos,2009-09-01,4,4
VILLA TUNARI,diagnostico de egreso,neumonias en menores de 5 anos,2009-09-01,17,17
VILLA VACA GUZMAN (MUYUPAMPA),diagnostico de egreso,neumonias en menores de 5 anos,2009-09-01,2,2
VILLAZON,diagnostico de egreso,neumonias en menores de 5 anos,2009-09-01,7,7
WARNES,diagnostico de egreso,neumonias en menores de 5 anos,2009-09-01,11,11
YACUIBA,diagnostico de egreso,neumonias en menores de 5 anos,2009-09-01,20,20
YAMPARAEZ,diagnostico de egreso,neumonias en menores de 5 anos,2009-09-01,1,1
YAPACANI,diagnostico de egreso,neumonias en menores de 5 anos,2009-09-01,11,11
ZUDAÑEZ,diagnostico de egreso,neumonias en menores de 5 anos,2009-09-01,1,1
AIQUILE,diagnostico de egreso,neumonias en menores de 5 anos,2009-10-01,2,2
ASCENCION DE GUARAYOS,diagnostico de egreso,neumonias en menores de 5 anos,2009-10-01,5,5
AYOPAYA (V. DE INDEPENDENCIA),diagnostico de egreso,neumonias en menores de 5 anos,2009-10-01,1,1
BERMEJO,diagnostico de egreso,neumonias en menores de 5 anos,2009-10-01,5,5
BETANZOS,diagnostico de egreso,neumonias en menores de 5 anos,2009-10-01,1,1
BUENA VISTA,diagnostico de egreso,neumonias en menores de 5 anos,2009-10-01,1,1
CABEZAS,diagnostico de egreso,neumonias en menores de 5 anos,2009-10-01,1,1
CAMARGO,diagnostico de egreso,neumonias en menores de 5 anos,2009-10-01,1,1
CAMIRI,diagnostico de egreso,neumonias en menores de 5 anos,2009-10-01,13,13
CARANAVI,diagnostico de egreso,neumonias en menores de 5 anos,2009-10-01,3,3
CARMEN RIVERO TORREZ,diagnostico de egreso,neumonias en menores de 5 anos,2009-10-01,7,7
CHALLAPATA,diagnostico de egreso,neumonias en menores de 5 anos,2009-10-01,2,2
CHARAGUA,diagnostico de egreso,neumonias en menores de 5 anos,2009-10-01,1,1
CHULUMANI (V. DE LA LIBERTAD),diagnostico de egreso,neumonias en menores de 5 anos,2009-10-01,1,1
COBIJA,diagnostico de egreso,neumonias en menores de 5 anos,2009-10-01,12,12
COCHABAMBA,diagnostico de egreso,neumonias en menores de 5 anos,2009-10-01,51,51
COMARAPA,diagnostico de egreso,neumonias en menores de 5 anos,2009-10-01,1,1
CONCEPCION,diagnostico de egreso,neumonias en menores de 5 anos,2009-10-01,2,2
COTAGAITA,diagnostico de egreso,neumonias en menores de 5 anos,2009-10-01,2,2
CUEVO,diagnostico de egreso,neumonias en menores de 5 anos,2009-10-01,1,1
EL ALTO,diagnostico de egreso,neumonias en menores de 5 anos,2009-10-01,17,17
EL TORNO,diagnostico de egreso,neumonias en menores de 5 anos,2009-10-01,3,3
FERNANDEZ ALONSO,diagnostico de egreso,neumonias en menores de 5 anos,2009-10-01,1,1
GUANAY,diagnostico de egreso,neumonias en menores de 5 anos,2009-10-01,2,2
GUAYARAMERIN,diagnostico de egreso,neumonias en menores de 5 anos,2009-10-01,1,1
HUACARETA,diagnostico de egreso,neumonias en menores de 5 anos,2009-10-01,1,1
LA ASUNTA,diagnostico de egreso,neumonias en menores de 5 anos,2009-10-01,1,1
LA GUARDIA,diagnostico de egreso,neumonias en menores de 5 anos,2009-10-01,4,4
LA PAZ,diagnostico de egreso,neumonias en menores de 5 anos,2009-10-01,34,34
LLALLAGUA,diagnostico de egreso,neumonias en menores de 5 anos,2009-10-01,8,8
MAGDALENA,diagnostico de egreso,neumonias en menores de 5 anos,2009-10-01,1,1
MAIRANA,diagnostico de egreso,neumonias en menores de 5 anos,2009-10-01,1,1
MONTEAGUDO,diagnostico de egreso,neumonias en menores de 5 anos,2009-10-01,12,12
MONTERO,diagnostico de egreso,neumonias en menores de 5 anos,2009-10-01,44,44
ORURO,diagnostico de egreso,neumonias en menores de 5 anos,2009-10-01,16,16
PADILLA,diagnostico de egreso,neumonias en menores de 5 anos,2009-10-01,2,2
PAILON,diagnostico de egreso,neumonias en menores de 5 anos,2009-10-01,13,13
PATACAMAYA,diagnostico de egreso,neumonias en menores de 5 anos,2009-10-01,3,3
PORTACHUELO,diagnostico de egreso,neumonias en menores de 5 anos,2009-10-01,6,6
POTOSI,diagnostico de egreso,neumonias en menores de 5 anos,2009-10-01,8,8
PUERTO RICO,diagnostico de egreso,neumonias en menores de 5 anos,2009-10-01,4,4
PUERTO SUAREZ,diagnostico de egreso,neumonias en menores de 5 anos,2009-10-01,2,2
PUERTO VILLARROEL,diagnostico de egreso,neumonias en menores de 5 anos,2009-10-01,10,10
PUNATA,diagnostico de egreso,neumonias en menores de 5 anos,2009-10-01,7,7
QUILLACOLLO,diagnostico de egreso,neumonias en menores de 5 anos,2009-10-01,2,2
RIBERALTA,diagnostico de egreso,neumonias en menores de 5 anos,2009-10-01,7,7
ROBORE,diagnostico de egreso,neumonias en menores de 5 anos,2009-10-01,7,7
RURRENABAQUE,diagnostico de egreso,neumonias en menores de 5 anos,2009-10-01,11,11
SACABA,diagnostico de egreso,neumonias en menores de 5 anos,2009-10-01,2,2
SAMAIPATA,diagnostico de egreso,neumonias en menores de 5 anos,2009-10-01,2,2
SAN BORJA,diagnostico de egreso,neumonias en menores de 5 anos,2009-10-01,1,1
SAN CARLOS,diagnostico de egreso,neumonias en menores de 5 anos,2009-10-01,3,3
SAN IGNACIO,diagnostico de egreso,neumonias en menores de 5 anos,2009-10-01,1,1
SAN IGNACIO DE VELASCO,diagnostico de egreso,neumonias en menores de 5 anos,2009-10-01,30,30
SAN JAVIER(STC),diagnostico de egreso,neumonias en menores de 5 anos,2009-10-01,2,2
SAN JULIAN,diagnostico de egreso,neumonias en menores de 5 anos,2009-10-01,13,13
SAN LUCAS,diagnostico de egreso,neumonias en menores de 5 anos,2009-10-01,70,70
SAN MATIAS,diagnostico de egreso,neumonias en menores de 5 anos,2009-10-01,2,2
SAN MIGUEL DE VELASCO,diagnostico de egreso,neumonias en menores de 5 anos,2009-10-01,2,2
SAN RAFAEL,diagnostico de egreso,neumonias en menores de 5 anos,2009-10-01,2,2
SAN RAMON,diagnostico de egreso,neumonias en menores de 5 anos,2009-10-01,2,2
SANTA ANA,diagnostico de egreso,neumonias en menores de 5 anos,2009-10-01,3,3
SANTA CRUZ DE LA SIERRA,diagnostico de egreso,neumonias en menores de 5 anos,2009-10-01,78,78
SANTA ROSA,diagnostico de egreso,neumonias en menores de 5 anos,2009-10-01,2,2
SOPACHUY,diagnostico de egreso,neumonias en menores de 5 anos,2009-10-01,1,1
SUCRE,diagnostico de egreso,neumonias en menores de 5 anos,2009-10-01,61,61
TARABUCO,diagnostico de egreso,neumonias en menores de 5 anos,2009-10-01,2,2
TARIJA,diagnostico de egreso,neumonias en menores de 5 anos,2009-10-01,21,21
TARVITA,diagnostico de egreso,neumonias en menores de 5 anos,2009-10-01,3,3
TIQUIPAYA,diagnostico de egreso,neumonias en menores de 5 anos,2009-10-01,2,2
TIRAQUE (CBBA),diagnostico de egreso,neumonias en menores de 5 anos,2009-10-01,11,11
TRINIDAD,diagnostico de egreso,neumonias en menores de 5 anos,2009-10-01,13,13
TUPIZA,diagnostico de egreso,neumonias en menores de 5 anos,2009-10-01,2,2
VALLEGRANDE,diagnostico de egreso,neumonias en menores de 5 anos,2009-10-01,2,2
VILLA MONTES,diagnostico de egreso,neumonias en menores de 5 anos,2009-10-01,7,7
VILLA TUNARI,diagnostico de egreso,neumonias en menores de 5 anos,2009-10-01,19,19
VILLA VACA GUZMAN (MUYUPAMPA),diagnostico de egreso,neumonias en menores de 5 anos,2009-10-01,1,1
VILLAZON,diagnostico de egreso,neumonias en menores de 5 anos,2009-10-01,6,6
WARNES,diagnostico de egreso,neumonias en menores de 5 anos,2009-10-01,5,5
YACUIBA,diagnostico de egreso,neumonias en menores de 5 anos,2009-10-01,24,24
YAMPARAEZ,diagnostico de egreso,neumonias en menores de 5 anos,2009-10-01,1,1
YAPACANI,diagnostico de egreso,neumonias en menores de 5 anos,2009-10-01,9,9
AIQUILE,diagnostico de egreso,neumonias en menores de 5 anos,2009-11-01,2,2
ASCENCION DE GUARAYOS,diagnostico de egreso,neumonias en menores de 5 anos,2009-11-01,20,20
ATOCHA,diagnostico de egreso,neumonias en menores de 5 anos,2009-11-01,3,3
AYOPAYA (V. DE INDEPENDENCIA),diagnostico de egreso,neumonias en menores de 5 anos,2009-11-01,1,1
AZURDUY,diagnostico de egreso,neumonias en menores de 5 anos,2009-11-01,1,1
BERMEJO,diagnostico de egreso,neumonias en menores de 5 anos,2009-11-01,3,3
BETANZOS,diagnostico de egreso,neumonias en menores de 5 anos,2009-11-01,1,1
CABEZAS,diagnostico de egreso,neumonias en menores de 5 anos,2009-11-01,2,2
CAMIRI,diagnostico de egreso,neumonias en menores de 5 anos,2009-11-01,27,27
CARANAVI,diagnostico de egreso,neumonias en menores de 5 anos,2009-11-01,3,3
CHALLAPATA,diagnostico de egreso,neumonias en menores de 5 anos,2009-11-01,1,1
CHARAGUA,diagnostico de egreso,neumonias en menores de 5 anos,2009-11-01,4,4
CLIZA,diagnostico de egreso,neumonias en menores de 5 anos,2009-11-01,2,2
COBIJA,diagnostico de egreso,neumonias en menores de 5 anos,2009-11-01,9,9
COCHABAMBA,diagnostico de egreso,neumonias en menores de 5 anos,2009-11-01,58,58
CONCEPCION,diagnostico de egreso,neumonias en menores de 5 anos,2009-11-01,2,2
COROICO,diagnostico de egreso,neumonias en menores de 5 anos,2009-11-01,1,1
COTAGAITA,diagnostico de egreso,neumonias en menores de 5 anos,2009-11-01,1,1
EL ALTO,diagnostico de egreso,neumonias en menores de 5 anos,2009-11-01,24,24
EUCALIPTUS,diagnostico de egreso,neumonias en menores de 5 anos,2009-11-01,1,1
GUANAY,diagnostico de egreso,neumonias en menores de 5 anos,2009-11-01,3,3
GUAYARAMERIN,diagnostico de egreso,neumonias en menores de 5 anos,2009-11-01,4,4
HUANUNI,diagnostico de egreso,neumonias en menores de 5 anos,2009-11-01,2,2
INCAHUASI,diagnostico de egreso,neumonias en menores de 5 anos,2009-11-01,1,1
LA GUARDIA,diagnostico de egreso,neumonias en menores de 5 anos,2009-11-01,2,2
LA PAZ,diagnostico de egreso,neumonias en menores de 5 anos,2009-11-01,43,43
LLALLAGUA,diagnostico de egreso,neumonias en menores de 5 anos,2009-11-01,11,11
MACHARETI,diagnostico de egreso,neumonias en menores de 5 anos,2009-11-01,1,1
MAGDALENA,diagnostico de egreso,neumonias en menores de 5 anos,2009-11-01,2,2
MAIRANA,diagnostico de egreso,neumonias en menores de 5 anos,2009-11-01,1,1
MONTEAGUDO,diagnostico de egreso,neumonias en menores de 5 anos,2009-11-01,11,11
MONTERO,diagnostico de egreso,neumonias en menores de 5 anos,2009-11-01,40,40
ORURO,diagnostico de egreso,neumonias en menores de 5 anos,2009-11-01,14,14
PADILLA,diagnostico de egreso,neumonias en menores de 5 anos,2009-11-01,2,2
PAILON,diagnostico de egreso,neumonias en menores de 5 anos,2009-11-01,1,1
PATACAMAYA,diagnostico de egreso,neumonias en menores de 5 anos,2009-11-01,1,1
PORTACHUELO,diagnostico de egreso,neumonias en menores de 5 anos,2009-11-01,2,2
POTOSI,diagnostico de egreso,neumonias en menores de 5 anos,2009-11-01,21,21
PUERTO SUAREZ,diagnostico de egreso,neumonias en menores de 5 anos,2009-11-01,2,2
PUERTO VILLARROEL,diagnostico de egreso,neumonias en menores de 5 anos,2009-11-01,6,6
PUNATA,diagnostico de egreso,neumonias en menores de 5 anos,2009-11-01,8,8
QUILLACOLLO,diagnostico de egreso,neumonias en menores de 5 anos,2009-11-01,3,3
REYES,diagnostico de egreso,neumonias en menores de 5 anos,2009-11-01,15,15
RIBERALTA,diagnostico de egreso,neumonias en menores de 5 anos,2009-11-01,5,5
ROBORE,diagnostico de egreso,neumonias en menores de 5 anos,2009-11-01,7,7
RURRENABAQUE,diagnostico de egreso,neumonias en menores de 5 anos,2009-11-01,2,2
SACACA,diagnostico de egreso,neumonias en menores de 5 anos,2009-11-01,1,1
SAN CARLOS,diagnostico de egreso,neumonias en menores de 5 anos,2009-11-01,6,6
SAN IGNACIO,diagnostico de egreso,neumonias en menores de 5 anos,2009-11-01,6,6
SAN IGNACIO DE VELASCO,diagnostico de egreso,neumonias en menores de 5 anos,2009-11-01,28,28
SAN JULIAN,diagnostico de egreso,neumonias en menores de 5 anos,2009-11-01,11,11
SAN LORENZO(PND),diagnostico de egreso,neumonias en menores de 5 anos,2009-11-01,1,1
SAN MATIAS,diagnostico de egreso,neumonias en menores de 5 anos,2009-11-01,4,4
SAN PEDRO,diagnostico de egreso,neumonias en menores de 5 anos,2009-11-01,4,4
SAN RAMON,diagnostico de egreso,neumonias en menores de 5 anos,2009-11-01,1,1
SAN RAMON,diagnostico de egreso,neumonias en menores de 5 anos,2009-11-01,2,2
SANTA ANA,diagnostico de egreso,neumonias en menores de 5 anos,2009-11-01,2,2
SANTA CRUZ DE LA SIERRA,diagnostico de egreso,neumonias en menores de 5 anos,2009-11-01,107,107
SANTA ROSA,diagnostico de egreso,neumonias en menores de 5 anos,2009-11-01,2,2
SUCRE,diagnostico de egreso,neumonias en menores de 5 anos,2009-11-01,42,42
TARABUCO,diagnostico de egreso,neumonias en menores de 5 anos,2009-11-01,1,1
TARIJA,diagnostico de egreso,neumonias en menores de 5 anos,2009-11-01,9,9
TARVITA,diagnostico de egreso,neumonias en menores de 5 anos,2009-11-01,2,2
TIPUANI,diagnostico de egreso,neumonias en menores de 5 anos,2009-11-01,2,2
TIQUIPAYA,diagnostico de egreso,neumonias en menores de 5 anos,2009-11-01,3,3
TIRAQUE (CBBA),diagnostico de egreso,neumonias en menores de 5 anos,2009-11-01,14,14
TRINIDAD,diagnostico de egreso,neumonias en menores de 5 anos,2009-11-01,15,15
TUPIZA,diagnostico de egreso,neumonias en menores de 5 anos,2009-11-01,4,4
UYUNI,diagnostico de egreso,neumonias en menores de 5 anos,2009-11-01,2,2
VALLEGRANDE,diagnostico de egreso,neumonias en menores de 5 anos,2009-11-01,2,2
VILLA MONTES,diagnostico de egreso,neumonias en menores de 5 anos,2009-11-01,9,9
VILLA TUNARI,diagnostico de egreso,neumonias en menores de 5 anos,2009-11-01,16,16
VILLAZON,diagnostico de egreso,neumonias en menores de 5 anos,2009-11-01,6,6
WARNES,diagnostico de egreso,neumonias en menores de 5 anos,2009-11-01,23,23
YACUIBA,diagnostico de egreso,neumonias en menores de 5 anos,2009-11-01,26,26
YAMPARAEZ,diagnostico de egreso,neumonias en menores de 5 anos,2009-11-01,1,1
YAPACANI,diagnostico de egreso,neumonias en menores de 5 anos,2009-11-01,9,9
AIQUILE,diagnostico de egreso,neumonias en menores de 5 anos,2009-12-01,2,2
ASCENCION DE GUARAYOS,diagnostico de egreso,neumonias en menores de 5 anos,2009-12-01,13,13
ATOCHA,diagnostico de egreso,neumonias en menores de 5 anos,2009-12-01,1,1
AYOPAYA (V. DE INDEPENDENCIA),diagnostico de egreso,neumonias en menores de 5 anos,2009-12-01,2,2
AZURDUY,diagnostico de egreso,neumonias en menores de 5 anos,2009-12-01,1,1
BERMEJO,diagnostico de egreso,neumonias en menores de 5 anos,2009-12-01,2,2
BETANZOS,diagnostico de egreso,neumonias en menores de 5 anos,2009-12-01,1,1
CABEZAS,diagnostico de egreso,neumonias en menores de 5 anos,2009-12-01,1,1
CAMIRI,diagnostico de egreso,neumonias en menores de 5 anos,2009-12-01,7,7
CARANAVI,diagnostico de egreso,neumonias en menores de 5 anos,2009-12-01,2,2
CARMEN RIVERO TORREZ,diagnostico de egreso,neumonias en menores de 5 anos,2009-12-01,8,8
CHARAGUA,diagnostico de egreso,neumonias en menores de 5 anos,2009-12-01,4,4
CLIZA,diagnostico de egreso,neumonias en menores de 5 anos,2009-12-01,1,1
COBIJA,diagnostico de egreso,neumonias en menores de 5 anos,2009-12-01,7,7
COCHABAMBA,diagnostico de egreso,neumonias en menores de 5 anos,2009-12-01,45,45
COMARAPA,diagnostico de egreso,neumonias en menores de 5 anos,2009-12-01,1,1
COROICO,diagnostico de egreso,neumonias en menores de 5 anos,2009-12-01,1,1
EL ALTO,diagnostico de egreso,neumonias en menores de 5 anos,2009-12-01,25,25
EL TORNO,diagnostico de egreso,neumonias en menores de 5 anos,2009-12-01,1,1
ENTRE RIOS,diagnostico de egreso,neumonias en menores de 5 anos,2009-12-01,1,1
GUAYARAMERIN,diagnostico de egreso,neumonias en menores de 5 anos,2009-12-01,2,2
LA ASUNTA,diagnostico de egreso,neumonias en menores de 5 anos,2009-12-01,1,1
LA GUARDIA,diagnostico de egreso,neumonias en menores de 5 anos,2009-12-01,1,1
LA PAZ,diagnostico de egreso,neumonias en menores de 5 anos,2009-12-01,39,39
LLALLAGUA,diagnostico de egreso,neumonias en menores de 5 anos,2009-12-01,9,9
MAIRANA,diagnostico de egreso,neumonias en menores de 5 anos,2009-12-01,1,1
MOJOCOYA,diagnostico de egreso,neumonias en menores de 5 anos,2009-12-01,1,1
MONTEAGUDO,diagnostico de egreso,neumonias en menores de 5 anos,2009-12-01,5,5
MONTERO,diagnostico de egreso,neumonias en menores de 5 anos,2009-12-01,30,30
ORURO,diagnostico de egreso,neumonias en menores de 5 anos,2009-12-01,17,17
PADILLA,diagnostico de egreso,neumonias en menores de 5 anos,2009-12-01,2,2
PAILON,diagnostico de egreso,neumonias en menores de 5 anos,2009-12-01,28,28
PALOS BLANCOS,diagnostico de egreso,neumonias en menores de 5 anos,2009-12-01,1,1
PORTACHUELO,diagnostico de egreso,neumonias en menores de 5 anos,2009-12-01,10,10
POTOSI,diagnostico de egreso,neumonias en menores de 5 anos,2009-12-01,34,34
PUERTO SILES,diagnostico de egreso,neumonias en menores de 5 anos,2009-12-01,1,1
PUERTO SUAREZ,diagnostico de egreso,neumonias en menores de 5 anos,2009-12-01,3,3
PUERTO VILLARROEL,diagnostico de egreso,neumonias en menores de 5 anos,2009-12-01,3,3
PUNATA,diagnostico de egreso,neumonias en menores de 5 anos,2009-12-01,7,7
QUILLACOLLO,diagnostico de egreso,neumonias en menores de 5 anos,2009-12-01,2,2
RIBERALTA,diagnostico de egreso,neumonias en menores de 5 anos,2009-12-01,3,3
ROBORE,diagnostico de egreso,neumonias en menores de 5 anos,2009-12-01,1,1
RURRENABAQUE,diagnostico de egreso,neumonias en menores de 5 anos,2009-12-01,2,2
SACABA,diagnostico de egreso,neumonias en menores de 5 anos,2009-12-01,6,6
SACACA,diagnostico de egreso,neumonias en menores de 5 anos,2009-12-01,4,4
SAN BORJA,diagnostico de egreso,neumonias en menores de 5 anos,2009-12-01,1,1
SAN CARLOS,diagnostico de egreso,neumonias en menores de 5 anos,2009-12-01,5,5
SAN IGNACIO,diagnostico de egreso,neumonias en menores de 5 anos,2009-12-01,1,1
SAN IGNACIO DE VELASCO,diagnostico de egreso,neumonias en menores de 5 anos,2009-12-01,15,15
SAN JULIAN,diagnostico de egreso,neumonias en menores de 5 anos,2009-12-01,15,15
SAN LORENZO(PND),diagnostico de egreso,neumonias en menores de 5 anos,2009-12-01,1,1
SAN MATIAS,diagnostico de egreso,neumonias en menores de 5 anos,2009-12-01,1,1
SAN MIGUEL DE VELASCO,diagnostico de egreso,neumonias en menores de 5 anos,2009-12-01,2,2
SAN RAMON,diagnostico de egreso,neumonias en menores de 5 anos,2009-12-01,4,4
SANTA ANA,diagnostico de egreso,neumonias en menores de 5 anos,2009-12-01,3,3
SANTA CRUZ DE LA SIERRA,diagnostico de egreso,neumonias en menores de 5 anos,2009-12-01,219,219
SUCRE,diagnostico de egreso,neumonias en menores de 5 anos,2009-12-01,47,47
TARABUCO,diagnostico de egreso,neumonias en menores de 5 anos,2009-12-01,1,1
TARIJA,diagnostico de egreso,neumonias en menores de 5 anos,2009-12-01,7,7
TARVITA,diagnostico de egreso,neumonias en menores de 5 anos,2009-12-01,1,1
TIPUANI,diagnostico de egreso,neumonias en menores de 5 anos,2009-12-01,1,1
TIQUIPAYA,diagnostico de egreso,neumonias en menores de 5 anos,2009-12-01,2,2
TIRAQUE (CBBA),diagnostico de egreso,neumonias en menores de 5 anos,2009-12-01,19,19
TOMINA,diagnostico de egreso,neumonias en menores de 5 anos,2009-12-01,2,2
TRINIDAD,diagnostico de egreso,neumonias en menores de 5 anos,2009-12-01,10,10
TUPIZA,diagnostico de egreso,neumonias en menores de 5 anos,2009-12-01,1,1
VALLEGRANDE,diagnostico de egreso,neumonias en menores de 5 anos,2009-12-01,2,2
VILLA MONTES,diagnostico de egreso,neumonias en menores de 5 anos,2009-12-01,4,4
VILLA TUNARI,diagnostico de egreso,neumonias en menores de 5 anos,2009-12-01,16,16
VILLA VACA GUZMAN (MUYUPAMPA),diagnostico de egreso,neumonias en menores de 5 anos,2009-12-01,2,2
VILLAZON,diagnostico de egreso,neumonias en menores de 5 anos,2009-12-01,2,2
WARNES,diagnostico de egreso,neumonias en menores de 5 anos,2009-12-01,4,4
YACUIBA,diagnostico de egreso,neumonias en menores de 5 anos,2009-12-01,9,9
YAPACANI,diagnostico de egreso,neumonias en menores de 5 anos,2009-12-01,5,5
ZUDAÑEZ,diagnostico de egreso,neumonias en menores de 5 anos,2009-12-01,1,1
