,group,variable,month,L 2110 ANTIRRÁBICA HUMANA ESQUEMA COMPLETO CANTIDAD,L 2110 ANTIRRÁBICA HUMANA ESQUEMA COMPLETO CANTIDAD,TOTALES,TOTALES,TOTALES
,,,,DENTRO,FUERA,TOTAL DENTRO,TOTAL FUERA,TOTAL
municipality,,,,,,,,
ARBIETO,otras vacunaciones,l 2110       antirrabica humana esquema completo,2012-01-01,0,1,0,1,1
ASCENCION DE GUARAYOS,otras vacunaciones,l 2110       antirrabica humana esquema completo,2012-01-01,2,0,2,0,2
BERMEJO,otras vacunaciones,l 2110       antirrabica humana esquema completo,2012-01-01,2,0,2,0,2
BUENA VISTA,otras vacunaciones,l 2110       antirrabica humana esquema completo,2012-01-01,1,0,1,0,1
CAPINOTA,otras vacunaciones,l 2110       antirrabica humana esquema completo,2012-01-01,1,0,1,0,1
CARANAVI,otras vacunaciones,l 2110       antirrabica humana esquema completo,2012-01-01,1,0,1,0,1
COCHABAMBA,otras vacunaciones,l 2110       antirrabica humana esquema completo,2012-01-01,53,0,53,0,53
COLCAPIRHUA,otras vacunaciones,l 2110       antirrabica humana esquema completo,2012-01-01,2,0,2,0,2
"COLCHA ""K""",otras vacunaciones,l 2110       antirrabica humana esquema completo,2012-01-01,1,0,1,0,1
COLPA BELGICA,otras vacunaciones,l 2110       antirrabica humana esquema completo,2012-01-01,2,0,2,0,2
COMARAPA,otras vacunaciones,l 2110       antirrabica humana esquema completo,2012-01-01,2,0,2,0,2
CONCEPCION,otras vacunaciones,l 2110       antirrabica humana esquema completo,2012-01-01,5,0,5,0,5
COTOCA,otras vacunaciones,l 2110       antirrabica humana esquema completo,2012-01-01,5,2,5,2,7
CUATRO CAÑADAS,otras vacunaciones,l 2110       antirrabica humana esquema completo,2012-01-01,2,0,2,0,2
EL ALTO,otras vacunaciones,l 2110       antirrabica humana esquema completo,2012-01-01,76,0,76,0,76
EL TORNO,otras vacunaciones,l 2110       antirrabica humana esquema completo,2012-01-01,35,0,35,0,35
HUANUNI,otras vacunaciones,l 2110       antirrabica humana esquema completo,2012-01-01,1,0,1,0,1
LA GUARDIA,otras vacunaciones,l 2110       antirrabica humana esquema completo,2012-01-01,4,0,4,0,4
LA PAZ,otras vacunaciones,l 2110       antirrabica humana esquema completo,2012-01-01,70,25,70,25,95
MAIRANA,otras vacunaciones,l 2110       antirrabica humana esquema completo,2012-01-01,2,0,2,0,2
MONTERO,otras vacunaciones,l 2110       antirrabica humana esquema completo,2012-01-01,15,0,15,0,15
OKINAWA,otras vacunaciones,l 2110       antirrabica humana esquema completo,2012-01-01,2,0,2,0,2
PADILLA,otras vacunaciones,l 2110       antirrabica humana esquema completo,2012-01-01,1,0,1,0,1
PORONGO,otras vacunaciones,l 2110       antirrabica humana esquema completo,2012-01-01,8,0,8,0,8
PORTACHUELO,otras vacunaciones,l 2110       antirrabica humana esquema completo,2012-01-01,1,0,1,0,1
POTOSI,otras vacunaciones,l 2110       antirrabica humana esquema completo,2012-01-01,11,0,11,0,11
PUERTO SUAREZ,otras vacunaciones,l 2110       antirrabica humana esquema completo,2012-01-01,3,0,3,0,3
PUNATA,otras vacunaciones,l 2110       antirrabica humana esquema completo,2012-01-01,2,0,2,0,2
QUILLACOLLO,otras vacunaciones,l 2110       antirrabica humana esquema completo,2012-01-01,9,0,9,0,9
SACABA,otras vacunaciones,l 2110       antirrabica humana esquema completo,2012-01-01,5,0,5,0,5
SAIPINA,otras vacunaciones,l 2110       antirrabica humana esquema completo,2012-01-01,1,0,1,0,1
SAN JULIAN,otras vacunaciones,l 2110       antirrabica humana esquema completo,2012-01-01,11,0,11,0,11
SANTA CRUZ DE LA SIERRA,otras vacunaciones,l 2110       antirrabica humana esquema completo,2012-01-01,121,0,121,0,121
SIPE SIPE,otras vacunaciones,l 2110       antirrabica humana esquema completo,2012-01-01,4,0,4,0,4
SORACACHI,otras vacunaciones,l 2110       antirrabica humana esquema completo,2012-01-01,0,1,0,1,1
SUCRE,otras vacunaciones,l 2110       antirrabica humana esquema completo,2012-01-01,36,0,36,0,36
TARIJA,otras vacunaciones,l 2110       antirrabica humana esquema completo,2012-01-01,14,0,14,0,14
TIQUIPAYA,otras vacunaciones,l 2110       antirrabica humana esquema completo,2012-01-01,2,0,2,0,2
UYUNI,otras vacunaciones,l 2110       antirrabica humana esquema completo,2012-01-01,21,13,21,13,34
VALLEGRANDE,otras vacunaciones,l 2110       antirrabica humana esquema completo,2012-01-01,2,0,2,0,2
VILLA MONTES,otras vacunaciones,l 2110       antirrabica humana esquema completo,2012-01-01,2,0,2,0,2
VILLA TUNARI,otras vacunaciones,l 2110       antirrabica humana esquema completo,2012-01-01,3,0,3,0,3
WARNES,otras vacunaciones,l 2110       antirrabica humana esquema completo,2012-01-01,49,0,49,0,49
YAPACANI,otras vacunaciones,l 2110       antirrabica humana esquema completo,2012-01-01,0,1,0,1,1
ANZALDO,otras vacunaciones,l 2110       antirrabica humana esquema completo,2012-02-01,0,1,0,1,1
ARBIETO,otras vacunaciones,l 2110       antirrabica humana esquema completo,2012-02-01,2,0,2,0,2
BERMEJO,otras vacunaciones,l 2110       antirrabica humana esquema completo,2012-02-01,4,0,4,0,4
CARAPARI,otras vacunaciones,l 2110       antirrabica humana esquema completo,2012-02-01,0,1,0,1,1
CHALLAPATA,otras vacunaciones,l 2110       antirrabica humana esquema completo,2012-02-01,1,0,1,0,1
CHARAÑA,otras vacunaciones,l 2110       antirrabica humana esquema completo,2012-02-01,0,1,0,1,1
COCHABAMBA,otras vacunaciones,l 2110       antirrabica humana esquema completo,2012-02-01,41,0,41,0,41
COLCAPIRHUA,otras vacunaciones,l 2110       antirrabica humana esquema completo,2012-02-01,2,0,2,0,2
COMARAPA,otras vacunaciones,l 2110       antirrabica humana esquema completo,2012-02-01,1,0,1,0,1
COROICO,otras vacunaciones,l 2110       antirrabica humana esquema completo,2012-02-01,1,0,1,0,1
EL ALTO,otras vacunaciones,l 2110       antirrabica humana esquema completo,2012-02-01,70,0,70,0,70
EL TORNO,otras vacunaciones,l 2110       antirrabica humana esquema completo,2012-02-01,31,0,31,0,31
GENERAL SAAVEDRA,otras vacunaciones,l 2110       antirrabica humana esquema completo,2012-02-01,1,0,1,0,1
LA GUARDIA,otras vacunaciones,l 2110       antirrabica humana esquema completo,2012-02-01,12,0,12,0,12
LA PAZ,otras vacunaciones,l 2110       antirrabica humana esquema completo,2012-02-01,8,4,8,4,12
LURIBAY,otras vacunaciones,l 2110       antirrabica humana esquema completo,2012-02-01,3,4,3,4,7
MONTERO,otras vacunaciones,l 2110       antirrabica humana esquema completo,2012-02-01,9,0,9,0,9
MORO MORO,otras vacunaciones,l 2110       antirrabica humana esquema completo,2012-02-01,1,0,1,0,1
OCURI,otras vacunaciones,l 2110       antirrabica humana esquema completo,2012-02-01,0,2,0,2,2
ORURO,otras vacunaciones,l 2110       antirrabica humana esquema completo,2012-02-01,1,0,1,0,1
POROMA,otras vacunaciones,l 2110       antirrabica humana esquema completo,2012-02-01,1,0,1,0,1
PORONGO,otras vacunaciones,l 2110       antirrabica humana esquema completo,2012-02-01,10,0,10,0,10
POTOSI,otras vacunaciones,l 2110       antirrabica humana esquema completo,2012-02-01,11,0,11,0,11
PUERTO SUAREZ,otras vacunaciones,l 2110       antirrabica humana esquema completo,2012-02-01,1,0,1,0,1
PUERTO VILLARROEL,otras vacunaciones,l 2110       antirrabica humana esquema completo,2012-02-01,1,0,1,0,1
PUNATA,otras vacunaciones,l 2110       antirrabica humana esquema completo,2012-02-01,1,0,1,0,1
QUILLACOLLO,otras vacunaciones,l 2110       antirrabica humana esquema completo,2012-02-01,9,0,9,0,9
SACABA,otras vacunaciones,l 2110       antirrabica humana esquema completo,2012-02-01,2,0,2,0,2
SAN IGNACIO,otras vacunaciones,l 2110       antirrabica humana esquema completo,2012-02-01,1,0,1,0,1
SANTA ANA,otras vacunaciones,l 2110       antirrabica humana esquema completo,2012-02-01,1,0,1,0,1
SANTA CRUZ DE LA SIERRA,otras vacunaciones,l 2110       antirrabica humana esquema completo,2012-02-01,112,0,112,0,112
SANTA ROSA DEL SARA,otras vacunaciones,l 2110       antirrabica humana esquema completo,2012-02-01,2,0,2,0,2
SANTIAGO DE HUATA,otras vacunaciones,l 2110       antirrabica humana esquema completo,2012-02-01,1,0,1,0,1
SIPE SIPE,otras vacunaciones,l 2110       antirrabica humana esquema completo,2012-02-01,2,0,2,0,2
SUCRE,otras vacunaciones,l 2110       antirrabica humana esquema completo,2012-02-01,40,0,40,0,40
TARATA,otras vacunaciones,l 2110       antirrabica humana esquema completo,2012-02-01,6,0,6,0,6
TARIJA,otras vacunaciones,l 2110       antirrabica humana esquema completo,2012-02-01,11,0,11,0,11
VACAS,otras vacunaciones,l 2110       antirrabica humana esquema completo,2012-02-01,1,0,1,0,1
VIACHA,otras vacunaciones,l 2110       antirrabica humana esquema completo,2012-02-01,3,0,3,0,3
VILLA MONTES,otras vacunaciones,l 2110       antirrabica humana esquema completo,2012-02-01,1,0,1,0,1
VILLA TUNARI,otras vacunaciones,l 2110       antirrabica humana esquema completo,2012-02-01,2,0,2,0,2
VILLAZON,otras vacunaciones,l 2110       antirrabica humana esquema completo,2012-02-01,1,0,1,0,1
WARNES,otras vacunaciones,l 2110       antirrabica humana esquema completo,2012-02-01,19,0,19,0,19
YACUIBA,otras vacunaciones,l 2110       antirrabica humana esquema completo,2012-02-01,1,0,1,0,1
YAPACANI,otras vacunaciones,l 2110       antirrabica humana esquema completo,2012-02-01,10,0,10,0,10
ALTO BENI,otras vacunaciones,l 2110       antirrabica humana esquema completo,2012-03-01,1,0,1,0,1
ASCENCION DE GUARAYOS,otras vacunaciones,l 2110       antirrabica humana esquema completo,2012-03-01,1,0,1,0,1
BERMEJO,otras vacunaciones,l 2110       antirrabica humana esquema completo,2012-03-01,4,0,4,0,4
BETANZOS,otras vacunaciones,l 2110       antirrabica humana esquema completo,2012-03-01,1,0,1,0,1
CAIROMA,otras vacunaciones,l 2110       antirrabica humana esquema completo,2012-03-01,6,4,6,4,10
CAMIRI,otras vacunaciones,l 2110       antirrabica humana esquema completo,2012-03-01,1,0,1,0,1
CAPINOTA,otras vacunaciones,l 2110       antirrabica humana esquema completo,2012-03-01,1,0,1,0,1
CARAPARI,otras vacunaciones,l 2110       antirrabica humana esquema completo,2012-03-01,1,0,1,0,1
CHIMORE,otras vacunaciones,l 2110       antirrabica humana esquema completo,2012-03-01,1,0,1,0,1
COCHABAMBA,otras vacunaciones,l 2110       antirrabica humana esquema completo,2012-03-01,38,0,38,0,38
COLCAPIRHUA,otras vacunaciones,l 2110       antirrabica humana esquema completo,2012-03-01,3,0,3,0,3
COTOCA,otras vacunaciones,l 2110       antirrabica humana esquema completo,2012-03-01,2,0,2,0,2
CUATRO CAÑADAS,otras vacunaciones,l 2110       antirrabica humana esquema completo,2012-03-01,1,0,1,0,1
EL ALTO,otras vacunaciones,l 2110       antirrabica humana esquema completo,2012-03-01,49,0,49,0,49
EL PUENTE(STC),otras vacunaciones,l 2110       antirrabica humana esquema completo,2012-03-01,4,0,4,0,4
EL TORNO,otras vacunaciones,l 2110       antirrabica humana esquema completo,2012-03-01,8,0,8,0,8
ENTRE RIOS TRJ,otras vacunaciones,l 2110       antirrabica humana esquema completo,2012-03-01,1,0,1,0,1
LA GUARDIA,otras vacunaciones,l 2110       antirrabica humana esquema completo,2012-03-01,5,0,5,0,5
LA PAZ,otras vacunaciones,l 2110       antirrabica humana esquema completo,2012-03-01,71,0,71,0,71
MAIRANA,otras vacunaciones,l 2110       antirrabica humana esquema completo,2012-03-01,1,0,1,0,1
MINEROS,otras vacunaciones,l 2110       antirrabica humana esquema completo,2012-03-01,3,0,3,0,3
MIZQUE,otras vacunaciones,l 2110       antirrabica humana esquema completo,2012-03-01,1,0,1,0,1
MONTERO,otras vacunaciones,l 2110       antirrabica humana esquema completo,2012-03-01,11,0,11,0,11
PAILON,otras vacunaciones,l 2110       antirrabica humana esquema completo,2012-03-01,1,0,1,0,1
PORCO,otras vacunaciones,l 2110       antirrabica humana esquema completo,2012-03-01,1,0,1,0,1
PORONGO,otras vacunaciones,l 2110       antirrabica humana esquema completo,2012-03-01,1,0,1,0,1
POTOSI,otras vacunaciones,l 2110       antirrabica humana esquema completo,2012-03-01,10,0,10,0,10
PUERTO SUAREZ,otras vacunaciones,l 2110       antirrabica humana esquema completo,2012-03-01,1,0,1,0,1
PUERTO VILLARROEL,otras vacunaciones,l 2110       antirrabica humana esquema completo,2012-03-01,1,0,1,0,1
QUILLACOLLO,otras vacunaciones,l 2110       antirrabica humana esquema completo,2012-03-01,3,0,3,0,3
SACABA,otras vacunaciones,l 2110       antirrabica humana esquema completo,2012-03-01,5,0,5,0,5
SAN IGNACIO,otras vacunaciones,l 2110       antirrabica humana esquema completo,2012-03-01,2,0,2,0,2
SAN MATIAS,otras vacunaciones,l 2110       antirrabica humana esquema completo,2012-03-01,3,0,3,0,3
SAN RAMON SCZ,otras vacunaciones,l 2110       antirrabica humana esquema completo,2012-03-01,16,0,16,0,16
SANTA CRUZ DE LA SIERRA,otras vacunaciones,l 2110       antirrabica humana esquema completo,2012-03-01,106,0,106,0,106
SANTA ROSA DEL SARA,otras vacunaciones,l 2110       antirrabica humana esquema completo,2012-03-01,3,0,3,0,3
SUCRE,otras vacunaciones,l 2110       antirrabica humana esquema completo,2012-03-01,26,0,26,0,26
TIPUANI,otras vacunaciones,l 2110       antirrabica humana esquema completo,2012-03-01,2,0,2,0,2
TIQUIPAYA,otras vacunaciones,l 2110       antirrabica humana esquema completo,2012-03-01,1,0,1,0,1
TRINIDAD,otras vacunaciones,l 2110       antirrabica humana esquema completo,2012-03-01,1,0,1,0,1
VALLEGRANDE,otras vacunaciones,l 2110       antirrabica humana esquema completo,2012-03-01,1,0,1,0,1
VILLA MONTES,otras vacunaciones,l 2110       antirrabica humana esquema completo,2012-03-01,1,0,1,0,1
VILLAZON,otras vacunaciones,l 2110       antirrabica humana esquema completo,2012-03-01,1,0,1,0,1
WARNES,otras vacunaciones,l 2110       antirrabica humana esquema completo,2012-03-01,18,0,18,0,18
YACUIBA,otras vacunaciones,l 2110       antirrabica humana esquema completo,2012-03-01,1,0,1,0,1
YAPACANI,otras vacunaciones,l 2110       antirrabica humana esquema completo,2012-03-01,13,0,13,0,13
BERMEJO,otras vacunaciones,l 2110       antirrabica humana esquema completo,2012-04-01,3,0,3,0,3
BUENA VISTA,otras vacunaciones,l 2110       antirrabica humana esquema completo,2012-04-01,3,0,3,0,3
CAMIRI,otras vacunaciones,l 2110       antirrabica humana esquema completo,2012-04-01,1,0,1,0,1
CAPINOTA,otras vacunaciones,l 2110       antirrabica humana esquema completo,2012-04-01,3,0,3,0,3
CLIZA,otras vacunaciones,l 2110       antirrabica humana esquema completo,2012-04-01,1,0,1,0,1
COCAPATA,otras vacunaciones,l 2110       antirrabica humana esquema completo,2012-04-01,0,1,0,1,1
COCHABAMBA,otras vacunaciones,l 2110       antirrabica humana esquema completo,2012-04-01,31,0,31,0,31
COLCAPIRHUA,otras vacunaciones,l 2110       antirrabica humana esquema completo,2012-04-01,3,0,3,0,3
COLOMI,otras vacunaciones,l 2110       antirrabica humana esquema completo,2012-04-01,1,0,1,0,1
COTOCA,otras vacunaciones,l 2110       antirrabica humana esquema completo,2012-04-01,7,0,7,0,7
EL ALTO,otras vacunaciones,l 2110       antirrabica humana esquema completo,2012-04-01,47,0,47,0,47
EL TORNO,otras vacunaciones,l 2110       antirrabica humana esquema completo,2012-04-01,10,0,10,0,10
GENERAL SAAVEDRA,otras vacunaciones,l 2110       antirrabica humana esquema completo,2012-04-01,4,0,4,0,4
LA GUARDIA,otras vacunaciones,l 2110       antirrabica humana esquema completo,2012-04-01,6,0,6,0,6
LA PAZ,otras vacunaciones,l 2110       antirrabica humana esquema completo,2012-04-01,59,0,59,0,59
MAIRANA,otras vacunaciones,l 2110       antirrabica humana esquema completo,2012-04-01,1,0,1,0,1
MINEROS,otras vacunaciones,l 2110       antirrabica humana esquema completo,2012-04-01,4,0,4,0,4
MONTERO,otras vacunaciones,l 2110       antirrabica humana esquema completo,2012-04-01,6,0,6,0,6
MORO MORO,otras vacunaciones,l 2110       antirrabica humana esquema completo,2012-04-01,1,0,1,0,1
PORONGO,otras vacunaciones,l 2110       antirrabica humana esquema completo,2012-04-01,1,0,1,0,1
PORTACHUELO,otras vacunaciones,l 2110       antirrabica humana esquema completo,2012-04-01,1,0,1,0,1
POTOSI,otras vacunaciones,l 2110       antirrabica humana esquema completo,2012-04-01,2,0,2,0,2
PUERTO VILLARROEL,otras vacunaciones,l 2110       antirrabica humana esquema completo,2012-04-01,1,0,1,0,1
PUNATA,otras vacunaciones,l 2110       antirrabica humana esquema completo,2012-04-01,2,0,2,0,2
QUILLACOLLO,otras vacunaciones,l 2110       antirrabica humana esquema completo,2012-04-01,3,0,3,0,3
SACABA,otras vacunaciones,l 2110       antirrabica humana esquema completo,2012-04-01,2,2,2,2,4
SAN BENITO,otras vacunaciones,l 2110       antirrabica humana esquema completo,2012-04-01,1,0,1,0,1
SAN BUENA VENTURA,otras vacunaciones,l 2110       antirrabica humana esquema completo,2012-04-01,1,0,1,0,1
SAN IGNACIO,otras vacunaciones,l 2110       antirrabica humana esquema completo,2012-04-01,2,0,2,0,2
SAN IGNACIO DE VELASCO,otras vacunaciones,l 2110       antirrabica humana esquema completo,2012-04-01,1,0,1,0,1
SAN RAMON SCZ,otras vacunaciones,l 2110       antirrabica humana esquema completo,2012-04-01,10,0,10,0,10
SANTA CRUZ DE LA SIERRA,otras vacunaciones,l 2110       antirrabica humana esquema completo,2012-04-01,188,0,188,0,188
SUCRE,otras vacunaciones,l 2110       antirrabica humana esquema completo,2012-04-01,61,0,61,0,61
TIQUIPAYA,otras vacunaciones,l 2110       antirrabica humana esquema completo,2012-04-01,4,0,4,0,4
TORO TORO,otras vacunaciones,l 2110       antirrabica humana esquema completo,2012-04-01,0,1,0,1,1
UYUNI,otras vacunaciones,l 2110       antirrabica humana esquema completo,2012-04-01,8,0,8,0,8
VALLEGRANDE,otras vacunaciones,l 2110       antirrabica humana esquema completo,2012-04-01,1,0,1,0,1
VIACHA,otras vacunaciones,l 2110       antirrabica humana esquema completo,2012-04-01,1,0,1,0,1
VILLA MONTES,otras vacunaciones,l 2110       antirrabica humana esquema completo,2012-04-01,3,0,3,0,3
VILLAZON,otras vacunaciones,l 2110       antirrabica humana esquema completo,2012-04-01,1,0,1,0,1
VINTO,otras vacunaciones,l 2110       antirrabica humana esquema completo,2012-04-01,43,0,43,0,43
WARNES,otras vacunaciones,l 2110       antirrabica humana esquema completo,2012-04-01,2,0,2,0,2
YAPACANI,otras vacunaciones,l 2110       antirrabica humana esquema completo,2012-04-01,12,0,12,0,12
YOTALA,otras vacunaciones,l 2110       antirrabica humana esquema completo,2012-04-01,6,0,6,0,6
BERMEJO,otras vacunaciones,l 2110       antirrabica humana esquema completo,2012-05-01,7,0,7,0,7
BUENA VISTA,otras vacunaciones,l 2110       antirrabica humana esquema completo,2012-05-01,1,0,1,0,1
CAJUATA,otras vacunaciones,l 2110       antirrabica humana esquema completo,2012-05-01,1,0,1,0,1
CAPINOTA,otras vacunaciones,l 2110       antirrabica humana esquema completo,2012-05-01,1,0,1,0,1
CHALLAPATA,otras vacunaciones,l 2110       antirrabica humana esquema completo,2012-05-01,0,20,0,20,20
COCHABAMBA,otras vacunaciones,l 2110       antirrabica humana esquema completo,2012-05-01,30,0,30,0,30
COLCAPIRHUA,otras vacunaciones,l 2110       antirrabica humana esquema completo,2012-05-01,2,0,2,0,2
COROICO,otras vacunaciones,l 2110       antirrabica humana esquema completo,2012-05-01,1,0,1,0,1
COTOCA,otras vacunaciones,l 2110       antirrabica humana esquema completo,2012-05-01,8,2,8,2,10
EL ALTO,otras vacunaciones,l 2110       antirrabica humana esquema completo,2012-05-01,56,0,56,0,56
EL TORNO,otras vacunaciones,l 2110       antirrabica humana esquema completo,2012-05-01,4,0,4,0,4
INQUISIVI,otras vacunaciones,l 2110       antirrabica humana esquema completo,2012-05-01,2,0,2,0,2
LA GUARDIA,otras vacunaciones,l 2110       antirrabica humana esquema completo,2012-05-01,17,0,17,0,17
LA PAZ,otras vacunaciones,l 2110       antirrabica humana esquema completo,2012-05-01,79,0,79,0,79
LAJA,otras vacunaciones,l 2110       antirrabica humana esquema completo,2012-05-01,1,0,1,0,1
MAPIRI,otras vacunaciones,l 2110       antirrabica humana esquema completo,2012-05-01,2,0,2,0,2
MINEROS,otras vacunaciones,l 2110       antirrabica humana esquema completo,2012-05-01,2,0,2,0,2
MONTERO,otras vacunaciones,l 2110       antirrabica humana esquema completo,2012-05-01,5,0,5,0,5
PORTACHUELO,otras vacunaciones,l 2110       antirrabica humana esquema completo,2012-05-01,1,0,1,0,1
POTOSI,otras vacunaciones,l 2110       antirrabica humana esquema completo,2012-05-01,10,0,10,0,10
PUERTO QUIJARRO,otras vacunaciones,l 2110       antirrabica humana esquema completo,2012-05-01,3,0,3,0,3
PUERTO SUAREZ,otras vacunaciones,l 2110       antirrabica humana esquema completo,2012-05-01,7,0,7,0,7
QUILLACOLLO,otras vacunaciones,l 2110       antirrabica humana esquema completo,2012-05-01,6,0,6,0,6
SACABA,otras vacunaciones,l 2110       antirrabica humana esquema completo,2012-05-01,4,0,4,0,4
SAIPINA,otras vacunaciones,l 2110       antirrabica humana esquema completo,2012-05-01,1,0,1,0,1
SAN IGNACIO,otras vacunaciones,l 2110       antirrabica humana esquema completo,2012-05-01,2,0,2,0,2
SAN JULIAN,otras vacunaciones,l 2110       antirrabica humana esquema completo,2012-05-01,4,0,4,0,4
SAN MIGUEL DE VELASCO,otras vacunaciones,l 2110       antirrabica humana esquema completo,2012-05-01,0,1,0,1,1
SAN RAMON SCZ,otras vacunaciones,l 2110       antirrabica humana esquema completo,2012-05-01,4,0,4,0,4
SANTA CRUZ DE LA SIERRA,otras vacunaciones,l 2110       antirrabica humana esquema completo,2012-05-01,138,0,138,0,138
SANTIAGO DE MACHACA,otras vacunaciones,l 2110       antirrabica humana esquema completo,2012-05-01,0,1,0,1,1
SUCRE,otras vacunaciones,l 2110       antirrabica humana esquema completo,2012-05-01,29,0,29,0,29
TARIJA,otras vacunaciones,l 2110       antirrabica humana esquema completo,2012-05-01,19,0,19,0,19
TIQUIPAYA,otras vacunaciones,l 2110       antirrabica humana esquema completo,2012-05-01,5,0,5,0,5
TOCO,otras vacunaciones,l 2110       antirrabica humana esquema completo,2012-05-01,1,0,1,0,1
VALLEGRANDE,otras vacunaciones,l 2110       antirrabica humana esquema completo,2012-05-01,5,0,5,0,5
VIACHA,otras vacunaciones,l 2110       antirrabica humana esquema completo,2012-05-01,3,0,3,0,3
VILLA MONTES,otras vacunaciones,l 2110       antirrabica humana esquema completo,2012-05-01,1,0,1,0,1
VILLA TUNARI,otras vacunaciones,l 2110       antirrabica humana esquema completo,2012-05-01,1,0,1,0,1
WARNES,otras vacunaciones,l 2110       antirrabica humana esquema completo,2012-05-01,15,0,15,0,15
YACUIBA,otras vacunaciones,l 2110       antirrabica humana esquema completo,2012-05-01,1,0,1,0,1
YAPACANI,otras vacunaciones,l 2110       antirrabica humana esquema completo,2012-05-01,1,0,1,0,1
ARQUE,otras vacunaciones,l 2110       antirrabica humana esquema completo,2012-06-01,1,0,1,0,1
BERMEJO,otras vacunaciones,l 2110       antirrabica humana esquema completo,2012-06-01,1,0,1,0,1
BUENA VISTA,otras vacunaciones,l 2110       antirrabica humana esquema completo,2012-06-01,1,0,1,0,1
CAMIRI,otras vacunaciones,l 2110       antirrabica humana esquema completo,2012-06-01,2,0,2,0,2
CAPINOTA,otras vacunaciones,l 2110       antirrabica humana esquema completo,2012-06-01,4,0,4,0,4
CHARAGUA,otras vacunaciones,l 2110       antirrabica humana esquema completo,2012-06-01,1,0,1,0,1
CLIZA,otras vacunaciones,l 2110       antirrabica humana esquema completo,2012-06-01,1,0,1,0,1
COCHABAMBA,otras vacunaciones,l 2110       antirrabica humana esquema completo,2012-06-01,39,0,39,0,39
COLCAPIRHUA,otras vacunaciones,l 2110       antirrabica humana esquema completo,2012-06-01,5,0,5,0,5
COLPA BELGICA,otras vacunaciones,l 2110       antirrabica humana esquema completo,2012-06-01,14,0,14,0,14
COTOCA,otras vacunaciones,l 2110       antirrabica humana esquema completo,2012-06-01,20,0,20,0,20
EL ALTO,otras vacunaciones,l 2110       antirrabica humana esquema completo,2012-06-01,67,0,67,0,67
EL TORNO,otras vacunaciones,l 2110       antirrabica humana esquema completo,2012-06-01,3,0,3,0,3
ENTRE RIOS TRJ,otras vacunaciones,l 2110       antirrabica humana esquema completo,2012-06-01,1,0,1,0,1
GENERAL SAAVEDRA,otras vacunaciones,l 2110       antirrabica humana esquema completo,2012-06-01,14,0,14,0,14
HUANUNI,otras vacunaciones,l 2110       antirrabica humana esquema completo,2012-06-01,1,0,1,0,1
LA GUARDIA,otras vacunaciones,l 2110       antirrabica humana esquema completo,2012-06-01,26,0,26,0,26
LA PAZ,otras vacunaciones,l 2110       antirrabica humana esquema completo,2012-06-01,93,0,93,0,93
MAIRANA,otras vacunaciones,l 2110       antirrabica humana esquema completo,2012-06-01,2,0,2,0,2
MINEROS,otras vacunaciones,l 2110       antirrabica humana esquema completo,2012-06-01,2,0,2,0,2
MONTERO,otras vacunaciones,l 2110       antirrabica humana esquema completo,2012-06-01,12,0,12,0,12
MORO MORO,otras vacunaciones,l 2110       antirrabica humana esquema completo,2012-06-01,1,0,1,0,1
PAILON,otras vacunaciones,l 2110       antirrabica humana esquema completo,2012-06-01,2,0,2,0,2
PORCO,otras vacunaciones,l 2110       antirrabica humana esquema completo,2012-06-01,1,0,1,0,1
PORONGO,otras vacunaciones,l 2110       antirrabica humana esquema completo,2012-06-01,1,0,1,0,1
POTOSI,otras vacunaciones,l 2110       antirrabica humana esquema completo,2012-06-01,19,0,19,0,19
PUERTO QUIJARRO,otras vacunaciones,l 2110       antirrabica humana esquema completo,2012-06-01,4,0,4,0,4
PUERTO SUAREZ,otras vacunaciones,l 2110       antirrabica humana esquema completo,2012-06-01,5,0,5,0,5
QUILLACOLLO,otras vacunaciones,l 2110       antirrabica humana esquema completo,2012-06-01,2,0,2,0,2
SACABA,otras vacunaciones,l 2110       antirrabica humana esquema completo,2012-06-01,1,0,1,0,1
SAN BORJA,otras vacunaciones,l 2110       antirrabica humana esquema completo,2012-06-01,2,0,2,0,2
SAN IGNACIO,otras vacunaciones,l 2110       antirrabica humana esquema completo,2012-06-01,3,0,3,0,3
SAN IGNACIO DE VELASCO,otras vacunaciones,l 2110       antirrabica humana esquema completo,2012-06-01,1,0,1,0,1
SAN JULIAN,otras vacunaciones,l 2110       antirrabica humana esquema completo,2012-06-01,4,0,4,0,4
SAN RAMON SCZ,otras vacunaciones,l 2110       antirrabica humana esquema completo,2012-06-01,2,0,2,0,2
SANTA CRUZ DE LA SIERRA,otras vacunaciones,l 2110       antirrabica humana esquema completo,2012-06-01,264,0,264,0,264
SANTA ROSA DEL SARA,otras vacunaciones,l 2110       antirrabica humana esquema completo,2012-06-01,1,0,1,0,1
SANTIAGO DE MACHACA,otras vacunaciones,l 2110       antirrabica humana esquema completo,2012-06-01,0,1,0,1,1
SHINAOTA,otras vacunaciones,l 2110       antirrabica humana esquema completo,2012-06-01,5,0,5,0,5
SUCRE,otras vacunaciones,l 2110       antirrabica humana esquema completo,2012-06-01,44,0,44,0,44
TARATA,otras vacunaciones,l 2110       antirrabica humana esquema completo,2012-06-01,1,0,1,0,1
TARIJA,otras vacunaciones,l 2110       antirrabica humana esquema completo,2012-06-01,17,0,17,0,17
TIPUANI,otras vacunaciones,l 2110       antirrabica humana esquema completo,2012-06-01,1,0,1,0,1
TIQUIPAYA,otras vacunaciones,l 2110       antirrabica humana esquema completo,2012-06-01,2,0,2,0,2
TORO TORO,otras vacunaciones,l 2110       antirrabica humana esquema completo,2012-06-01,2,0,2,0,2
VALLEGRANDE,otras vacunaciones,l 2110       antirrabica humana esquema completo,2012-06-01,2,0,2,0,2
VIACHA,otras vacunaciones,l 2110       antirrabica humana esquema completo,2012-06-01,1,3,1,3,4
VILLA MONTES,otras vacunaciones,l 2110       antirrabica humana esquema completo,2012-06-01,4,0,4,0,4
WARNES,otras vacunaciones,l 2110       antirrabica humana esquema completo,2012-06-01,33,0,33,0,33
YACUIBA,otras vacunaciones,l 2110       antirrabica humana esquema completo,2012-06-01,3,0,3,0,3
YAPACANI,otras vacunaciones,l 2110       antirrabica humana esquema completo,2012-06-01,6,0,6,0,6
ARBIETO,otras vacunaciones,l 2110       antirrabica humana esquema completo,2012-07-01,0,1,0,1,1
CAMIRI,otras vacunaciones,l 2110       antirrabica humana esquema completo,2012-07-01,1,0,1,0,1
CAPINOTA,otras vacunaciones,l 2110       antirrabica humana esquema completo,2012-07-01,1,0,1,0,1
CARAPARI,otras vacunaciones,l 2110       antirrabica humana esquema completo,2012-07-01,2,0,2,0,2
CHALLAPATA,otras vacunaciones,l 2110       antirrabica humana esquema completo,2012-07-01,1,0,1,0,1
CLIZA,otras vacunaciones,l 2110       antirrabica humana esquema completo,2012-07-01,1,0,1,0,1
COCHABAMBA,otras vacunaciones,l 2110       antirrabica humana esquema completo,2012-07-01,48,1,48,1,49
COLCAPIRHUA,otras vacunaciones,l 2110       antirrabica humana esquema completo,2012-07-01,2,0,2,0,2
COLLANA,otras vacunaciones,l 2110       antirrabica humana esquema completo,2012-07-01,0,11,0,11,11
COLOMI,otras vacunaciones,l 2110       antirrabica humana esquema completo,2012-07-01,1,0,1,0,1
COMARAPA,otras vacunaciones,l 2110       antirrabica humana esquema completo,2012-07-01,1,0,1,0,1
COROICO,otras vacunaciones,l 2110       antirrabica humana esquema completo,2012-07-01,1,0,1,0,1
COTOCA,otras vacunaciones,l 2110       antirrabica humana esquema completo,2012-07-01,5,3,5,3,8
CUATRO CAÑADAS,otras vacunaciones,l 2110       antirrabica humana esquema completo,2012-07-01,1,0,1,0,1
CUEVO,otras vacunaciones,l 2110       antirrabica humana esquema completo,2012-07-01,6,0,6,0,6
EL ALTO,otras vacunaciones,l 2110       antirrabica humana esquema completo,2012-07-01,58,0,58,0,58
EL TORNO,otras vacunaciones,l 2110       antirrabica humana esquema completo,2012-07-01,6,0,6,0,6
ENTRE RIOS TRJ,otras vacunaciones,l 2110       antirrabica humana esquema completo,2012-07-01,1,0,1,0,1
LA GUARDIA,otras vacunaciones,l 2110       antirrabica humana esquema completo,2012-07-01,8,0,8,0,8
LA PAZ,otras vacunaciones,l 2110       antirrabica humana esquema completo,2012-07-01,65,0,65,0,65
MAIRANA,otras vacunaciones,l 2110       antirrabica humana esquema completo,2012-07-01,1,0,1,0,1
MAPIRI,otras vacunaciones,l 2110       antirrabica humana esquema completo,2012-07-01,1,0,1,0,1
MONTERO,otras vacunaciones,l 2110       antirrabica humana esquema completo,2012-07-01,18,0,18,0,18
MORO MORO,otras vacunaciones,l 2110       antirrabica humana esquema completo,2012-07-01,1,0,1,0,1
PAILON,otras vacunaciones,l 2110       antirrabica humana esquema completo,2012-07-01,2,0,2,0,2
PALOS BLANCOS,otras vacunaciones,l 2110       antirrabica humana esquema completo,2012-07-01,10,0,10,0,10
PORONGO,otras vacunaciones,l 2110       antirrabica humana esquema completo,2012-07-01,13,0,13,0,13
POTOSI,otras vacunaciones,l 2110       antirrabica humana esquema completo,2012-07-01,21,0,21,0,21
PUERTO QUIJARRO,otras vacunaciones,l 2110       antirrabica humana esquema completo,2012-07-01,1,0,1,0,1
PUERTO VILLARROEL,otras vacunaciones,l 2110       antirrabica humana esquema completo,2012-07-01,3,0,3,0,3
PUNATA,otras vacunaciones,l 2110       antirrabica humana esquema completo,2012-07-01,2,0,2,0,2
QUILLACOLLO,otras vacunaciones,l 2110       antirrabica humana esquema completo,2012-07-01,2,0,2,0,2
QUIRUSILLAS,otras vacunaciones,l 2110       antirrabica humana esquema completo,2012-07-01,1,0,1,0,1
RAVELO,otras vacunaciones,l 2110       antirrabica humana esquema completo,2012-07-01,0,1,0,1,1
SACABA,otras vacunaciones,l 2110       antirrabica humana esquema completo,2012-07-01,5,0,5,0,5
SAN BORJA,otras vacunaciones,l 2110       antirrabica humana esquema completo,2012-07-01,2,0,2,0,2
SAN IGNACIO,otras vacunaciones,l 2110       antirrabica humana esquema completo,2012-07-01,14,0,14,0,14
SAN JOSE DE CHIQUITOS,otras vacunaciones,l 2110       antirrabica humana esquema completo,2012-07-01,1,0,1,0,1
SAN JULIAN,otras vacunaciones,l 2110       antirrabica humana esquema completo,2012-07-01,7,0,7,0,7
SAN MIGUEL DE VELASCO,otras vacunaciones,l 2110       antirrabica humana esquema completo,2012-07-01,0,1,0,1,1
SAN PEDRO DE BUENA VISTA,otras vacunaciones,l 2110       antirrabica humana esquema completo,2012-07-01,1,0,1,0,1
SAN RAMON SCZ,otras vacunaciones,l 2110       antirrabica humana esquema completo,2012-07-01,10,0,10,0,10
SANTA CRUZ DE LA SIERRA,otras vacunaciones,l 2110       antirrabica humana esquema completo,2012-07-01,236,0,236,0,236
SANTA ROSA DEL SARA,otras vacunaciones,l 2110       antirrabica humana esquema completo,2012-07-01,1,0,1,0,1
SICAYA,otras vacunaciones,l 2110       antirrabica humana esquema completo,2012-07-01,0,7,0,7,7
SORATA,otras vacunaciones,l 2110       antirrabica humana esquema completo,2012-07-01,1,0,1,0,1
SUCRE,otras vacunaciones,l 2110       antirrabica humana esquema completo,2012-07-01,61,0,61,0,61
TARIJA,otras vacunaciones,l 2110       antirrabica humana esquema completo,2012-07-01,9,0,9,0,9
TIQUIPAYA,otras vacunaciones,l 2110       antirrabica humana esquema completo,2012-07-01,3,0,3,0,3
TORO TORO,otras vacunaciones,l 2110       antirrabica humana esquema completo,2012-07-01,3,0,3,0,3
TRIGAL,otras vacunaciones,l 2110       antirrabica humana esquema completo,2012-07-01,0,1,0,1,1
TUPIZA,otras vacunaciones,l 2110       antirrabica humana esquema completo,2012-07-01,1,0,1,0,1
UYUNI,otras vacunaciones,l 2110       antirrabica humana esquema completo,2012-07-01,2,0,2,0,2
VALLEGRANDE,otras vacunaciones,l 2110       antirrabica humana esquema completo,2012-07-01,3,0,3,0,3
VIACHA,otras vacunaciones,l 2110       antirrabica humana esquema completo,2012-07-01,2,0,2,0,2
VILLA MONTES,otras vacunaciones,l 2110       antirrabica humana esquema completo,2012-07-01,3,0,3,0,3
VILLA SERRANO,otras vacunaciones,l 2110       antirrabica humana esquema completo,2012-07-01,1,0,1,0,1
VILLAZON,otras vacunaciones,l 2110       antirrabica humana esquema completo,2012-07-01,2,0,2,0,2
VINTO,otras vacunaciones,l 2110       antirrabica humana esquema completo,2012-07-01,1,0,1,0,1
WARNES,otras vacunaciones,l 2110       antirrabica humana esquema completo,2012-07-01,8,0,8,0,8
YACUIBA,otras vacunaciones,l 2110       antirrabica humana esquema completo,2012-07-01,5,0,5,0,5
YAPACANI,otras vacunaciones,l 2110       antirrabica humana esquema completo,2012-07-01,1,0,1,0,1
ARANI,otras vacunaciones,l 2110       antirrabica humana esquema completo,2012-08-01,1,0,1,0,1
ARBIETO,otras vacunaciones,l 2110       antirrabica humana esquema completo,2012-08-01,1,0,1,0,1
ARQUE,otras vacunaciones,l 2110       antirrabica humana esquema completo,2012-08-01,1,0,1,0,1
CAMIRI,otras vacunaciones,l 2110       antirrabica humana esquema completo,2012-08-01,7,0,7,0,7
CAPINOTA,otras vacunaciones,l 2110       antirrabica humana esquema completo,2012-08-01,1,0,1,0,1
CARANAVI,otras vacunaciones,l 2110       antirrabica humana esquema completo,2012-08-01,6,0,6,0,6
CKOCHAS,otras vacunaciones,l 2110       antirrabica humana esquema completo,2012-08-01,0,2,0,2,2
COCHABAMBA,otras vacunaciones,l 2110       antirrabica humana esquema completo,2012-08-01,71,0,71,0,71
COLCAPIRHUA,otras vacunaciones,l 2110       antirrabica humana esquema completo,2012-08-01,2,0,2,0,2
COMARAPA,otras vacunaciones,l 2110       antirrabica humana esquema completo,2012-08-01,1,0,1,0,1
COPACABANA,otras vacunaciones,l 2110       antirrabica humana esquema completo,2012-08-01,1,0,1,0,1
COTOCA,otras vacunaciones,l 2110       antirrabica humana esquema completo,2012-08-01,11,7,11,7,18
CUATRO CAÑADAS,otras vacunaciones,l 2110       antirrabica humana esquema completo,2012-08-01,2,0,2,0,2
CUEVO,otras vacunaciones,l 2110       antirrabica humana esquema completo,2012-08-01,3,0,3,0,3
EL ALTO,otras vacunaciones,l 2110       antirrabica humana esquema completo,2012-08-01,52,0,52,0,52
EL TORNO,otras vacunaciones,l 2110       antirrabica humana esquema completo,2012-08-01,4,0,4,0,4
ENTRE RIOS TRJ,otras vacunaciones,l 2110       antirrabica humana esquema completo,2012-08-01,1,0,1,0,1
ENTRE RIOS CBBA,otras vacunaciones,l 2110       antirrabica humana esquema completo,2012-08-01,1,0,1,0,1
LA GUARDIA,otras vacunaciones,l 2110       antirrabica humana esquema completo,2012-08-01,13,0,13,0,13
LA PAZ,otras vacunaciones,l 2110       antirrabica humana esquema completo,2012-08-01,70,0,70,0,70
LICOMA PAMPA,otras vacunaciones,l 2110       antirrabica humana esquema completo,2012-08-01,2,0,2,0,2
MINEROS,otras vacunaciones,l 2110       antirrabica humana esquema completo,2012-08-01,4,0,4,0,4
MONTERO,otras vacunaciones,l 2110       antirrabica humana esquema completo,2012-08-01,12,0,12,0,12
PALOS BLANCOS,otras vacunaciones,l 2110       antirrabica humana esquema completo,2012-08-01,17,0,17,0,17
PORCO,otras vacunaciones,l 2110       antirrabica humana esquema completo,2012-08-01,1,0,1,0,1
PORONGO,otras vacunaciones,l 2110       antirrabica humana esquema completo,2012-08-01,1,0,1,0,1
PORTACHUELO,otras vacunaciones,l 2110       antirrabica humana esquema completo,2012-08-01,1,0,1,0,1
POTOSI,otras vacunaciones,l 2110       antirrabica humana esquema completo,2012-08-01,11,0,11,0,11
PUERTO QUIJARRO,otras vacunaciones,l 2110       antirrabica humana esquema completo,2012-08-01,2,0,2,0,2
PUERTO SUAREZ,otras vacunaciones,l 2110       antirrabica humana esquema completo,2012-08-01,1,0,1,0,1
PUNA,otras vacunaciones,l 2110       antirrabica humana esquema completo,2012-08-01,1,0,1,0,1
QUILLACOLLO,otras vacunaciones,l 2110       antirrabica humana esquema completo,2012-08-01,2,0,2,0,2
SACABA,otras vacunaciones,l 2110       antirrabica humana esquema completo,2012-08-01,7,0,7,0,7
SAMAIPATA,otras vacunaciones,l 2110       antirrabica humana esquema completo,2012-08-01,2,0,2,0,2
SAN BENITO,otras vacunaciones,l 2110       antirrabica humana esquema completo,2012-08-01,1,0,1,0,1
SAN BUENA VENTURA,otras vacunaciones,l 2110       antirrabica humana esquema completo,2012-08-01,2,0,2,0,2
SAN IGNACIO,otras vacunaciones,l 2110       antirrabica humana esquema completo,2012-08-01,3,0,3,0,3
SAN IGNACIO DE VELASCO,otras vacunaciones,l 2110       antirrabica humana esquema completo,2012-08-01,3,0,3,0,3
SAN JULIAN,otras vacunaciones,l 2110       antirrabica humana esquema completo,2012-08-01,27,0,27,0,27
SAN MIGUEL DE VELASCO,otras vacunaciones,l 2110       antirrabica humana esquema completo,2012-08-01,0,1,0,1,1
SAN RAMON SCZ,otras vacunaciones,l 2110       antirrabica humana esquema completo,2012-08-01,3,0,3,0,3
SANTA CRUZ DE LA SIERRA,otras vacunaciones,l 2110       antirrabica humana esquema completo,2012-08-01,209,0,209,0,209
SUCRE,otras vacunaciones,l 2110       antirrabica humana esquema completo,2012-08-01,76,0,76,0,76
TARATA,otras vacunaciones,l 2110       antirrabica humana esquema completo,2012-08-01,0,1,0,1,1
TARIJA,otras vacunaciones,l 2110       antirrabica humana esquema completo,2012-08-01,15,0,15,0,15
TIPUANI,otras vacunaciones,l 2110       antirrabica humana esquema completo,2012-08-01,1,0,1,0,1
TORO TORO,otras vacunaciones,l 2110       antirrabica humana esquema completo,2012-08-01,1,0,1,0,1
TUPIZA,otras vacunaciones,l 2110       antirrabica humana esquema completo,2012-08-01,1,0,1,0,1
VALLEGRANDE,otras vacunaciones,l 2110       antirrabica humana esquema completo,2012-08-01,4,0,4,0,4
VIACHA,otras vacunaciones,l 2110       antirrabica humana esquema completo,2012-08-01,1,2,1,2,3
VILLA MONTES,otras vacunaciones,l 2110       antirrabica humana esquema completo,2012-08-01,4,0,4,0,4
VILLAZON,otras vacunaciones,l 2110       antirrabica humana esquema completo,2012-08-01,1,0,1,0,1
WARNES,otras vacunaciones,l 2110       antirrabica humana esquema completo,2012-08-01,2,1,2,1,3
YACUIBA,otras vacunaciones,l 2110       antirrabica humana esquema completo,2012-08-01,5,0,5,0,5
YAPACANI,otras vacunaciones,l 2110       antirrabica humana esquema completo,2012-08-01,1,0,1,0,1
YOCALLA,otras vacunaciones,l 2110       antirrabica humana esquema completo,2012-08-01,0,10,0,10,10
ARQUE,otras vacunaciones,l 2110       antirrabica humana esquema completo,2012-09-01,0,1,0,1,1
BERMEJO,otras vacunaciones,l 2110       antirrabica humana esquema completo,2012-09-01,2,0,2,0,2
CAMIRI,otras vacunaciones,l 2110       antirrabica humana esquema completo,2012-09-01,2,0,2,0,2
COCHABAMBA,otras vacunaciones,l 2110       antirrabica humana esquema completo,2012-09-01,45,0,45,0,45
COLCAPIRHUA,otras vacunaciones,l 2110       antirrabica humana esquema completo,2012-09-01,2,0,2,0,2
"COLCHA ""K""",otras vacunaciones,l 2110       antirrabica humana esquema completo,2012-09-01,1,0,1,0,1
COROICO,otras vacunaciones,l 2110       antirrabica humana esquema completo,2012-09-01,0,51,0,51,51
COTOCA,otras vacunaciones,l 2110       antirrabica humana esquema completo,2012-09-01,7,3,7,3,10
CUATRO CAÑADAS,otras vacunaciones,l 2110       antirrabica humana esquema completo,2012-09-01,3,0,3,0,3
CUEVO,otras vacunaciones,l 2110       antirrabica humana esquema completo,2012-09-01,1,0,1,0,1
EL ALTO,otras vacunaciones,l 2110       antirrabica humana esquema completo,2012-09-01,54,0,54,0,54
EL TORNO,otras vacunaciones,l 2110       antirrabica humana esquema completo,2012-09-01,6,0,6,0,6
ESCOMA,otras vacunaciones,l 2110       antirrabica humana esquema completo,2012-09-01,1,0,1,0,1
LA GUARDIA,otras vacunaciones,l 2110       antirrabica humana esquema completo,2012-09-01,27,0,27,0,27
LA PAZ,otras vacunaciones,l 2110       antirrabica humana esquema completo,2012-09-01,67,0,67,0,67
MAIRANA,otras vacunaciones,l 2110       antirrabica humana esquema completo,2012-09-01,2,0,2,0,2
MAPIRI,otras vacunaciones,l 2110       antirrabica humana esquema completo,2012-09-01,1,0,1,0,1
MINEROS,otras vacunaciones,l 2110       antirrabica humana esquema completo,2012-09-01,1,0,1,0,1
MIZQUE,otras vacunaciones,l 2110       antirrabica humana esquema completo,2012-09-01,4,0,4,0,4
MONTERO,otras vacunaciones,l 2110       antirrabica humana esquema completo,2012-09-01,21,0,21,0,21
OCURI,otras vacunaciones,l 2110       antirrabica humana esquema completo,2012-09-01,1,0,1,0,1
PAILON,otras vacunaciones,l 2110       antirrabica humana esquema completo,2012-09-01,2,0,2,0,2
PALOS BLANCOS,otras vacunaciones,l 2110       antirrabica humana esquema completo,2012-09-01,3,0,3,0,3
POTOSI,otras vacunaciones,l 2110       antirrabica humana esquema completo,2012-09-01,7,0,7,0,7
PUERTO QUIJARRO,otras vacunaciones,l 2110       antirrabica humana esquema completo,2012-09-01,1,0,1,0,1
PUNATA,otras vacunaciones,l 2110       antirrabica humana esquema completo,2012-09-01,1,0,1,0,1
QUILLACOLLO,otras vacunaciones,l 2110       antirrabica humana esquema completo,2012-09-01,1,0,1,0,1
SACABA,otras vacunaciones,l 2110       antirrabica humana esquema completo,2012-09-01,1,0,1,0,1
SAIPINA,otras vacunaciones,l 2110       antirrabica humana esquema completo,2012-09-01,2,0,2,0,2
SAMAIPATA,otras vacunaciones,l 2110       antirrabica humana esquema completo,2012-09-01,1,0,1,0,1
SAN BORJA,otras vacunaciones,l 2110       antirrabica humana esquema completo,2012-09-01,0,1,0,1,1
SAN BUENA VENTURA,otras vacunaciones,l 2110       antirrabica humana esquema completo,2012-09-01,1,0,1,0,1
SAN IGNACIO,otras vacunaciones,l 2110       antirrabica humana esquema completo,2012-09-01,3,0,3,0,3
SAN IGNACIO DE VELASCO,otras vacunaciones,l 2110       antirrabica humana esquema completo,2012-09-01,9,0,9,0,9
SAN JULIAN,otras vacunaciones,l 2110       antirrabica humana esquema completo,2012-09-01,3,0,3,0,3
SAN RAMON SCZ,otras vacunaciones,l 2110       antirrabica humana esquema completo,2012-09-01,3,0,3,0,3
SANTA CRUZ DE LA SIERRA,otras vacunaciones,l 2110       antirrabica humana esquema completo,2012-09-01,172,0,172,0,172
SUCRE,otras vacunaciones,l 2110       antirrabica humana esquema completo,2012-09-01,29,0,29,0,29
TARATA,otras vacunaciones,l 2110       antirrabica humana esquema completo,2012-09-01,1,0,1,0,1
TARIJA,otras vacunaciones,l 2110       antirrabica humana esquema completo,2012-09-01,14,0,14,0,14
TIAWANACU,otras vacunaciones,l 2110       antirrabica humana esquema completo,2012-09-01,1,0,1,0,1
TOTORA(CBBA),otras vacunaciones,l 2110       antirrabica humana esquema completo,2012-09-01,1,0,1,0,1
UYUNI,otras vacunaciones,l 2110       antirrabica humana esquema completo,2012-09-01,1,0,1,0,1
VINTO,otras vacunaciones,l 2110       antirrabica humana esquema completo,2012-09-01,1,0,1,0,1
WARNES,otras vacunaciones,l 2110       antirrabica humana esquema completo,2012-09-01,7,0,7,0,7
YACUIBA,otras vacunaciones,l 2110       antirrabica humana esquema completo,2012-09-01,4,0,4,0,4
YAPACANI,otras vacunaciones,l 2110       antirrabica humana esquema completo,2012-09-01,18,0,18,0,18
YOTALA,otras vacunaciones,l 2110       antirrabica humana esquema completo,2012-09-01,2,0,2,0,2
ACHACACHI,otras vacunaciones,l 2110       antirrabica humana esquema completo,2012-10-01,1,0,1,0,1
ALTO BENI,otras vacunaciones,l 2110       antirrabica humana esquema completo,2012-10-01,1,0,1,0,1
ANZALDO,otras vacunaciones,l 2110       antirrabica humana esquema completo,2012-10-01,1,0,1,0,1
ARBIETO,otras vacunaciones,l 2110       antirrabica humana esquema completo,2012-10-01,1,0,1,0,1
ASCENCION DE GUARAYOS,otras vacunaciones,l 2110       antirrabica humana esquema completo,2012-10-01,2,168,2,168,170
ATOCHA,otras vacunaciones,l 2110       antirrabica humana esquema completo,2012-10-01,1,0,1,0,1
BERMEJO,otras vacunaciones,l 2110       antirrabica humana esquema completo,2012-10-01,1,0,1,0,1
CAMIRI,otras vacunaciones,l 2110       antirrabica humana esquema completo,2012-10-01,2,0,2,0,2
CAPINOTA,otras vacunaciones,l 2110       antirrabica humana esquema completo,2012-10-01,1,0,1,0,1
CARMEN RIVERO TORREZ,otras vacunaciones,l 2110       antirrabica humana esquema completo,2012-10-01,10,0,10,0,10
CHALLAPATA,otras vacunaciones,l 2110       antirrabica humana esquema completo,2012-10-01,2,0,2,0,2
CHULUMANI (V. DE LA LIBERTAD),otras vacunaciones,l 2110       antirrabica humana esquema completo,2012-10-01,1,0,1,0,1
COCHABAMBA,otras vacunaciones,l 2110       antirrabica humana esquema completo,2012-10-01,52,1,52,1,53
COLCAPIRHUA,otras vacunaciones,l 2110       antirrabica humana esquema completo,2012-10-01,2,0,2,0,2
COLOMI,otras vacunaciones,l 2110       antirrabica humana esquema completo,2012-10-01,1,0,1,0,1
COMARAPA,otras vacunaciones,l 2110       antirrabica humana esquema completo,2012-10-01,1,0,1,0,1
COTOCA,otras vacunaciones,l 2110       antirrabica humana esquema completo,2012-10-01,9,0,9,0,9
CUATRO CAÑADAS,otras vacunaciones,l 2110       antirrabica humana esquema completo,2012-10-01,6,0,6,0,6
EL ALTO,otras vacunaciones,l 2110       antirrabica humana esquema completo,2012-10-01,66,0,66,0,66
EL TORNO,otras vacunaciones,l 2110       antirrabica humana esquema completo,2012-10-01,2,0,2,0,2
ENTRE RIOS TRJ,otras vacunaciones,l 2110       antirrabica humana esquema completo,2012-10-01,1,0,1,0,1
LA GUARDIA,otras vacunaciones,l 2110       antirrabica humana esquema completo,2012-10-01,25,0,25,0,25
LA PAZ,otras vacunaciones,l 2110       antirrabica humana esquema completo,2012-10-01,71,0,71,0,71
LICOMA PAMPA,otras vacunaciones,l 2110       antirrabica humana esquema completo,2012-10-01,2,0,2,0,2
MAIRANA,otras vacunaciones,l 2110       antirrabica humana esquema completo,2012-10-01,1,0,1,0,1
MINEROS,otras vacunaciones,l 2110       antirrabica humana esquema completo,2012-10-01,9,0,9,0,9
MIZQUE,otras vacunaciones,l 2110       antirrabica humana esquema completo,2012-10-01,0,3,0,3,3
MONTERO,otras vacunaciones,l 2110       antirrabica humana esquema completo,2012-10-01,10,0,10,0,10
PORCO,otras vacunaciones,l 2110       antirrabica humana esquema completo,2012-10-01,1,0,1,0,1
POTOSI,otras vacunaciones,l 2110       antirrabica humana esquema completo,2012-10-01,14,0,14,0,14
PUNA,otras vacunaciones,l 2110       antirrabica humana esquema completo,2012-10-01,1,1,1,1,2
QUILLACOLLO,otras vacunaciones,l 2110       antirrabica humana esquema completo,2012-10-01,1,0,1,0,1
SACABA,otras vacunaciones,l 2110       antirrabica humana esquema completo,2012-10-01,1,0,1,0,1
SAN ANTONIO DE LOMERIO,otras vacunaciones,l 2110       antirrabica humana esquema completo,2012-10-01,1,0,1,0,1
SAN CARLOS,otras vacunaciones,l 2110       antirrabica humana esquema completo,2012-10-01,2,0,2,0,2
SAN IGNACIO,otras vacunaciones,l 2110       antirrabica humana esquema completo,2012-10-01,4,0,4,0,4
SAN IGNACIO DE VELASCO,otras vacunaciones,l 2110       antirrabica humana esquema completo,2012-10-01,62,0,62,0,62
SAN JOSE DE CHIQUITOS,otras vacunaciones,l 2110       antirrabica humana esquema completo,2012-10-01,3,0,3,0,3
SAN JUAN DE YAPACANI,otras vacunaciones,l 2110       antirrabica humana esquema completo,2012-10-01,5,0,5,0,5
SAN JULIAN,otras vacunaciones,l 2110       antirrabica humana esquema completo,2012-10-01,6,0,6,0,6
SAN PEDRO DE BUENA VISTA,otras vacunaciones,l 2110       antirrabica humana esquema completo,2012-10-01,1,0,1,0,1
SAN RAMON SCZ,otras vacunaciones,l 2110       antirrabica humana esquema completo,2012-10-01,5,0,5,0,5
SANTA CRUZ DE LA SIERRA,otras vacunaciones,l 2110       antirrabica humana esquema completo,2012-10-01,145,0,145,0,145
SIPE SIPE,otras vacunaciones,l 2110       antirrabica humana esquema completo,2012-10-01,1,0,1,0,1
SUCRE,otras vacunaciones,l 2110       antirrabica humana esquema completo,2012-10-01,43,0,43,0,43
TARIJA,otras vacunaciones,l 2110       antirrabica humana esquema completo,2012-10-01,13,0,13,0,13
TIQUIPAYA,otras vacunaciones,l 2110       antirrabica humana esquema completo,2012-10-01,1,0,1,0,1
UYUNI,otras vacunaciones,l 2110       antirrabica humana esquema completo,2012-10-01,1,0,1,0,1
VALLEGRANDE,otras vacunaciones,l 2110       antirrabica humana esquema completo,2012-10-01,4,0,4,0,4
VILLA TUNARI,otras vacunaciones,l 2110       antirrabica humana esquema completo,2012-10-01,1,0,1,0,1
VILLAZON,otras vacunaciones,l 2110       antirrabica humana esquema completo,2012-10-01,1,0,1,0,1
VINTO,otras vacunaciones,l 2110       antirrabica humana esquema completo,2012-10-01,2,0,2,0,2
WARNES,otras vacunaciones,l 2110       antirrabica humana esquema completo,2012-10-01,7,0,7,0,7
YACUIBA,otras vacunaciones,l 2110       antirrabica humana esquema completo,2012-10-01,2,0,2,0,2
YAPACANI,otras vacunaciones,l 2110       antirrabica humana esquema completo,2012-10-01,14,0,14,0,14
YOTALA,otras vacunaciones,l 2110       antirrabica humana esquema completo,2012-10-01,1,0,1,0,1
ACACIO,otras vacunaciones,l 2110       antirrabica humana esquema completo,2012-11-01,1,0,1,0,1
ALTO BENI,otras vacunaciones,l 2110       antirrabica humana esquema completo,2012-11-01,1,0,1,0,1
ATOCHA,otras vacunaciones,l 2110       antirrabica humana esquema completo,2012-11-01,1,0,1,0,1
CABEZAS,otras vacunaciones,l 2110       antirrabica humana esquema completo,2012-11-01,1,0,1,0,1
CARANAVI,otras vacunaciones,l 2110       antirrabica humana esquema completo,2012-11-01,5,0,5,0,5
CARAPARI,otras vacunaciones,l 2110       antirrabica humana esquema completo,2012-11-01,5,0,5,0,5
CARMEN RIVERO TORREZ,otras vacunaciones,l 2110       antirrabica humana esquema completo,2012-11-01,8,0,8,0,8
COCHABAMBA,otras vacunaciones,l 2110       antirrabica humana esquema completo,2012-11-01,56,0,56,0,56
COLCAPIRHUA,otras vacunaciones,l 2110       antirrabica humana esquema completo,2012-11-01,6,0,6,0,6
"COLCHA ""K""",otras vacunaciones,l 2110       antirrabica humana esquema completo,2012-11-01,1,0,1,0,1
COLPA BELGICA,otras vacunaciones,l 2110       antirrabica humana esquema completo,2012-11-01,4,0,4,0,4
COTOCA,otras vacunaciones,l 2110       antirrabica humana esquema completo,2012-11-01,2,0,2,0,2
CUATRO CAÑADAS,otras vacunaciones,l 2110       antirrabica humana esquema completo,2012-11-01,1,0,1,0,1
EL ALTO,otras vacunaciones,l 2110       antirrabica humana esquema completo,2012-11-01,59,0,59,0,59
EL TORNO,otras vacunaciones,l 2110       antirrabica humana esquema completo,2012-11-01,24,0,24,0,24
GUANAY,otras vacunaciones,l 2110       antirrabica humana esquema completo,2012-11-01,1,0,1,0,1
JESUS DE MACHACA,otras vacunaciones,l 2110       antirrabica humana esquema completo,2012-11-01,1,0,1,0,1
LA PAZ,otras vacunaciones,l 2110       antirrabica humana esquema completo,2012-11-01,64,0,64,0,64
MAIRANA,otras vacunaciones,l 2110       antirrabica humana esquema completo,2012-11-01,2,0,2,0,2
MINEROS,otras vacunaciones,l 2110       antirrabica humana esquema completo,2012-11-01,2,0,2,0,2
MIZQUE,otras vacunaciones,l 2110       antirrabica humana esquema completo,2012-11-01,4,23,4,23,27
MONTERO,otras vacunaciones,l 2110       antirrabica humana esquema completo,2012-11-01,2,0,2,0,2
MORO MORO,otras vacunaciones,l 2110       antirrabica humana esquema completo,2012-11-01,1,0,1,0,1
OCURI,otras vacunaciones,l 2110       antirrabica humana esquema completo,2012-11-01,0,2,0,2,2
PADILLA,otras vacunaciones,l 2110       antirrabica humana esquema completo,2012-11-01,1,0,1,0,1
PAILON,otras vacunaciones,l 2110       antirrabica humana esquema completo,2012-11-01,1,0,1,0,1
PORONGO,otras vacunaciones,l 2110       antirrabica humana esquema completo,2012-11-01,1,0,1,0,1
PORTACHUELO,otras vacunaciones,l 2110       antirrabica humana esquema completo,2012-11-01,1,0,1,0,1
POTOSI,otras vacunaciones,l 2110       antirrabica humana esquema completo,2012-11-01,5,0,5,0,5
PUERTO SUAREZ,otras vacunaciones,l 2110       antirrabica humana esquema completo,2012-11-01,2,0,2,0,2
PUERTO VILLARROEL,otras vacunaciones,l 2110       antirrabica humana esquema completo,2012-11-01,1,0,1,0,1
SACABA,otras vacunaciones,l 2110       antirrabica humana esquema completo,2012-11-01,3,0,3,0,3
SAIPINA,otras vacunaciones,l 2110       antirrabica humana esquema completo,2012-11-01,2,0,2,0,2
SAMAIPATA,otras vacunaciones,l 2110       antirrabica humana esquema completo,2012-11-01,1,0,1,0,1
SAN BORJA,otras vacunaciones,l 2110       antirrabica humana esquema completo,2012-11-01,1,0,1,0,1
SAN BUENA VENTURA,otras vacunaciones,l 2110       antirrabica humana esquema completo,2012-11-01,1,0,1,0,1
SAN IGNACIO,otras vacunaciones,l 2110       antirrabica humana esquema completo,2012-11-01,2,0,2,0,2
SAN IGNACIO DE VELASCO,otras vacunaciones,l 2110       antirrabica humana esquema completo,2012-11-01,15,0,15,0,15
SANTA CRUZ DE LA SIERRA,otras vacunaciones,l 2110       antirrabica humana esquema completo,2012-11-01,80,0,80,0,80
SIPE SIPE,otras vacunaciones,l 2110       antirrabica humana esquema completo,2012-11-01,1,0,1,0,1
SUCRE,otras vacunaciones,l 2110       antirrabica humana esquema completo,2012-11-01,46,0,46,0,46
TARATA,otras vacunaciones,l 2110       antirrabica humana esquema completo,2012-11-01,4,0,4,0,4
TARIJA,otras vacunaciones,l 2110       antirrabica humana esquema completo,2012-11-01,23,0,23,0,23
TIPUANI,otras vacunaciones,l 2110       antirrabica humana esquema completo,2012-11-01,1,0,1,0,1
TIQUIPAYA,otras vacunaciones,l 2110       antirrabica humana esquema completo,2012-11-01,4,0,4,0,4
URUBICHA,otras vacunaciones,l 2110       antirrabica humana esquema completo,2012-11-01,1,0,1,0,1
UYUNI,otras vacunaciones,l 2110       antirrabica humana esquema completo,2012-11-01,1,0,1,0,1
VALLEGRANDE,otras vacunaciones,l 2110       antirrabica humana esquema completo,2012-11-01,1,0,1,0,1
VIACHA,otras vacunaciones,l 2110       antirrabica humana esquema completo,2012-11-01,1,0,1,0,1
VILLA TUNARI,otras vacunaciones,l 2110       antirrabica humana esquema completo,2012-11-01,1,0,1,0,1
VILLAZON,otras vacunaciones,l 2110       antirrabica humana esquema completo,2012-11-01,1,0,1,0,1
WARNES,otras vacunaciones,l 2110       antirrabica humana esquema completo,2012-11-01,3,0,3,0,3
YACUIBA,otras vacunaciones,l 2110       antirrabica humana esquema completo,2012-11-01,1,0,1,0,1
YAPACANI,otras vacunaciones,l 2110       antirrabica humana esquema completo,2012-11-01,2,0,2,0,2
ACACIO,otras vacunaciones,l 2110       antirrabica humana esquema completo,2012-12-01,1,0,1,0,1
ACHACACHI,otras vacunaciones,l 2110       antirrabica humana esquema completo,2012-12-01,1,0,1,0,1
ARBIETO,otras vacunaciones,l 2110       antirrabica humana esquema completo,2012-12-01,1,0,1,0,1
CAIROMA,otras vacunaciones,l 2110       antirrabica humana esquema completo,2012-12-01,0,7,0,7,7
CALAMARCA,otras vacunaciones,l 2110       antirrabica humana esquema completo,2012-12-01,0,1,0,1,1
CARAPARI,otras vacunaciones,l 2110       antirrabica humana esquema completo,2012-12-01,1,0,1,0,1
CARMEN RIVERO TORREZ,otras vacunaciones,l 2110       antirrabica humana esquema completo,2012-12-01,10,0,10,0,10
COCHABAMBA,otras vacunaciones,l 2110       antirrabica humana esquema completo,2012-12-01,41,0,41,0,41
COLPA BELGICA,otras vacunaciones,l 2110       antirrabica humana esquema completo,2012-12-01,4,0,4,0,4
COPACABANA,otras vacunaciones,l 2110       antirrabica humana esquema completo,2012-12-01,1,0,1,0,1
COROICO,otras vacunaciones,l 2110       antirrabica humana esquema completo,2012-12-01,1,0,1,0,1
COTOCA,otras vacunaciones,l 2110       antirrabica humana esquema completo,2012-12-01,2,0,2,0,2
CUATRO CAÑADAS,otras vacunaciones,l 2110       antirrabica humana esquema completo,2012-12-01,1,0,1,0,1
EL ALTO,otras vacunaciones,l 2110       antirrabica humana esquema completo,2012-12-01,55,0,55,0,55
EL PUENTE(STC),otras vacunaciones,l 2110       antirrabica humana esquema completo,2012-12-01,2,0,2,0,2
EL TORNO,otras vacunaciones,l 2110       antirrabica humana esquema completo,2012-12-01,18,0,18,0,18
ENTRE RIOS TRJ,otras vacunaciones,l 2110       antirrabica humana esquema completo,2012-12-01,2,0,2,0,2
LA GUARDIA,otras vacunaciones,l 2110       antirrabica humana esquema completo,2012-12-01,2,0,2,0,2
LA PAZ,otras vacunaciones,l 2110       antirrabica humana esquema completo,2012-12-01,65,0,65,0,65
MINEROS,otras vacunaciones,l 2110       antirrabica humana esquema completo,2012-12-01,5,6,5,6,11
MONTERO,otras vacunaciones,l 2110       antirrabica humana esquema completo,2012-12-01,12,0,12,0,12
PAILON,otras vacunaciones,l 2110       antirrabica humana esquema completo,2012-12-01,7,0,7,0,7
PALOS BLANCOS,otras vacunaciones,l 2110       antirrabica humana esquema completo,2012-12-01,1,0,1,0,1
PORCO,otras vacunaciones,l 2110       antirrabica humana esquema completo,2012-12-01,2,0,2,0,2
PORONGO,otras vacunaciones,l 2110       antirrabica humana esquema completo,2012-12-01,2,0,2,0,2
POTOSI,otras vacunaciones,l 2110       antirrabica humana esquema completo,2012-12-01,10,0,10,0,10
PUERTO SUAREZ,otras vacunaciones,l 2110       antirrabica humana esquema completo,2012-12-01,2,0,2,0,2
PUNA,otras vacunaciones,l 2110       antirrabica humana esquema completo,2012-12-01,1,0,1,0,1
PUNATA,otras vacunaciones,l 2110       antirrabica humana esquema completo,2012-12-01,1,0,1,0,1
QUILLACOLLO,otras vacunaciones,l 2110       antirrabica humana esquema completo,2012-12-01,2,0,2,0,2
SACABA,otras vacunaciones,l 2110       antirrabica humana esquema completo,2012-12-01,2,0,2,0,2
SAIPINA,otras vacunaciones,l 2110       antirrabica humana esquema completo,2012-12-01,1,0,1,0,1
SAN IGNACIO,otras vacunaciones,l 2110       antirrabica humana esquema completo,2012-12-01,2,0,2,0,2
SAN IGNACIO DE VELASCO,otras vacunaciones,l 2110       antirrabica humana esquema completo,2012-12-01,8,0,8,0,8
SAN JULIAN,otras vacunaciones,l 2110       antirrabica humana esquema completo,2012-12-01,22,0,22,0,22
SAN PEDRO DE BUENA VISTA,otras vacunaciones,l 2110       antirrabica humana esquema completo,2012-12-01,1,0,1,0,1
SANTA CRUZ DE LA SIERRA,otras vacunaciones,l 2110       antirrabica humana esquema completo,2012-12-01,178,0,178,0,178
SUCRE,otras vacunaciones,l 2110       antirrabica humana esquema completo,2012-12-01,30,0,30,0,30
TARATA,otras vacunaciones,l 2110       antirrabica humana esquema completo,2012-12-01,1,0,1,0,1
TARIJA,otras vacunaciones,l 2110       antirrabica humana esquema completo,2012-12-01,22,0,22,0,22
TIQUIPAYA,otras vacunaciones,l 2110       antirrabica humana esquema completo,2012-12-01,2,0,2,0,2
VALLEGRANDE,otras vacunaciones,l 2110       antirrabica humana esquema completo,2012-12-01,3,0,3,0,3
VIACHA,otras vacunaciones,l 2110       antirrabica humana esquema completo,2012-12-01,1,0,1,0,1
VILLA TUNARI,otras vacunaciones,l 2110       antirrabica humana esquema completo,2012-12-01,1,1,1,1,2
VILLAZON,otras vacunaciones,l 2110       antirrabica humana esquema completo,2012-12-01,1,0,1,0,1
WARNES,otras vacunaciones,l 2110       antirrabica humana esquema completo,2012-12-01,1,0,1,0,1
YACUIBA,otras vacunaciones,l 2110       antirrabica humana esquema completo,2012-12-01,4,0,4,0,4
YAPACANI,otras vacunaciones,l 2110       antirrabica humana esquema completo,2012-12-01,2,0,2,0,2
YOCALLA,otras vacunaciones,l 2110       antirrabica humana esquema completo,2012-12-01,1,0,1,0,1
