,group,variable,month,HEPATITIS B 3RA. DOSIS TRABAJADORES DE SALUD DENTRO,HEPATITIS B 3RA. DOSIS TRABAJADORES DE SALUD DENTRO,HEPATITIS B 3RA. DOSIS TRABAJADORES DE SALUD FUERA,HEPATITIS B 3RA. DOSIS TRABAJADORES DE SALUD FUERA,TOTALES,TOTALES,TOTALES
,,,,MASCULINO,FEMENINO,MASCULINO,FEMENINO,TOTAL MASCULINO,TOTAL FEMENINO,TOTAL
municipality,,,,,,,,,,
ATOCHA,otras vacunaciones,hepatitis b 3ra. dosis trabajadores de salud,2016-01-01,1,0,0,0,1,0,1
BELEN DE ANDAMARCA,otras vacunaciones,hepatitis b 3ra. dosis trabajadores de salud,2016-01-01,0,1,0,0,0,1,1
CABEZAS,otras vacunaciones,hepatitis b 3ra. dosis trabajadores de salud,2016-01-01,1,0,0,0,1,0,1
CHIMORE,otras vacunaciones,hepatitis b 3ra. dosis trabajadores de salud,2016-01-01,1,0,0,0,1,0,1
COCHABAMBA,otras vacunaciones,hepatitis b 3ra. dosis trabajadores de salud,2016-01-01,0,3,0,0,0,3,3
COLPA BELGICA,otras vacunaciones,hepatitis b 3ra. dosis trabajadores de salud,2016-01-01,0,0,0,1,0,1,1
COLQUECHACA,otras vacunaciones,hepatitis b 3ra. dosis trabajadores de salud,2016-01-01,1,1,0,0,1,1,2
COLQUENCHA,otras vacunaciones,hepatitis b 3ra. dosis trabajadores de salud,2016-01-01,0,1,0,0,0,1,1
COMARAPA,otras vacunaciones,hepatitis b 3ra. dosis trabajadores de salud,2016-01-01,1,1,0,0,1,1,2
COROICO,otras vacunaciones,hepatitis b 3ra. dosis trabajadores de salud,2016-01-01,0,1,0,0,0,1,1
EL ALTO,otras vacunaciones,hepatitis b 3ra. dosis trabajadores de salud,2016-01-01,3,8,20,80,23,88,111
ENTRE RIOS TRJ,otras vacunaciones,hepatitis b 3ra. dosis trabajadores de salud,2016-01-01,0,0,1,2,1,2,3
HUANUNI,otras vacunaciones,hepatitis b 3ra. dosis trabajadores de salud,2016-01-01,0,1,0,0,0,1,1
ICLA,otras vacunaciones,hepatitis b 3ra. dosis trabajadores de salud,2016-01-01,0,2,0,0,0,2,2
LA GUARDIA,otras vacunaciones,hepatitis b 3ra. dosis trabajadores de salud,2016-01-01,0,1,0,2,0,3,3
LA PAZ,otras vacunaciones,hepatitis b 3ra. dosis trabajadores de salud,2016-01-01,6,7,0,0,6,7,13
LLALLAGUA,otras vacunaciones,hepatitis b 3ra. dosis trabajadores de salud,2016-01-01,0,1,0,0,0,1,1
MINEROS,otras vacunaciones,hepatitis b 3ra. dosis trabajadores de salud,2016-01-01,0,1,0,0,0,1,1
PASORAPA,otras vacunaciones,hepatitis b 3ra. dosis trabajadores de salud,2016-01-01,0,1,0,0,0,1,1
POTOSI,otras vacunaciones,hepatitis b 3ra. dosis trabajadores de salud,2016-01-01,0,2,0,0,0,2,2
SAN CARLOS,otras vacunaciones,hepatitis b 3ra. dosis trabajadores de salud,2016-01-01,0,4,0,0,0,4,4
SAN JUAN DE YAPACANI,otras vacunaciones,hepatitis b 3ra. dosis trabajadores de salud,2016-01-01,0,1,0,0,0,1,1
SAN MIGUEL DE VELASCO,otras vacunaciones,hepatitis b 3ra. dosis trabajadores de salud,2016-01-01,0,1,0,0,0,1,1
SANTA CRUZ DE LA SIERRA,otras vacunaciones,hepatitis b 3ra. dosis trabajadores de salud,2016-01-01,13,17,0,0,13,17,30
SUCRE,otras vacunaciones,hepatitis b 3ra. dosis trabajadores de salud,2016-01-01,2,2,0,0,2,2,4
TARIJA,otras vacunaciones,hepatitis b 3ra. dosis trabajadores de salud,2016-01-01,0,4,0,0,0,4,4
TOLEDO,otras vacunaciones,hepatitis b 3ra. dosis trabajadores de salud,2016-01-01,0,0,0,1,0,1,1
TRINIDAD,otras vacunaciones,hepatitis b 3ra. dosis trabajadores de salud,2016-01-01,0,5,0,0,0,5,5
VILLA MONTES,otras vacunaciones,hepatitis b 3ra. dosis trabajadores de salud,2016-01-01,0,1,0,0,0,1,1
VILLAZON,otras vacunaciones,hepatitis b 3ra. dosis trabajadores de salud,2016-01-01,1,2,0,0,1,2,3
YACUIBA,otras vacunaciones,hepatitis b 3ra. dosis trabajadores de salud,2016-01-01,3,0,0,0,3,0,3
ASCENCION DE GUARAYOS,otras vacunaciones,hepatitis b 3ra. dosis trabajadores de salud,2016-02-01,1,2,0,0,1,2,3
BERMEJO,otras vacunaciones,hepatitis b 3ra. dosis trabajadores de salud,2016-02-01,0,3,0,0,0,3,3
CABEZAS,otras vacunaciones,hepatitis b 3ra. dosis trabajadores de salud,2016-02-01,1,2,0,0,1,2,3
CAMIRI,otras vacunaciones,hepatitis b 3ra. dosis trabajadores de salud,2016-02-01,1,1,0,0,1,1,2
CAPINOTA,otras vacunaciones,hepatitis b 3ra. dosis trabajadores de salud,2016-02-01,0,1,0,0,0,1,1
CHALLAPATA,otras vacunaciones,hepatitis b 3ra. dosis trabajadores de salud,2016-02-01,0,1,0,0,0,1,1
COBIJA,otras vacunaciones,hepatitis b 3ra. dosis trabajadores de salud,2016-02-01,1,1,0,0,1,1,2
COCAPATA,otras vacunaciones,hepatitis b 3ra. dosis trabajadores de salud,2016-02-01,0,2,0,0,0,2,2
COCHABAMBA,otras vacunaciones,hepatitis b 3ra. dosis trabajadores de salud,2016-02-01,0,5,0,0,0,5,5
COLQUECHACA,otras vacunaciones,hepatitis b 3ra. dosis trabajadores de salud,2016-02-01,1,0,0,0,1,0,1
COTAGAITA,otras vacunaciones,hepatitis b 3ra. dosis trabajadores de salud,2016-02-01,1,0,0,0,1,0,1
CUEVO,otras vacunaciones,hepatitis b 3ra. dosis trabajadores de salud,2016-02-01,1,0,0,0,1,0,1
EL ALTO,otras vacunaciones,hepatitis b 3ra. dosis trabajadores de salud,2016-02-01,1,3,25,75,26,78,104
GUTIERREZ,otras vacunaciones,hepatitis b 3ra. dosis trabajadores de salud,2016-02-01,0,1,0,0,0,1,1
HUANUNI,otras vacunaciones,hepatitis b 3ra. dosis trabajadores de salud,2016-02-01,1,0,0,0,1,0,1
INQUISIVI,otras vacunaciones,hepatitis b 3ra. dosis trabajadores de salud,2016-02-01,0,1,0,0,0,1,1
LA ASUNTA,otras vacunaciones,hepatitis b 3ra. dosis trabajadores de salud,2016-02-01,0,1,0,0,0,1,1
LA GUARDIA,otras vacunaciones,hepatitis b 3ra. dosis trabajadores de salud,2016-02-01,0,0,0,1,0,1,1
LA PAZ,otras vacunaciones,hepatitis b 3ra. dosis trabajadores de salud,2016-02-01,10,27,0,1,10,28,38
LICOMA PAMPA,otras vacunaciones,hepatitis b 3ra. dosis trabajadores de salud,2016-02-01,0,1,0,0,0,1,1
LLALLAGUA,otras vacunaciones,hepatitis b 3ra. dosis trabajadores de salud,2016-02-01,0,0,0,2,0,2,2
MIZQUE,otras vacunaciones,hepatitis b 3ra. dosis trabajadores de salud,2016-02-01,0,1,0,0,0,1,1
MORO MORO,otras vacunaciones,hepatitis b 3ra. dosis trabajadores de salud,2016-02-01,0,2,0,0,0,2,2
NACEBE (SANTA ROSA DEL ABUNA),otras vacunaciones,hepatitis b 3ra. dosis trabajadores de salud,2016-02-01,0,1,0,0,0,1,1
ORURO,otras vacunaciones,hepatitis b 3ra. dosis trabajadores de salud,2016-02-01,0,2,0,0,0,2,2
PORTACHUELO,otras vacunaciones,hepatitis b 3ra. dosis trabajadores de salud,2016-02-01,1,0,0,0,1,0,1
POTOSI,otras vacunaciones,hepatitis b 3ra. dosis trabajadores de salud,2016-02-01,0,1,0,0,0,1,1
PUERTO VILLARROEL,otras vacunaciones,hepatitis b 3ra. dosis trabajadores de salud,2016-02-01,1,2,0,0,1,2,3
SAN CARLOS,otras vacunaciones,hepatitis b 3ra. dosis trabajadores de salud,2016-02-01,0,1,0,0,0,1,1
SAN IGNACIO DE VELASCO,otras vacunaciones,hepatitis b 3ra. dosis trabajadores de salud,2016-02-01,5,15,0,0,5,15,20
SAN JOSE DE CHIQUITOS,otras vacunaciones,hepatitis b 3ra. dosis trabajadores de salud,2016-02-01,3,13,0,0,3,13,16
SANTA CRUZ DE LA SIERRA,otras vacunaciones,hepatitis b 3ra. dosis trabajadores de salud,2016-02-01,14,40,0,0,14,40,54
SUCRE,otras vacunaciones,hepatitis b 3ra. dosis trabajadores de salud,2016-02-01,3,2,0,0,3,2,5
TARIJA,otras vacunaciones,hepatitis b 3ra. dosis trabajadores de salud,2016-02-01,2,5,0,0,2,5,7
UYUNI,otras vacunaciones,hepatitis b 3ra. dosis trabajadores de salud,2016-02-01,11,25,0,0,11,25,36
VALLEGRANDE,otras vacunaciones,hepatitis b 3ra. dosis trabajadores de salud,2016-02-01,0,1,0,0,0,1,1
VILLA MONTES,otras vacunaciones,hepatitis b 3ra. dosis trabajadores de salud,2016-02-01,1,2,0,0,1,2,3
VILLA TUNARI,otras vacunaciones,hepatitis b 3ra. dosis trabajadores de salud,2016-02-01,0,1,0,0,0,1,1
VILLAZON,otras vacunaciones,hepatitis b 3ra. dosis trabajadores de salud,2016-02-01,0,1,0,0,0,1,1
YACUIBA,otras vacunaciones,hepatitis b 3ra. dosis trabajadores de salud,2016-02-01,1,0,0,0,1,0,1
AIQUILE,otras vacunaciones,hepatitis b 3ra. dosis trabajadores de salud,2016-03-01,1,1,0,0,1,1,2
BERMEJO,otras vacunaciones,hepatitis b 3ra. dosis trabajadores de salud,2016-03-01,2,1,0,0,2,1,3
BOYUIBE,otras vacunaciones,hepatitis b 3ra. dosis trabajadores de salud,2016-03-01,0,3,0,0,0,3,3
CABEZAS,otras vacunaciones,hepatitis b 3ra. dosis trabajadores de salud,2016-03-01,2,0,0,0,2,0,2
"CAIZA ""D""",otras vacunaciones,hepatitis b 3ra. dosis trabajadores de salud,2016-03-01,0,1,0,0,0,1,1
CARAPARI,otras vacunaciones,hepatitis b 3ra. dosis trabajadores de salud,2016-03-01,0,1,0,0,0,1,1
CHOQUE COTA,otras vacunaciones,hepatitis b 3ra. dosis trabajadores de salud,2016-03-01,0,1,0,0,0,1,1
CHUMA,otras vacunaciones,hepatitis b 3ra. dosis trabajadores de salud,2016-03-01,0,1,0,0,0,1,1
COBIJA,otras vacunaciones,hepatitis b 3ra. dosis trabajadores de salud,2016-03-01,0,3,0,0,0,3,3
COCHABAMBA,otras vacunaciones,hepatitis b 3ra. dosis trabajadores de salud,2016-03-01,10,17,0,0,10,17,27
COROICO,otras vacunaciones,hepatitis b 3ra. dosis trabajadores de salud,2016-03-01,0,1,0,0,0,1,1
EL ALTO,otras vacunaciones,hepatitis b 3ra. dosis trabajadores de salud,2016-03-01,4,4,0,2,4,6,10
EL PUENTE(STC),otras vacunaciones,hepatitis b 3ra. dosis trabajadores de salud,2016-03-01,3,4,0,0,3,4,7
EL PUENTE(TJA),otras vacunaciones,hepatitis b 3ra. dosis trabajadores de salud,2016-03-01,0,1,0,0,0,1,1
EL TORNO,otras vacunaciones,hepatitis b 3ra. dosis trabajadores de salud,2016-03-01,2,0,0,0,2,0,2
HUANUNI,otras vacunaciones,hepatitis b 3ra. dosis trabajadores de salud,2016-03-01,1,2,0,0,1,2,3
LA GUARDIA,otras vacunaciones,hepatitis b 3ra. dosis trabajadores de salud,2016-03-01,0,0,1,0,1,0,1
LA PAZ,otras vacunaciones,hepatitis b 3ra. dosis trabajadores de salud,2016-03-01,16,45,5,3,21,48,69
MINEROS,otras vacunaciones,hepatitis b 3ra. dosis trabajadores de salud,2016-03-01,1,2,0,0,1,2,3
MONTERO,otras vacunaciones,hepatitis b 3ra. dosis trabajadores de salud,2016-03-01,0,2,0,0,0,2,2
ORURO,otras vacunaciones,hepatitis b 3ra. dosis trabajadores de salud,2016-03-01,2,8,0,0,2,8,10
POCONA,otras vacunaciones,hepatitis b 3ra. dosis trabajadores de salud,2016-03-01,1,0,0,0,1,0,1
PORVENIR,otras vacunaciones,hepatitis b 3ra. dosis trabajadores de salud,2016-03-01,0,1,0,0,0,1,1
POTOSI,otras vacunaciones,hepatitis b 3ra. dosis trabajadores de salud,2016-03-01,2,11,0,0,2,11,13
PUERTO RICO,otras vacunaciones,hepatitis b 3ra. dosis trabajadores de salud,2016-03-01,1,0,0,0,1,0,1
PUERTO VILLARROEL,otras vacunaciones,hepatitis b 3ra. dosis trabajadores de salud,2016-03-01,0,1,0,0,0,1,1
SAN JOSE DE CHIQUITOS,otras vacunaciones,hepatitis b 3ra. dosis trabajadores de salud,2016-03-01,0,1,0,0,0,1,1
SAN LORENZO(TJA),otras vacunaciones,hepatitis b 3ra. dosis trabajadores de salud,2016-03-01,1,2,0,0,1,2,3
SAN PEDRO DE QUEMES,otras vacunaciones,hepatitis b 3ra. dosis trabajadores de salud,2016-03-01,1,2,0,0,1,2,3
SAN RAMON BENI,otras vacunaciones,hepatitis b 3ra. dosis trabajadores de salud,2016-03-01,0,1,0,0,0,1,1
SANTA CRUZ DE LA SIERRA,otras vacunaciones,hepatitis b 3ra. dosis trabajadores de salud,2016-03-01,2,3,0,0,2,3,5
SAPAHAQUI,otras vacunaciones,hepatitis b 3ra. dosis trabajadores de salud,2016-03-01,0,1,0,0,0,1,1
SUCRE,otras vacunaciones,hepatitis b 3ra. dosis trabajadores de salud,2016-03-01,3,4,0,0,3,4,7
TARIJA,otras vacunaciones,hepatitis b 3ra. dosis trabajadores de salud,2016-03-01,3,14,0,0,3,14,17
TARVITA,otras vacunaciones,hepatitis b 3ra. dosis trabajadores de salud,2016-03-01,3,1,0,0,3,1,4
TOLEDO,otras vacunaciones,hepatitis b 3ra. dosis trabajadores de salud,2016-03-01,0,0,0,1,0,1,1
TOMAVE,otras vacunaciones,hepatitis b 3ra. dosis trabajadores de salud,2016-03-01,1,1,0,0,1,1,2
TORO TORO,otras vacunaciones,hepatitis b 3ra. dosis trabajadores de salud,2016-03-01,0,0,1,0,1,0,1
TRINIDAD,otras vacunaciones,hepatitis b 3ra. dosis trabajadores de salud,2016-03-01,0,1,0,0,0,1,1
VALLEGRANDE,otras vacunaciones,hepatitis b 3ra. dosis trabajadores de salud,2016-03-01,0,1,0,0,0,1,1
VIACHA,otras vacunaciones,hepatitis b 3ra. dosis trabajadores de salud,2016-03-01,0,1,0,0,0,1,1
VILLA MONTES,otras vacunaciones,hepatitis b 3ra. dosis trabajadores de salud,2016-03-01,1,0,0,0,1,0,1
VILLAZON,otras vacunaciones,hepatitis b 3ra. dosis trabajadores de salud,2016-03-01,0,3,0,0,0,3,3
YACUIBA,otras vacunaciones,hepatitis b 3ra. dosis trabajadores de salud,2016-03-01,0,1,0,0,0,1,1
YAPACANI,otras vacunaciones,hepatitis b 3ra. dosis trabajadores de salud,2016-03-01,0,1,0,0,0,1,1
ALCALA,otras vacunaciones,hepatitis b 3ra. dosis trabajadores de salud,2016-04-01,1,1,0,0,1,1,2
ASCENCION DE GUARAYOS,otras vacunaciones,hepatitis b 3ra. dosis trabajadores de salud,2016-04-01,1,2,0,0,1,2,3
ATOCHA,otras vacunaciones,hepatitis b 3ra. dosis trabajadores de salud,2016-04-01,1,0,0,0,1,0,1
AYATA,otras vacunaciones,hepatitis b 3ra. dosis trabajadores de salud,2016-04-01,4,0,0,0,4,0,4
BELEN DE ANDAMARCA,otras vacunaciones,hepatitis b 3ra. dosis trabajadores de salud,2016-04-01,2,2,0,0,2,2,4
BERMEJO,otras vacunaciones,hepatitis b 3ra. dosis trabajadores de salud,2016-04-01,3,5,0,0,3,5,8
CALAMARCA,otras vacunaciones,hepatitis b 3ra. dosis trabajadores de salud,2016-04-01,0,2,0,0,0,2,2
CHALLAPATA,otras vacunaciones,hepatitis b 3ra. dosis trabajadores de salud,2016-04-01,2,2,0,0,2,2,4
CHULUMANI (V. DE LA LIBERTAD),otras vacunaciones,hepatitis b 3ra. dosis trabajadores de salud,2016-04-01,0,1,0,0,0,1,1
COBIJA,otras vacunaciones,hepatitis b 3ra. dosis trabajadores de salud,2016-04-01,0,2,0,0,0,2,2
COCAPATA,otras vacunaciones,hepatitis b 3ra. dosis trabajadores de salud,2016-04-01,1,1,0,0,1,1,2
COCHABAMBA,otras vacunaciones,hepatitis b 3ra. dosis trabajadores de salud,2016-04-01,8,10,0,0,8,10,18
COTAGAITA,otras vacunaciones,hepatitis b 3ra. dosis trabajadores de salud,2016-04-01,2,0,0,0,2,0,2
COTOCA,otras vacunaciones,hepatitis b 3ra. dosis trabajadores de salud,2016-04-01,0,5,0,0,0,5,5
EL ALTO,otras vacunaciones,hepatitis b 3ra. dosis trabajadores de salud,2016-04-01,1,3,10,10,11,13,24
EL PUENTE(TJA),otras vacunaciones,hepatitis b 3ra. dosis trabajadores de salud,2016-04-01,1,0,0,0,1,0,1
EL TORNO,otras vacunaciones,hepatitis b 3ra. dosis trabajadores de salud,2016-04-01,4,10,0,0,4,10,14
LA GUARDIA,otras vacunaciones,hepatitis b 3ra. dosis trabajadores de salud,2016-04-01,0,1,0,0,0,1,1
LA PAZ,otras vacunaciones,hepatitis b 3ra. dosis trabajadores de salud,2016-04-01,5,23,0,1,5,24,29
LAJA,otras vacunaciones,hepatitis b 3ra. dosis trabajadores de salud,2016-04-01,0,3,0,0,0,3,3
LAS CARRERAS,otras vacunaciones,hepatitis b 3ra. dosis trabajadores de salud,2016-04-01,1,0,0,0,1,0,1
LLALLAGUA,otras vacunaciones,hepatitis b 3ra. dosis trabajadores de salud,2016-04-01,0,2,0,0,0,2,2
MONTEAGUDO,otras vacunaciones,hepatitis b 3ra. dosis trabajadores de salud,2016-04-01,0,2,0,0,0,2,2
MONTERO,otras vacunaciones,hepatitis b 3ra. dosis trabajadores de salud,2016-04-01,0,4,0,0,0,4,4
ORURO,otras vacunaciones,hepatitis b 3ra. dosis trabajadores de salud,2016-04-01,14,20,0,0,14,20,34
PAMPA GRANDE,otras vacunaciones,hepatitis b 3ra. dosis trabajadores de salud,2016-04-01,0,2,0,0,0,2,2
POTOSI,otras vacunaciones,hepatitis b 3ra. dosis trabajadores de salud,2016-04-01,3,14,0,0,3,14,17
PUCARA,otras vacunaciones,hepatitis b 3ra. dosis trabajadores de salud,2016-04-01,1,1,0,0,1,1,2
PUCARANI,otras vacunaciones,hepatitis b 3ra. dosis trabajadores de salud,2016-04-01,1,1,0,0,1,1,2
PUERTO VILLARROEL,otras vacunaciones,hepatitis b 3ra. dosis trabajadores de salud,2016-04-01,1,1,0,0,1,1,2
PUNA,otras vacunaciones,hepatitis b 3ra. dosis trabajadores de salud,2016-04-01,3,9,0,0,3,9,12
QUIABAYA,otras vacunaciones,hepatitis b 3ra. dosis trabajadores de salud,2016-04-01,1,0,0,0,1,0,1
ROBORE,otras vacunaciones,hepatitis b 3ra. dosis trabajadores de salud,2016-04-01,1,0,0,0,1,0,1
SAN AGUSTIN,otras vacunaciones,hepatitis b 3ra. dosis trabajadores de salud,2016-04-01,4,1,0,0,4,1,5
SAN IGNACIO,otras vacunaciones,hepatitis b 3ra. dosis trabajadores de salud,2016-04-01,1,0,0,0,1,0,1
SAN JULIAN,otras vacunaciones,hepatitis b 3ra. dosis trabajadores de salud,2016-04-01,0,1,0,0,0,1,1
SAN LORENZO(TJA),otras vacunaciones,hepatitis b 3ra. dosis trabajadores de salud,2016-04-01,0,1,0,0,0,1,1
SANTA ANA,otras vacunaciones,hepatitis b 3ra. dosis trabajadores de salud,2016-04-01,0,0,4,4,4,4,8
SANTA CRUZ DE LA SIERRA,otras vacunaciones,hepatitis b 3ra. dosis trabajadores de salud,2016-04-01,6,17,0,0,6,17,23
SANTIAGO DE HUATA,otras vacunaciones,hepatitis b 3ra. dosis trabajadores de salud,2016-04-01,1,0,0,0,1,0,1
SUCRE,otras vacunaciones,hepatitis b 3ra. dosis trabajadores de salud,2016-04-01,11,26,0,0,11,26,37
TAPACARI,otras vacunaciones,hepatitis b 3ra. dosis trabajadores de salud,2016-04-01,2,3,0,0,2,3,5
TARIJA,otras vacunaciones,hepatitis b 3ra. dosis trabajadores de salud,2016-04-01,0,2,0,0,0,2,2
TARVITA,otras vacunaciones,hepatitis b 3ra. dosis trabajadores de salud,2016-04-01,1,0,0,0,1,0,1
TRINIDAD,otras vacunaciones,hepatitis b 3ra. dosis trabajadores de salud,2016-04-01,1,5,0,0,1,5,6
TURCO,otras vacunaciones,hepatitis b 3ra. dosis trabajadores de salud,2016-04-01,0,1,0,0,0,1,1
UYUNI,otras vacunaciones,hepatitis b 3ra. dosis trabajadores de salud,2016-04-01,3,13,0,0,3,13,16
VALLEGRANDE,otras vacunaciones,hepatitis b 3ra. dosis trabajadores de salud,2016-04-01,0,1,0,0,0,1,1
VIACHA,otras vacunaciones,hepatitis b 3ra. dosis trabajadores de salud,2016-04-01,0,5,0,0,0,5,5
VILLA TUNARI,otras vacunaciones,hepatitis b 3ra. dosis trabajadores de salud,2016-04-01,1,1,0,0,1,1,2
VILLAZON,otras vacunaciones,hepatitis b 3ra. dosis trabajadores de salud,2016-04-01,1,2,0,0,1,2,3
YACUIBA,otras vacunaciones,hepatitis b 3ra. dosis trabajadores de salud,2016-04-01,1,8,0,0,1,8,9
YAPACANI,otras vacunaciones,hepatitis b 3ra. dosis trabajadores de salud,2016-04-01,0,1,0,0,0,1,1
AIQUILE,otras vacunaciones,hepatitis b 3ra. dosis trabajadores de salud,2016-05-01,2,1,0,0,2,1,3
BELEN DE ANDAMARCA,otras vacunaciones,hepatitis b 3ra. dosis trabajadores de salud,2016-05-01,0,1,0,0,0,1,1
BERMEJO,otras vacunaciones,hepatitis b 3ra. dosis trabajadores de salud,2016-05-01,1,2,0,0,1,2,3
BOYUIBE,otras vacunaciones,hepatitis b 3ra. dosis trabajadores de salud,2016-05-01,1,0,0,0,1,0,1
CABEZAS,otras vacunaciones,hepatitis b 3ra. dosis trabajadores de salud,2016-05-01,0,2,0,0,0,2,2
CALAMARCA,otras vacunaciones,hepatitis b 3ra. dosis trabajadores de salud,2016-05-01,1,3,0,0,1,3,4
CAMIRI,otras vacunaciones,hepatitis b 3ra. dosis trabajadores de salud,2016-05-01,0,3,0,0,0,3,3
CHOQUE COTA,otras vacunaciones,hepatitis b 3ra. dosis trabajadores de salud,2016-05-01,4,2,0,0,4,2,6
COBIJA,otras vacunaciones,hepatitis b 3ra. dosis trabajadores de salud,2016-05-01,4,6,0,1,4,7,11
COCHABAMBA,otras vacunaciones,hepatitis b 3ra. dosis trabajadores de salud,2016-05-01,22,54,0,0,22,54,76
COLQUENCHA,otras vacunaciones,hepatitis b 3ra. dosis trabajadores de salud,2016-05-01,1,1,0,0,1,1,2
CORIPATA,otras vacunaciones,hepatitis b 3ra. dosis trabajadores de salud,2016-05-01,0,0,0,1,0,1,1
COTAGAITA,otras vacunaciones,hepatitis b 3ra. dosis trabajadores de salud,2016-05-01,2,0,0,0,2,0,2
EL ALTO,otras vacunaciones,hepatitis b 3ra. dosis trabajadores de salud,2016-05-01,2,11,0,0,2,11,13
EL TORNO,otras vacunaciones,hepatitis b 3ra. dosis trabajadores de salud,2016-05-01,2,1,0,0,2,1,3
ESCOMA,otras vacunaciones,hepatitis b 3ra. dosis trabajadores de salud,2016-05-01,0,1,0,0,0,1,1
GRAL. J.J. PEREZ (CHARAZANI),otras vacunaciones,hepatitis b 3ra. dosis trabajadores de salud,2016-05-01,5,0,0,0,5,0,5
GUAYARAMERIN,otras vacunaciones,hepatitis b 3ra. dosis trabajadores de salud,2016-05-01,12,13,0,0,12,13,25
HUACARETA,otras vacunaciones,hepatitis b 3ra. dosis trabajadores de salud,2016-05-01,2,3,0,0,2,3,5
HUANUNI,otras vacunaciones,hepatitis b 3ra. dosis trabajadores de salud,2016-05-01,2,1,0,0,2,1,3
IRUPANA (VILLA DE LANZA),otras vacunaciones,hepatitis b 3ra. dosis trabajadores de salud,2016-05-01,2,0,0,1,2,1,3
LA ASUNTA,otras vacunaciones,hepatitis b 3ra. dosis trabajadores de salud,2016-05-01,2,1,0,0,2,1,3
LA GUARDIA,otras vacunaciones,hepatitis b 3ra. dosis trabajadores de salud,2016-05-01,0,1,1,2,1,3,4
LA PAZ,otras vacunaciones,hepatitis b 3ra. dosis trabajadores de salud,2016-05-01,26,45,18,9,44,54,98
MECAPACA,otras vacunaciones,hepatitis b 3ra. dosis trabajadores de salud,2016-05-01,0,5,0,0,0,5,5
MINEROS,otras vacunaciones,hepatitis b 3ra. dosis trabajadores de salud,2016-05-01,2,0,0,0,2,0,2
MONTERO,otras vacunaciones,hepatitis b 3ra. dosis trabajadores de salud,2016-05-01,1,12,0,0,1,12,13
ORURO,otras vacunaciones,hepatitis b 3ra. dosis trabajadores de salud,2016-05-01,5,20,0,2,5,22,27
PAMPA GRANDE,otras vacunaciones,hepatitis b 3ra. dosis trabajadores de salud,2016-05-01,0,4,0,0,0,4,4
PORTACHUELO,otras vacunaciones,hepatitis b 3ra. dosis trabajadores de salud,2016-05-01,2,1,0,0,2,1,3
POTOSI,otras vacunaciones,hepatitis b 3ra. dosis trabajadores de salud,2016-05-01,6,12,5,9,11,21,32
PUERTO VILLARROEL,otras vacunaciones,hepatitis b 3ra. dosis trabajadores de salud,2016-05-01,0,2,0,0,0,2,2
QUIME,otras vacunaciones,hepatitis b 3ra. dosis trabajadores de salud,2016-05-01,0,1,0,0,0,1,1
ROBORE,otras vacunaciones,hepatitis b 3ra. dosis trabajadores de salud,2016-05-01,0,4,0,0,0,4,4
SABAYA,otras vacunaciones,hepatitis b 3ra. dosis trabajadores de salud,2016-05-01,2,0,0,0,2,0,2
SAN BORJA,otras vacunaciones,hepatitis b 3ra. dosis trabajadores de salud,2016-05-01,0,1,0,0,0,1,1
SAN IGNACIO,otras vacunaciones,hepatitis b 3ra. dosis trabajadores de salud,2016-05-01,0,0,2,0,2,0,2
SAN JUAN DE YAPACANI,otras vacunaciones,hepatitis b 3ra. dosis trabajadores de salud,2016-05-01,0,0,0,4,0,4,4
SAN JULIAN,otras vacunaciones,hepatitis b 3ra. dosis trabajadores de salud,2016-05-01,0,2,0,0,0,2,2
SAN LORENZO(TJA),otras vacunaciones,hepatitis b 3ra. dosis trabajadores de salud,2016-05-01,0,2,0,0,0,2,2
SANTA CRUZ DE LA SIERRA,otras vacunaciones,hepatitis b 3ra. dosis trabajadores de salud,2016-05-01,10,44,0,0,10,44,54
SUCRE,otras vacunaciones,hepatitis b 3ra. dosis trabajadores de salud,2016-05-01,2,8,0,0,2,8,10
TARIJA,otras vacunaciones,hepatitis b 3ra. dosis trabajadores de salud,2016-05-01,6,9,0,0,6,9,15
TRIGAL,otras vacunaciones,hepatitis b 3ra. dosis trabajadores de salud,2016-05-01,0,3,0,0,0,3,3
TRINIDAD,otras vacunaciones,hepatitis b 3ra. dosis trabajadores de salud,2016-05-01,1,0,0,0,1,0,1
TURCO,otras vacunaciones,hepatitis b 3ra. dosis trabajadores de salud,2016-05-01,0,1,0,0,0,1,1
URIONDO (A. CONCEPCION),otras vacunaciones,hepatitis b 3ra. dosis trabajadores de salud,2016-05-01,0,0,1,0,1,0,1
UYUNI,otras vacunaciones,hepatitis b 3ra. dosis trabajadores de salud,2016-05-01,2,3,0,0,2,3,5
VALLEGRANDE,otras vacunaciones,hepatitis b 3ra. dosis trabajadores de salud,2016-05-01,0,0,1,1,1,1,2
VIACHA,otras vacunaciones,hepatitis b 3ra. dosis trabajadores de salud,2016-05-01,0,1,0,0,0,1,1
VILLA MONTES,otras vacunaciones,hepatitis b 3ra. dosis trabajadores de salud,2016-05-01,1,1,0,0,1,1,2
VILLA TUNARI,otras vacunaciones,hepatitis b 3ra. dosis trabajadores de salud,2016-05-01,5,7,0,0,5,7,12
VILLAZON,otras vacunaciones,hepatitis b 3ra. dosis trabajadores de salud,2016-05-01,0,2,0,0,0,2,2
YACUIBA,otras vacunaciones,hepatitis b 3ra. dosis trabajadores de salud,2016-05-01,4,2,0,0,4,2,6
YUNCHARA,otras vacunaciones,hepatitis b 3ra. dosis trabajadores de salud,2016-05-01,2,0,0,0,2,0,2
ALCALA,otras vacunaciones,hepatitis b 3ra. dosis trabajadores de salud,2016-06-01,0,1,0,0,0,1,1
ARQUE,otras vacunaciones,hepatitis b 3ra. dosis trabajadores de salud,2016-06-01,0,1,0,0,0,1,1
ATOCHA,otras vacunaciones,hepatitis b 3ra. dosis trabajadores de salud,2016-06-01,0,1,0,0,0,1,1
AUCAPATA,otras vacunaciones,hepatitis b 3ra. dosis trabajadores de salud,2016-06-01,4,3,0,0,4,3,7
BELEN DE URMIRI,otras vacunaciones,hepatitis b 3ra. dosis trabajadores de salud,2016-06-01,0,0,2,2,2,2,4
BELLA FLOR,otras vacunaciones,hepatitis b 3ra. dosis trabajadores de salud,2016-06-01,0,2,0,0,0,2,2
BERMEJO,otras vacunaciones,hepatitis b 3ra. dosis trabajadores de salud,2016-06-01,1,2,0,0,1,2,3
BOLIVAR,otras vacunaciones,hepatitis b 3ra. dosis trabajadores de salud,2016-06-01,0,1,0,0,0,1,1
CAMIRI,otras vacunaciones,hepatitis b 3ra. dosis trabajadores de salud,2016-06-01,1,0,0,0,1,0,1
CARACOLLO,otras vacunaciones,hepatitis b 3ra. dosis trabajadores de salud,2016-06-01,0,1,0,0,0,1,1
CHALLAPATA,otras vacunaciones,hepatitis b 3ra. dosis trabajadores de salud,2016-06-01,2,3,0,0,2,3,5
CHOQUE COTA,otras vacunaciones,hepatitis b 3ra. dosis trabajadores de salud,2016-06-01,2,0,0,0,2,0,2
CHUMA,otras vacunaciones,hepatitis b 3ra. dosis trabajadores de salud,2016-06-01,0,1,0,0,0,1,1
COBIJA,otras vacunaciones,hepatitis b 3ra. dosis trabajadores de salud,2016-06-01,10,27,0,0,10,27,37
COCHABAMBA,otras vacunaciones,hepatitis b 3ra. dosis trabajadores de salud,2016-06-01,34,53,45,13,79,66,145
COLQUENCHA,otras vacunaciones,hepatitis b 3ra. dosis trabajadores de salud,2016-06-01,1,1,0,0,1,1,2
COTOCA,otras vacunaciones,hepatitis b 3ra. dosis trabajadores de salud,2016-06-01,5,5,0,0,5,5,10
EL ALTO,otras vacunaciones,hepatitis b 3ra. dosis trabajadores de salud,2016-06-01,22,8,8,0,30,8,38
EL TORNO,otras vacunaciones,hepatitis b 3ra. dosis trabajadores de salud,2016-06-01,5,9,0,0,5,9,14
HUACARETA,otras vacunaciones,hepatitis b 3ra. dosis trabajadores de salud,2016-06-01,1,1,0,0,1,1,2
HUACHACALLA,otras vacunaciones,hepatitis b 3ra. dosis trabajadores de salud,2016-06-01,0,1,0,0,0,1,1
HUARINA,otras vacunaciones,hepatitis b 3ra. dosis trabajadores de salud,2016-06-01,1,2,0,0,1,2,3
IRUPANA (VILLA DE LANZA),otras vacunaciones,hepatitis b 3ra. dosis trabajadores de salud,2016-06-01,0,1,0,0,0,1,1
LA ASUNTA,otras vacunaciones,hepatitis b 3ra. dosis trabajadores de salud,2016-06-01,1,0,0,0,1,0,1
LA GUARDIA,otras vacunaciones,hepatitis b 3ra. dosis trabajadores de salud,2016-06-01,3,5,0,0,3,5,8
LA PAZ,otras vacunaciones,hepatitis b 3ra. dosis trabajadores de salud,2016-06-01,31,35,5,0,36,35,71
LAJA,otras vacunaciones,hepatitis b 3ra. dosis trabajadores de salud,2016-06-01,0,0,0,1,0,1,1
MAIRANA,otras vacunaciones,hepatitis b 3ra. dosis trabajadores de salud,2016-06-01,0,2,0,0,0,2,2
MINEROS,otras vacunaciones,hepatitis b 3ra. dosis trabajadores de salud,2016-06-01,0,2,0,0,0,2,2
MONTERO,otras vacunaciones,hepatitis b 3ra. dosis trabajadores de salud,2016-06-01,3,16,2,4,5,20,25
ORURO,otras vacunaciones,hepatitis b 3ra. dosis trabajadores de salud,2016-06-01,11,12,0,3,11,15,26
PAMPA GRANDE,otras vacunaciones,hepatitis b 3ra. dosis trabajadores de salud,2016-06-01,2,0,0,0,2,0,2
POCOATA,otras vacunaciones,hepatitis b 3ra. dosis trabajadores de salud,2016-06-01,1,0,0,0,1,0,1
PORTACHUELO,otras vacunaciones,hepatitis b 3ra. dosis trabajadores de salud,2016-06-01,0,1,0,0,0,1,1
POSTRER VALLE,otras vacunaciones,hepatitis b 3ra. dosis trabajadores de salud,2016-06-01,1,0,0,0,1,0,1
POTOSI,otras vacunaciones,hepatitis b 3ra. dosis trabajadores de salud,2016-06-01,6,8,0,0,6,8,14
PUCARA,otras vacunaciones,hepatitis b 3ra. dosis trabajadores de salud,2016-06-01,0,1,0,0,0,1,1
PUERTO GONZALO MORENO,otras vacunaciones,hepatitis b 3ra. dosis trabajadores de salud,2016-06-01,0,1,0,0,0,1,1
PUERTO VILLARROEL,otras vacunaciones,hepatitis b 3ra. dosis trabajadores de salud,2016-06-01,1,1,0,0,1,1,2
QUIRUSILLAS,otras vacunaciones,hepatitis b 3ra. dosis trabajadores de salud,2016-06-01,1,0,0,0,1,0,1
SAN BORJA,otras vacunaciones,hepatitis b 3ra. dosis trabajadores de salud,2016-06-01,0,1,0,0,0,1,1
SAN BUENA VENTURA,otras vacunaciones,hepatitis b 3ra. dosis trabajadores de salud,2016-06-01,1,0,0,0,1,0,1
SAN CARLOS,otras vacunaciones,hepatitis b 3ra. dosis trabajadores de salud,2016-06-01,1,0,0,0,1,0,1
SAN IGNACIO,otras vacunaciones,hepatitis b 3ra. dosis trabajadores de salud,2016-06-01,0,1,0,0,0,1,1
SAN JULIAN,otras vacunaciones,hepatitis b 3ra. dosis trabajadores de salud,2016-06-01,0,2,0,0,0,2,2
SAN PEDRO DE QUEMES,otras vacunaciones,hepatitis b 3ra. dosis trabajadores de salud,2016-06-01,0,1,0,0,0,1,1
SAN RAFAEL,otras vacunaciones,hepatitis b 3ra. dosis trabajadores de salud,2016-06-01,0,1,0,0,0,1,1
SANTA CRUZ DE LA SIERRA,otras vacunaciones,hepatitis b 3ra. dosis trabajadores de salud,2016-06-01,5,31,0,0,5,31,36
SANTA ROSA DEL SARA,otras vacunaciones,hepatitis b 3ra. dosis trabajadores de salud,2016-06-01,0,1,0,0,0,1,1
SORATA,otras vacunaciones,hepatitis b 3ra. dosis trabajadores de salud,2016-06-01,0,0,1,2,1,2,3
SUCRE,otras vacunaciones,hepatitis b 3ra. dosis trabajadores de salud,2016-06-01,9,29,0,0,9,29,38
TARIJA,otras vacunaciones,hepatitis b 3ra. dosis trabajadores de salud,2016-06-01,7,5,0,0,7,5,12
TINGUIPAYA,otras vacunaciones,hepatitis b 3ra. dosis trabajadores de salud,2016-06-01,0,3,0,0,0,3,3
TRINIDAD,otras vacunaciones,hepatitis b 3ra. dosis trabajadores de salud,2016-06-01,2,5,0,0,2,5,7
UNCIA,otras vacunaciones,hepatitis b 3ra. dosis trabajadores de salud,2016-06-01,2,0,0,0,2,0,2
UYUNI,otras vacunaciones,hepatitis b 3ra. dosis trabajadores de salud,2016-06-01,3,0,0,0,3,0,3
VALLEGRANDE,otras vacunaciones,hepatitis b 3ra. dosis trabajadores de salud,2016-06-01,0,2,0,0,0,2,2
VILLA MONTES,otras vacunaciones,hepatitis b 3ra. dosis trabajadores de salud,2016-06-01,0,1,0,0,0,1,1
VILLA NUEVA (LOMA ALTA),otras vacunaciones,hepatitis b 3ra. dosis trabajadores de salud,2016-06-01,0,1,0,0,0,1,1
VILLAZON,otras vacunaciones,hepatitis b 3ra. dosis trabajadores de salud,2016-06-01,2,2,0,0,2,2,4
YACUIBA,otras vacunaciones,hepatitis b 3ra. dosis trabajadores de salud,2016-06-01,0,1,0,0,0,1,1
ATOCHA,otras vacunaciones,hepatitis b 3ra. dosis trabajadores de salud,2016-07-01,0,1,0,0,0,1,1
BERMEJO,otras vacunaciones,hepatitis b 3ra. dosis trabajadores de salud,2016-07-01,2,0,0,0,2,0,2
BOLIVAR,otras vacunaciones,hepatitis b 3ra. dosis trabajadores de salud,2016-07-01,0,0,0,1,0,1,1
CABEZAS,otras vacunaciones,hepatitis b 3ra. dosis trabajadores de salud,2016-07-01,0,1,0,0,0,1,1
CAMIRI,otras vacunaciones,hepatitis b 3ra. dosis trabajadores de salud,2016-07-01,0,3,0,0,0,3,3
CHALLAPATA,otras vacunaciones,hepatitis b 3ra. dosis trabajadores de salud,2016-07-01,0,2,0,0,0,2,2
CHIMORE,otras vacunaciones,hepatitis b 3ra. dosis trabajadores de salud,2016-07-01,0,1,0,0,0,1,1
COBIJA,otras vacunaciones,hepatitis b 3ra. dosis trabajadores de salud,2016-07-01,0,4,0,0,0,4,4
COCHABAMBA,otras vacunaciones,hepatitis b 3ra. dosis trabajadores de salud,2016-07-01,0,7,0,0,0,7,7
CORQUE,otras vacunaciones,hepatitis b 3ra. dosis trabajadores de salud,2016-07-01,1,1,0,0,1,1,2
CUEVO,otras vacunaciones,hepatitis b 3ra. dosis trabajadores de salud,2016-07-01,1,2,0,0,1,2,3
EL ALTO,otras vacunaciones,hepatitis b 3ra. dosis trabajadores de salud,2016-07-01,4,17,10,0,14,17,31
EL TORNO,otras vacunaciones,hepatitis b 3ra. dosis trabajadores de salud,2016-07-01,0,1,0,0,0,1,1
LA ASUNTA,otras vacunaciones,hepatitis b 3ra. dosis trabajadores de salud,2016-07-01,1,0,0,0,1,0,1
LA PAZ,otras vacunaciones,hepatitis b 3ra. dosis trabajadores de salud,2016-07-01,6,26,1,3,7,29,36
MAGDALENA,otras vacunaciones,hepatitis b 3ra. dosis trabajadores de salud,2016-07-01,0,1,0,0,0,1,1
MAIRANA,otras vacunaciones,hepatitis b 3ra. dosis trabajadores de salud,2016-07-01,1,2,0,0,1,2,3
MONTEAGUDO,otras vacunaciones,hepatitis b 3ra. dosis trabajadores de salud,2016-07-01,1,0,0,0,1,0,1
ORURO,otras vacunaciones,hepatitis b 3ra. dosis trabajadores de salud,2016-07-01,3,4,4,5,7,9,16
PASORAPA,otras vacunaciones,hepatitis b 3ra. dosis trabajadores de salud,2016-07-01,0,0,0,2,0,2,2
PORVENIR,otras vacunaciones,hepatitis b 3ra. dosis trabajadores de salud,2016-07-01,1,0,0,0,1,0,1
POTOSI,otras vacunaciones,hepatitis b 3ra. dosis trabajadores de salud,2016-07-01,8,9,0,0,8,9,17
PUCARA,otras vacunaciones,hepatitis b 3ra. dosis trabajadores de salud,2016-07-01,2,0,0,0,2,0,2
PUERTO VILLARROEL,otras vacunaciones,hepatitis b 3ra. dosis trabajadores de salud,2016-07-01,1,3,0,0,1,3,4
RAVELO,otras vacunaciones,hepatitis b 3ra. dosis trabajadores de salud,2016-07-01,2,2,0,0,2,2,4
ROBORE,otras vacunaciones,hepatitis b 3ra. dosis trabajadores de salud,2016-07-01,3,3,0,0,3,3,6
SABAYA,otras vacunaciones,hepatitis b 3ra. dosis trabajadores de salud,2016-07-01,3,1,0,0,3,1,4
SAN BORJA,otras vacunaciones,hepatitis b 3ra. dosis trabajadores de salud,2016-07-01,2,2,0,0,2,2,4
SAN JOSE DE CHIQUITOS,otras vacunaciones,hepatitis b 3ra. dosis trabajadores de salud,2016-07-01,0,1,0,0,0,1,1
SAN JULIAN,otras vacunaciones,hepatitis b 3ra. dosis trabajadores de salud,2016-07-01,1,0,0,0,1,0,1
SAN LORENZO(TJA),otras vacunaciones,hepatitis b 3ra. dosis trabajadores de salud,2016-07-01,0,1,0,0,0,1,1
SAN PABLO DE LIPEZ,otras vacunaciones,hepatitis b 3ra. dosis trabajadores de salud,2016-07-01,2,2,0,0,2,2,4
SAN RAMON BENI,otras vacunaciones,hepatitis b 3ra. dosis trabajadores de salud,2016-07-01,1,1,0,0,1,1,2
SANTA CRUZ DE LA SIERRA,otras vacunaciones,hepatitis b 3ra. dosis trabajadores de salud,2016-07-01,0,12,0,0,0,12,12
SANTA ROSA DEL SARA,otras vacunaciones,hepatitis b 3ra. dosis trabajadores de salud,2016-07-01,0,2,0,0,0,2,2
SUCRE,otras vacunaciones,hepatitis b 3ra. dosis trabajadores de salud,2016-07-01,16,34,0,0,16,34,50
TARIJA,otras vacunaciones,hepatitis b 3ra. dosis trabajadores de salud,2016-07-01,5,3,1,6,6,9,15
TARVITA,otras vacunaciones,hepatitis b 3ra. dosis trabajadores de salud,2016-07-01,0,1,0,0,0,1,1
TOLEDO,otras vacunaciones,hepatitis b 3ra. dosis trabajadores de salud,2016-07-01,0,1,0,0,0,1,1
TRINIDAD,otras vacunaciones,hepatitis b 3ra. dosis trabajadores de salud,2016-07-01,1,2,0,0,1,2,3
UYUNI,otras vacunaciones,hepatitis b 3ra. dosis trabajadores de salud,2016-07-01,2,0,0,0,2,0,2
VIACHA,otras vacunaciones,hepatitis b 3ra. dosis trabajadores de salud,2016-07-01,1,1,0,0,1,1,2
VILLA MONTES,otras vacunaciones,hepatitis b 3ra. dosis trabajadores de salud,2016-07-01,0,2,0,0,0,2,2
VILLA TUNARI,otras vacunaciones,hepatitis b 3ra. dosis trabajadores de salud,2016-07-01,1,1,0,0,1,1,2
VILLAZON,otras vacunaciones,hepatitis b 3ra. dosis trabajadores de salud,2016-07-01,1,2,0,0,1,2,3
YACUIBA,otras vacunaciones,hepatitis b 3ra. dosis trabajadores de salud,2016-07-01,0,1,0,0,0,1,1
AIQUILE,otras vacunaciones,hepatitis b 3ra. dosis trabajadores de salud,2016-08-01,0,1,0,0,0,1,1
ASCENCION DE GUARAYOS,otras vacunaciones,hepatitis b 3ra. dosis trabajadores de salud,2016-08-01,0,2,0,0,0,2,2
AYATA,otras vacunaciones,hepatitis b 3ra. dosis trabajadores de salud,2016-08-01,2,4,0,0,2,4,6
BERMEJO,otras vacunaciones,hepatitis b 3ra. dosis trabajadores de salud,2016-08-01,0,1,0,0,0,1,1
BOLIVAR,otras vacunaciones,hepatitis b 3ra. dosis trabajadores de salud,2016-08-01,1,0,0,0,1,0,1
BOYUIBE,otras vacunaciones,hepatitis b 3ra. dosis trabajadores de salud,2016-08-01,0,1,0,0,0,1,1
CALAMARCA,otras vacunaciones,hepatitis b 3ra. dosis trabajadores de salud,2016-08-01,0,1,0,0,0,1,1
CAMIRI,otras vacunaciones,hepatitis b 3ra. dosis trabajadores de salud,2016-08-01,0,1,0,0,0,1,1
CHIMORE,otras vacunaciones,hepatitis b 3ra. dosis trabajadores de salud,2016-08-01,0,2,0,0,0,2,2
COBIJA,otras vacunaciones,hepatitis b 3ra. dosis trabajadores de salud,2016-08-01,1,5,0,0,1,5,6
COCHABAMBA,otras vacunaciones,hepatitis b 3ra. dosis trabajadores de salud,2016-08-01,11,33,0,0,11,33,44
"COLCHA ""K""",otras vacunaciones,hepatitis b 3ra. dosis trabajadores de salud,2016-08-01,1,0,0,0,1,0,1
COTAGAITA,otras vacunaciones,hepatitis b 3ra. dosis trabajadores de salud,2016-08-01,1,2,0,0,1,2,3
EL ALTO,otras vacunaciones,hepatitis b 3ra. dosis trabajadores de salud,2016-08-01,6,9,3,4,9,13,22
EL TORNO,otras vacunaciones,hepatitis b 3ra. dosis trabajadores de salud,2016-08-01,1,0,0,0,1,0,1
ENTRE RIOS TRJ,otras vacunaciones,hepatitis b 3ra. dosis trabajadores de salud,2016-08-01,1,1,0,0,1,1,2
GRAL. J.J. PEREZ (CHARAZANI),otras vacunaciones,hepatitis b 3ra. dosis trabajadores de salud,2016-08-01,0,1,0,0,0,1,1
GUAYARAMERIN,otras vacunaciones,hepatitis b 3ra. dosis trabajadores de salud,2016-08-01,0,1,0,0,0,1,1
HUACARETA,otras vacunaciones,hepatitis b 3ra. dosis trabajadores de salud,2016-08-01,1,1,0,0,1,1,2
ICLA,otras vacunaciones,hepatitis b 3ra. dosis trabajadores de salud,2016-08-01,0,1,0,0,0,1,1
LA GUARDIA,otras vacunaciones,hepatitis b 3ra. dosis trabajadores de salud,2016-08-01,0,0,0,2,0,2,2
LA PAZ,otras vacunaciones,hepatitis b 3ra. dosis trabajadores de salud,2016-08-01,6,7,0,0,6,7,13
MOCOMOCO,otras vacunaciones,hepatitis b 3ra. dosis trabajadores de salud,2016-08-01,1,0,0,0,1,0,1
MONTEAGUDO,otras vacunaciones,hepatitis b 3ra. dosis trabajadores de salud,2016-08-01,0,1,0,0,0,1,1
MONTERO,otras vacunaciones,hepatitis b 3ra. dosis trabajadores de salud,2016-08-01,6,23,0,0,6,23,29
OCURI,otras vacunaciones,hepatitis b 3ra. dosis trabajadores de salud,2016-08-01,0,5,0,0,0,5,5
ORURO,otras vacunaciones,hepatitis b 3ra. dosis trabajadores de salud,2016-08-01,7,23,1,1,8,24,32
PASORAPA,otras vacunaciones,hepatitis b 3ra. dosis trabajadores de salud,2016-08-01,1,1,0,0,1,1,2
POTOSI,otras vacunaciones,hepatitis b 3ra. dosis trabajadores de salud,2016-08-01,1,7,0,0,1,7,8
PUCARANI,otras vacunaciones,hepatitis b 3ra. dosis trabajadores de salud,2016-08-01,1,0,0,0,1,0,1
PUNA,otras vacunaciones,hepatitis b 3ra. dosis trabajadores de salud,2016-08-01,0,0,0,1,0,1,1
SABAYA,otras vacunaciones,hepatitis b 3ra. dosis trabajadores de salud,2016-08-01,0,1,0,0,0,1,1
SAMAIPATA,otras vacunaciones,hepatitis b 3ra. dosis trabajadores de salud,2016-08-01,5,4,0,0,5,4,9
SAN IGNACIO DE VELASCO,otras vacunaciones,hepatitis b 3ra. dosis trabajadores de salud,2016-08-01,0,2,0,0,0,2,2
SAN MIGUEL DE VELASCO,otras vacunaciones,hepatitis b 3ra. dosis trabajadores de salud,2016-08-01,7,5,0,0,7,5,12
SANTA CRUZ DE LA SIERRA,otras vacunaciones,hepatitis b 3ra. dosis trabajadores de salud,2016-08-01,5,19,0,0,5,19,24
SUCRE,otras vacunaciones,hepatitis b 3ra. dosis trabajadores de salud,2016-08-01,16,44,0,0,16,44,60
TARIJA,otras vacunaciones,hepatitis b 3ra. dosis trabajadores de salud,2016-08-01,1,6,0,0,1,6,7
TRINIDAD,otras vacunaciones,hepatitis b 3ra. dosis trabajadores de salud,2016-08-01,5,4,0,0,5,4,9
UNCIA,otras vacunaciones,hepatitis b 3ra. dosis trabajadores de salud,2016-08-01,0,1,0,0,0,1,1
UYUNI,otras vacunaciones,hepatitis b 3ra. dosis trabajadores de salud,2016-08-01,0,4,0,0,0,4,4
VILLA MONTES,otras vacunaciones,hepatitis b 3ra. dosis trabajadores de salud,2016-08-01,1,3,0,0,1,3,4
VILLA TUNARI,otras vacunaciones,hepatitis b 3ra. dosis trabajadores de salud,2016-08-01,1,1,0,0,1,1,2
VILLAZON,otras vacunaciones,hepatitis b 3ra. dosis trabajadores de salud,2016-08-01,0,3,0,0,0,3,3
YACUIBA,otras vacunaciones,hepatitis b 3ra. dosis trabajadores de salud,2016-08-01,0,0,1,0,1,0,1
AYATA,otras vacunaciones,hepatitis b 3ra. dosis trabajadores de salud,2016-09-01,1,0,0,0,1,0,1
BERMEJO,otras vacunaciones,hepatitis b 3ra. dosis trabajadores de salud,2016-09-01,2,3,0,0,2,3,5
CARANAVI,otras vacunaciones,hepatitis b 3ra. dosis trabajadores de salud,2016-09-01,0,1,0,0,0,1,1
COBIJA,otras vacunaciones,hepatitis b 3ra. dosis trabajadores de salud,2016-09-01,0,1,0,2,0,3,3
COCHABAMBA,otras vacunaciones,hepatitis b 3ra. dosis trabajadores de salud,2016-09-01,15,28,0,0,15,28,43
COLQUENCHA,otras vacunaciones,hepatitis b 3ra. dosis trabajadores de salud,2016-09-01,2,1,0,0,2,1,3
COTAGAITA,otras vacunaciones,hepatitis b 3ra. dosis trabajadores de salud,2016-09-01,0,1,0,0,0,1,1
CURAHUARA DE CARANGAS,otras vacunaciones,hepatitis b 3ra. dosis trabajadores de salud,2016-09-01,0,0,1,0,1,0,1
EL ALTO,otras vacunaciones,hepatitis b 3ra. dosis trabajadores de salud,2016-09-01,3,8,0,0,3,8,11
EL PUENTE(TJA),otras vacunaciones,hepatitis b 3ra. dosis trabajadores de salud,2016-09-01,0,1,0,0,0,1,1
EL TORNO,otras vacunaciones,hepatitis b 3ra. dosis trabajadores de salud,2016-09-01,0,1,0,0,0,1,1
GUAYARAMERIN,otras vacunaciones,hepatitis b 3ra. dosis trabajadores de salud,2016-09-01,1,3,0,0,1,3,4
HUACHACALLA,otras vacunaciones,hepatitis b 3ra. dosis trabajadores de salud,2016-09-01,0,1,0,0,0,1,1
IRUPANA (VILLA DE LANZA),otras vacunaciones,hepatitis b 3ra. dosis trabajadores de salud,2016-09-01,0,0,3,4,3,4,7
LA GUARDIA,otras vacunaciones,hepatitis b 3ra. dosis trabajadores de salud,2016-09-01,0,1,1,0,1,1,2
LA PAZ,otras vacunaciones,hepatitis b 3ra. dosis trabajadores de salud,2016-09-01,6,17,10,36,16,53,69
LLALLAGUA,otras vacunaciones,hepatitis b 3ra. dosis trabajadores de salud,2016-09-01,16,4,0,0,16,4,20
MONTEAGUDO,otras vacunaciones,hepatitis b 3ra. dosis trabajadores de salud,2016-09-01,1,0,0,0,1,0,1
MONTERO,otras vacunaciones,hepatitis b 3ra. dosis trabajadores de salud,2016-09-01,3,15,0,0,3,15,18
OCURI,otras vacunaciones,hepatitis b 3ra. dosis trabajadores de salud,2016-09-01,1,0,0,0,1,0,1
ORURO,otras vacunaciones,hepatitis b 3ra. dosis trabajadores de salud,2016-09-01,4,5,0,2,4,7,11
PASORAPA,otras vacunaciones,hepatitis b 3ra. dosis trabajadores de salud,2016-09-01,1,1,0,0,1,1,2
POTOSI,otras vacunaciones,hepatitis b 3ra. dosis trabajadores de salud,2016-09-01,2,10,0,0,2,10,12
PUCARANI,otras vacunaciones,hepatitis b 3ra. dosis trabajadores de salud,2016-09-01,0,2,0,0,0,2,2
PUERTO VILLARROEL,otras vacunaciones,hepatitis b 3ra. dosis trabajadores de salud,2016-09-01,1,7,0,0,1,7,8
PUNA,otras vacunaciones,hepatitis b 3ra. dosis trabajadores de salud,2016-09-01,1,0,0,0,1,0,1
SABAYA,otras vacunaciones,hepatitis b 3ra. dosis trabajadores de salud,2016-09-01,1,0,0,0,1,0,1
SAIPINA,otras vacunaciones,hepatitis b 3ra. dosis trabajadores de salud,2016-09-01,0,1,0,0,0,1,1
SAN CARLOS,otras vacunaciones,hepatitis b 3ra. dosis trabajadores de salud,2016-09-01,0,3,0,0,0,3,3
SAN JUAN DE YAPACANI,otras vacunaciones,hepatitis b 3ra. dosis trabajadores de salud,2016-09-01,0,1,0,0,0,1,1
SAN JULIAN,otras vacunaciones,hepatitis b 3ra. dosis trabajadores de salud,2016-09-01,1,0,0,0,1,0,1
SAN LUCAS,otras vacunaciones,hepatitis b 3ra. dosis trabajadores de salud,2016-09-01,5,3,0,0,5,3,8
SAN PABLO DE LIPEZ,otras vacunaciones,hepatitis b 3ra. dosis trabajadores de salud,2016-09-01,1,0,0,0,1,0,1
SAN PEDRO DE TIQUINA,otras vacunaciones,hepatitis b 3ra. dosis trabajadores de salud,2016-09-01,0,1,0,0,0,1,1
SANTA ANA,otras vacunaciones,hepatitis b 3ra. dosis trabajadores de salud,2016-09-01,1,0,0,0,1,0,1
SANTA CRUZ DE LA SIERRA,otras vacunaciones,hepatitis b 3ra. dosis trabajadores de salud,2016-09-01,6,9,0,0,6,9,15
SAPAHAQUI,otras vacunaciones,hepatitis b 3ra. dosis trabajadores de salud,2016-09-01,0,1,0,0,0,1,1
SENA,otras vacunaciones,hepatitis b 3ra. dosis trabajadores de salud,2016-09-01,1,0,0,0,1,0,1
SHINAOTA,otras vacunaciones,hepatitis b 3ra. dosis trabajadores de salud,2016-09-01,3,8,0,0,3,8,11
SUCRE,otras vacunaciones,hepatitis b 3ra. dosis trabajadores de salud,2016-09-01,10,34,0,0,10,34,44
TACOBAMBA,otras vacunaciones,hepatitis b 3ra. dosis trabajadores de salud,2016-09-01,6,3,0,0,6,3,9
TAHUA,otras vacunaciones,hepatitis b 3ra. dosis trabajadores de salud,2016-09-01,0,1,0,0,0,1,1
TARIJA,otras vacunaciones,hepatitis b 3ra. dosis trabajadores de salud,2016-09-01,0,5,0,0,0,5,5
TARVITA,otras vacunaciones,hepatitis b 3ra. dosis trabajadores de salud,2016-09-01,0,2,0,0,0,2,2
TOMINA,otras vacunaciones,hepatitis b 3ra. dosis trabajadores de salud,2016-09-01,2,1,0,0,2,1,3
TORO TORO,otras vacunaciones,hepatitis b 3ra. dosis trabajadores de salud,2016-09-01,1,0,0,0,1,0,1
UYUNI,otras vacunaciones,hepatitis b 3ra. dosis trabajadores de salud,2016-09-01,2,3,0,0,2,3,5
VILLA MONTES,otras vacunaciones,hepatitis b 3ra. dosis trabajadores de salud,2016-09-01,1,3,0,0,1,3,4
VILLA TUNARI,otras vacunaciones,hepatitis b 3ra. dosis trabajadores de salud,2016-09-01,2,20,0,0,2,20,22
VILLAZON,otras vacunaciones,hepatitis b 3ra. dosis trabajadores de salud,2016-09-01,1,5,0,0,1,5,6
YOCALLA,otras vacunaciones,hepatitis b 3ra. dosis trabajadores de salud,2016-09-01,0,1,0,0,0,1,1
ALTO BENI,otras vacunaciones,hepatitis b 3ra. dosis trabajadores de salud,2016-10-01,1,0,0,0,1,0,1
ANDAMARCA,otras vacunaciones,hepatitis b 3ra. dosis trabajadores de salud,2016-10-01,3,7,0,0,3,7,10
ARQUE,otras vacunaciones,hepatitis b 3ra. dosis trabajadores de salud,2016-10-01,0,1,0,0,0,1,1
ATOCHA,otras vacunaciones,hepatitis b 3ra. dosis trabajadores de salud,2016-10-01,2,4,0,0,2,4,6
CAMARGO,otras vacunaciones,hepatitis b 3ra. dosis trabajadores de salud,2016-10-01,0,1,0,0,0,1,1
CAMIRI,otras vacunaciones,hepatitis b 3ra. dosis trabajadores de salud,2016-10-01,0,2,0,0,0,2,2
CHIMORE,otras vacunaciones,hepatitis b 3ra. dosis trabajadores de salud,2016-10-01,0,1,0,0,0,1,1
COBIJA,otras vacunaciones,hepatitis b 3ra. dosis trabajadores de salud,2016-10-01,0,3,0,0,0,3,3
COCHABAMBA,otras vacunaciones,hepatitis b 3ra. dosis trabajadores de salud,2016-10-01,20,21,0,0,20,21,41
COLQUENCHA,otras vacunaciones,hepatitis b 3ra. dosis trabajadores de salud,2016-10-01,0,1,0,0,0,1,1
COMARAPA,otras vacunaciones,hepatitis b 3ra. dosis trabajadores de salud,2016-10-01,1,0,0,0,1,0,1
COROICO,otras vacunaciones,hepatitis b 3ra. dosis trabajadores de salud,2016-10-01,1,1,0,0,1,1,2
COTAGAITA,otras vacunaciones,hepatitis b 3ra. dosis trabajadores de salud,2016-10-01,0,2,0,0,0,2,2
CURVA,otras vacunaciones,hepatitis b 3ra. dosis trabajadores de salud,2016-10-01,2,2,0,0,2,2,4
EL ALTO,otras vacunaciones,hepatitis b 3ra. dosis trabajadores de salud,2016-10-01,8,21,4,14,12,35,47
EL TORNO,otras vacunaciones,hepatitis b 3ra. dosis trabajadores de salud,2016-10-01,0,4,0,0,0,4,4
ENTRE RIOS CBBA,otras vacunaciones,hepatitis b 3ra. dosis trabajadores de salud,2016-10-01,0,9,0,0,0,9,9
GUAYARAMERIN,otras vacunaciones,hepatitis b 3ra. dosis trabajadores de salud,2016-10-01,1,3,0,0,1,3,4
IRUPANA (VILLA DE LANZA),otras vacunaciones,hepatitis b 3ra. dosis trabajadores de salud,2016-10-01,1,2,4,2,5,4,9
LA GUARDIA,otras vacunaciones,hepatitis b 3ra. dosis trabajadores de salud,2016-10-01,2,6,0,0,2,6,8
LA PAZ,otras vacunaciones,hepatitis b 3ra. dosis trabajadores de salud,2016-10-01,12,35,0,0,12,35,47
LICOMA PAMPA,otras vacunaciones,hepatitis b 3ra. dosis trabajadores de salud,2016-10-01,0,1,0,0,0,1,1
LLALLAGUA,otras vacunaciones,hepatitis b 3ra. dosis trabajadores de salud,2016-10-01,0,0,0,1,0,1,1
MONTEAGUDO,otras vacunaciones,hepatitis b 3ra. dosis trabajadores de salud,2016-10-01,0,3,0,0,0,3,3
MONTERO,otras vacunaciones,hepatitis b 3ra. dosis trabajadores de salud,2016-10-01,7,20,0,0,7,20,27
ORURO,otras vacunaciones,hepatitis b 3ra. dosis trabajadores de salud,2016-10-01,5,7,0,0,5,7,12
POOPO,otras vacunaciones,hepatitis b 3ra. dosis trabajadores de salud,2016-10-01,0,1,0,0,0,1,1
PORVENIR,otras vacunaciones,hepatitis b 3ra. dosis trabajadores de salud,2016-10-01,0,1,0,0,0,1,1
POTOSI,otras vacunaciones,hepatitis b 3ra. dosis trabajadores de salud,2016-10-01,4,35,0,0,4,35,39
PUCARANI,otras vacunaciones,hepatitis b 3ra. dosis trabajadores de salud,2016-10-01,0,1,0,0,0,1,1
PUERTO VILLARROEL,otras vacunaciones,hepatitis b 3ra. dosis trabajadores de salud,2016-10-01,2,0,0,1,2,1,3
PUNA,otras vacunaciones,hepatitis b 3ra. dosis trabajadores de salud,2016-10-01,3,1,0,0,3,1,4
RAVELO,otras vacunaciones,hepatitis b 3ra. dosis trabajadores de salud,2016-10-01,0,1,0,0,0,1,1
ROBORE,otras vacunaciones,hepatitis b 3ra. dosis trabajadores de salud,2016-10-01,2,1,0,0,2,1,3
SABAYA,otras vacunaciones,hepatitis b 3ra. dosis trabajadores de salud,2016-10-01,0,1,0,0,0,1,1
SAN IGNACIO DE VELASCO,otras vacunaciones,hepatitis b 3ra. dosis trabajadores de salud,2016-10-01,0,3,0,0,0,3,3
SAN LORENZO(TJA),otras vacunaciones,hepatitis b 3ra. dosis trabajadores de salud,2016-10-01,0,2,0,0,0,2,2
SAN PEDRO,otras vacunaciones,hepatitis b 3ra. dosis trabajadores de salud,2016-10-01,3,8,0,0,3,8,11
SAN PEDRO DE QUEMES,otras vacunaciones,hepatitis b 3ra. dosis trabajadores de salud,2016-10-01,2,0,0,0,2,0,2
SANTA CRUZ DE LA SIERRA,otras vacunaciones,hepatitis b 3ra. dosis trabajadores de salud,2016-10-01,3,19,0,0,3,19,22
SANTA ROSA DEL SARA,otras vacunaciones,hepatitis b 3ra. dosis trabajadores de salud,2016-10-01,0,1,0,0,0,1,1
SENA,otras vacunaciones,hepatitis b 3ra. dosis trabajadores de salud,2016-10-01,1,0,0,0,1,0,1
SHINAOTA,otras vacunaciones,hepatitis b 3ra. dosis trabajadores de salud,2016-10-01,2,3,0,0,2,3,5
SUCRE,otras vacunaciones,hepatitis b 3ra. dosis trabajadores de salud,2016-10-01,9,17,0,0,9,17,26
TARABUCO,otras vacunaciones,hepatitis b 3ra. dosis trabajadores de salud,2016-10-01,1,1,0,0,1,1,2
TARIJA,otras vacunaciones,hepatitis b 3ra. dosis trabajadores de salud,2016-10-01,3,7,0,0,3,7,10
TOMINA,otras vacunaciones,hepatitis b 3ra. dosis trabajadores de salud,2016-10-01,1,2,0,0,1,2,3
TRINIDAD,otras vacunaciones,hepatitis b 3ra. dosis trabajadores de salud,2016-10-01,0,3,0,0,0,3,3
TURCO,otras vacunaciones,hepatitis b 3ra. dosis trabajadores de salud,2016-10-01,5,6,0,0,5,6,11
VILLA MONTES,otras vacunaciones,hepatitis b 3ra. dosis trabajadores de salud,2016-10-01,1,1,0,0,1,1,2
VILLA TUNARI,otras vacunaciones,hepatitis b 3ra. dosis trabajadores de salud,2016-10-01,5,4,0,0,5,4,9
VILLAZON,otras vacunaciones,hepatitis b 3ra. dosis trabajadores de salud,2016-10-01,0,5,0,0,0,5,5
VITICHI,otras vacunaciones,hepatitis b 3ra. dosis trabajadores de salud,2016-10-01,0,1,0,0,0,1,1
YACUIBA,otras vacunaciones,hepatitis b 3ra. dosis trabajadores de salud,2016-10-01,1,5,0,0,1,5,6
YANACACHI,otras vacunaciones,hepatitis b 3ra. dosis trabajadores de salud,2016-10-01,0,1,0,0,0,1,1
YAPACANI,otras vacunaciones,hepatitis b 3ra. dosis trabajadores de salud,2016-10-01,0,1,0,0,0,1,1
ATOCHA,otras vacunaciones,hepatitis b 3ra. dosis trabajadores de salud,2016-11-01,2,2,0,0,2,2,4
BATALLAS,otras vacunaciones,hepatitis b 3ra. dosis trabajadores de salud,2016-11-01,0,0,0,2,0,2,2
BELEN DE ANDAMARCA,otras vacunaciones,hepatitis b 3ra. dosis trabajadores de salud,2016-11-01,0,1,0,0,0,1,1
BERMEJO,otras vacunaciones,hepatitis b 3ra. dosis trabajadores de salud,2016-11-01,1,4,0,0,1,4,5
"CAIZA ""D""",otras vacunaciones,hepatitis b 3ra. dosis trabajadores de salud,2016-11-01,1,1,0,0,1,1,2
CAMARGO,otras vacunaciones,hepatitis b 3ra. dosis trabajadores de salud,2016-11-01,1,0,0,0,1,0,1
CAMIRI,otras vacunaciones,hepatitis b 3ra. dosis trabajadores de salud,2016-11-01,1,4,0,0,1,4,5
CHALLAPATA,otras vacunaciones,hepatitis b 3ra. dosis trabajadores de salud,2016-11-01,2,3,0,0,2,3,5
CLIZA,otras vacunaciones,hepatitis b 3ra. dosis trabajadores de salud,2016-11-01,4,7,0,0,4,7,11
COCHABAMBA,otras vacunaciones,hepatitis b 3ra. dosis trabajadores de salud,2016-11-01,3,15,0,0,3,15,18
COTAGAITA,otras vacunaciones,hepatitis b 3ra. dosis trabajadores de salud,2016-11-01,1,0,0,0,1,0,1
CURAHUARA DE CARANGAS,otras vacunaciones,hepatitis b 3ra. dosis trabajadores de salud,2016-11-01,0,0,11,17,11,17,28
EL ALTO,otras vacunaciones,hepatitis b 3ra. dosis trabajadores de salud,2016-11-01,14,58,2,6,16,64,80
GRAL. J.J. PEREZ (CHARAZANI),otras vacunaciones,hepatitis b 3ra. dosis trabajadores de salud,2016-11-01,3,0,0,0,3,0,3
IRUPANA (VILLA DE LANZA),otras vacunaciones,hepatitis b 3ra. dosis trabajadores de salud,2016-11-01,0,0,1,0,1,0,1
LA GUARDIA,otras vacunaciones,hepatitis b 3ra. dosis trabajadores de salud,2016-11-01,1,11,0,0,1,11,12
LA PAZ,otras vacunaciones,hepatitis b 3ra. dosis trabajadores de salud,2016-11-01,6,15,0,0,6,15,21
LLALLAGUA,otras vacunaciones,hepatitis b 3ra. dosis trabajadores de salud,2016-11-01,1,0,0,0,1,0,1
MONTEAGUDO,otras vacunaciones,hepatitis b 3ra. dosis trabajadores de salud,2016-11-01,1,1,0,0,1,1,2
MONTERO,otras vacunaciones,hepatitis b 3ra. dosis trabajadores de salud,2016-11-01,4,12,0,0,4,12,16
ORURO,otras vacunaciones,hepatitis b 3ra. dosis trabajadores de salud,2016-11-01,7,7,1,11,8,18,26
PADCAYA,otras vacunaciones,hepatitis b 3ra. dosis trabajadores de salud,2016-11-01,0,2,0,0,0,2,2
PORCO,otras vacunaciones,hepatitis b 3ra. dosis trabajadores de salud,2016-11-01,1,4,0,0,1,4,5
POTOSI,otras vacunaciones,hepatitis b 3ra. dosis trabajadores de salud,2016-11-01,2,20,0,0,2,20,22
PUCARA,otras vacunaciones,hepatitis b 3ra. dosis trabajadores de salud,2016-11-01,0,1,0,0,0,1,1
PUCARANI,otras vacunaciones,hepatitis b 3ra. dosis trabajadores de salud,2016-11-01,0,2,0,0,0,2,2
ROBORE,otras vacunaciones,hepatitis b 3ra. dosis trabajadores de salud,2016-11-01,1,5,0,0,1,5,6
SACABA,otras vacunaciones,hepatitis b 3ra. dosis trabajadores de salud,2016-11-01,2,1,0,0,2,1,3
SAN BUENA VENTURA,otras vacunaciones,hepatitis b 3ra. dosis trabajadores de salud,2016-11-01,1,0,0,0,1,0,1
SAN PEDRO,otras vacunaciones,hepatitis b 3ra. dosis trabajadores de salud,2016-11-01,3,3,0,0,3,3,6
SAN PEDRO DE BUENA VISTA,otras vacunaciones,hepatitis b 3ra. dosis trabajadores de salud,2016-11-01,2,1,0,0,2,1,3
SANTA CRUZ DE LA SIERRA,otras vacunaciones,hepatitis b 3ra. dosis trabajadores de salud,2016-11-01,41,67,19,50,60,117,177
SAPAHAQUI,otras vacunaciones,hepatitis b 3ra. dosis trabajadores de salud,2016-11-01,0,0,1,0,1,0,1
SHINAOTA,otras vacunaciones,hepatitis b 3ra. dosis trabajadores de salud,2016-11-01,0,2,0,0,0,2,2
SUCRE,otras vacunaciones,hepatitis b 3ra. dosis trabajadores de salud,2016-11-01,3,6,0,0,3,6,9
TACOBAMBA,otras vacunaciones,hepatitis b 3ra. dosis trabajadores de salud,2016-11-01,1,2,0,0,1,2,3
TAPACARI,otras vacunaciones,hepatitis b 3ra. dosis trabajadores de salud,2016-11-01,0,1,0,0,0,1,1
TARABUCO,otras vacunaciones,hepatitis b 3ra. dosis trabajadores de salud,2016-11-01,4,12,0,0,4,12,16
TARATA,otras vacunaciones,hepatitis b 3ra. dosis trabajadores de salud,2016-11-01,2,3,0,0,2,3,5
TARIJA,otras vacunaciones,hepatitis b 3ra. dosis trabajadores de salud,2016-11-01,3,6,0,0,3,6,9
TARVITA,otras vacunaciones,hepatitis b 3ra. dosis trabajadores de salud,2016-11-01,0,1,0,0,0,1,1
TOMINA,otras vacunaciones,hepatitis b 3ra. dosis trabajadores de salud,2016-11-01,4,5,0,0,4,5,9
TRINIDAD,otras vacunaciones,hepatitis b 3ra. dosis trabajadores de salud,2016-11-01,1,2,0,0,1,2,3
VIACHA,otras vacunaciones,hepatitis b 3ra. dosis trabajadores de salud,2016-11-01,1,2,0,0,1,2,3
VILLA MONTES,otras vacunaciones,hepatitis b 3ra. dosis trabajadores de salud,2016-11-01,0,1,0,0,0,1,1
VILLA TUNARI,otras vacunaciones,hepatitis b 3ra. dosis trabajadores de salud,2016-11-01,4,2,0,0,4,2,6
VILLAZON,otras vacunaciones,hepatitis b 3ra. dosis trabajadores de salud,2016-11-01,1,3,0,0,1,3,4
YACUIBA,otras vacunaciones,hepatitis b 3ra. dosis trabajadores de salud,2016-11-01,1,3,0,0,1,3,4
YUNCHARA,otras vacunaciones,hepatitis b 3ra. dosis trabajadores de salud,2016-11-01,1,0,0,0,1,0,1
ASCENCION DE GUARAYOS,otras vacunaciones,hepatitis b 3ra. dosis trabajadores de salud,2016-12-01,0,1,0,0,0,1,1
BETANZOS,otras vacunaciones,hepatitis b 3ra. dosis trabajadores de salud,2016-12-01,1,0,0,0,1,0,1
CAMARGO,otras vacunaciones,hepatitis b 3ra. dosis trabajadores de salud,2016-12-01,0,1,0,0,0,1,1
CAPINOTA,otras vacunaciones,hepatitis b 3ra. dosis trabajadores de salud,2016-12-01,1,8,0,0,1,8,9
CHALLAPATA,otras vacunaciones,hepatitis b 3ra. dosis trabajadores de salud,2016-12-01,1,9,0,0,1,9,10
CHIMORE,otras vacunaciones,hepatitis b 3ra. dosis trabajadores de salud,2016-12-01,0,2,0,0,0,2,2
CHULUMANI (V. DE LA LIBERTAD),otras vacunaciones,hepatitis b 3ra. dosis trabajadores de salud,2016-12-01,1,1,0,0,1,1,2
CLIZA,otras vacunaciones,hepatitis b 3ra. dosis trabajadores de salud,2016-12-01,2,0,0,0,2,0,2
COCHABAMBA,otras vacunaciones,hepatitis b 3ra. dosis trabajadores de salud,2016-12-01,4,11,0,0,4,11,15
COLLANA,otras vacunaciones,hepatitis b 3ra. dosis trabajadores de salud,2016-12-01,0,1,0,0,0,1,1
COTAGAITA,otras vacunaciones,hepatitis b 3ra. dosis trabajadores de salud,2016-12-01,0,1,0,0,0,1,1
CURAHUARA DE CARANGAS,otras vacunaciones,hepatitis b 3ra. dosis trabajadores de salud,2016-12-01,0,0,0,1,0,1,1
EL ALTO,otras vacunaciones,hepatitis b 3ra. dosis trabajadores de salud,2016-12-01,2,10,9,12,11,22,33
GUAYARAMERIN,otras vacunaciones,hepatitis b 3ra. dosis trabajadores de salud,2016-12-01,0,2,0,0,0,2,2
HUACHACALLA,otras vacunaciones,hepatitis b 3ra. dosis trabajadores de salud,2016-12-01,0,1,0,0,0,1,1
HUANUNI,otras vacunaciones,hepatitis b 3ra. dosis trabajadores de salud,2016-12-01,0,0,2,3,2,3,5
LA GUARDIA,otras vacunaciones,hepatitis b 3ra. dosis trabajadores de salud,2016-12-01,1,4,0,0,1,4,5
LA PAZ,otras vacunaciones,hepatitis b 3ra. dosis trabajadores de salud,2016-12-01,59,30,0,0,59,30,89
LLALLAGUA,otras vacunaciones,hepatitis b 3ra. dosis trabajadores de salud,2016-12-01,2,5,0,0,2,5,7
MONTERO,otras vacunaciones,hepatitis b 3ra. dosis trabajadores de salud,2016-12-01,1,0,0,0,1,0,1
ORURO,otras vacunaciones,hepatitis b 3ra. dosis trabajadores de salud,2016-12-01,4,27,6,10,10,37,47
POOPO,otras vacunaciones,hepatitis b 3ra. dosis trabajadores de salud,2016-12-01,0,1,0,0,0,1,1
PORCO,otras vacunaciones,hepatitis b 3ra. dosis trabajadores de salud,2016-12-01,1,0,0,0,1,0,1
PORTACHUELO,otras vacunaciones,hepatitis b 3ra. dosis trabajadores de salud,2016-12-01,0,1,0,0,0,1,1
POTOSI,otras vacunaciones,hepatitis b 3ra. dosis trabajadores de salud,2016-12-01,3,6,0,0,3,6,9
PRESTO,otras vacunaciones,hepatitis b 3ra. dosis trabajadores de salud,2016-12-01,0,0,0,1,0,1,1
PUCARANI,otras vacunaciones,hepatitis b 3ra. dosis trabajadores de salud,2016-12-01,0,2,0,0,0,2,2
ROBORE,otras vacunaciones,hepatitis b 3ra. dosis trabajadores de salud,2016-12-01,0,3,0,0,0,3,3
RURRENABAQUE,otras vacunaciones,hepatitis b 3ra. dosis trabajadores de salud,2016-12-01,6,12,0,0,6,12,18
SACABA,otras vacunaciones,hepatitis b 3ra. dosis trabajadores de salud,2016-12-01,1,0,0,0,1,0,1
SAN BENITO,otras vacunaciones,hepatitis b 3ra. dosis trabajadores de salud,2016-12-01,0,2,0,0,0,2,2
SAN CARLOS,otras vacunaciones,hepatitis b 3ra. dosis trabajadores de salud,2016-12-01,1,0,0,0,1,0,1
SAN IGNACIO DE VELASCO,otras vacunaciones,hepatitis b 3ra. dosis trabajadores de salud,2016-12-01,4,21,0,0,4,21,25
SAN JOSE DE CHIQUITOS,otras vacunaciones,hepatitis b 3ra. dosis trabajadores de salud,2016-12-01,3,16,0,0,3,16,19
SAN JULIAN,otras vacunaciones,hepatitis b 3ra. dosis trabajadores de salud,2016-12-01,0,2,0,0,0,2,2
SAN PABLO DE LIPEZ,otras vacunaciones,hepatitis b 3ra. dosis trabajadores de salud,2016-12-01,0,1,0,0,0,1,1
SANTA CRUZ DE LA SIERRA,otras vacunaciones,hepatitis b 3ra. dosis trabajadores de salud,2016-12-01,6,29,0,4,6,33,39
SANTIAGO DE HUATA,otras vacunaciones,hepatitis b 3ra. dosis trabajadores de salud,2016-12-01,3,1,0,0,3,1,4
SAPAHAQUI,otras vacunaciones,hepatitis b 3ra. dosis trabajadores de salud,2016-12-01,0,1,0,0,0,1,1
SENA,otras vacunaciones,hepatitis b 3ra. dosis trabajadores de salud,2016-12-01,0,2,0,0,0,2,2
SICAYA,otras vacunaciones,hepatitis b 3ra. dosis trabajadores de salud,2016-12-01,3,1,0,0,3,1,4
SUCRE,otras vacunaciones,hepatitis b 3ra. dosis trabajadores de salud,2016-12-01,2,5,0,0,2,5,7
TACOBAMBA,otras vacunaciones,hepatitis b 3ra. dosis trabajadores de salud,2016-12-01,1,2,0,0,1,2,3
TARIJA,otras vacunaciones,hepatitis b 3ra. dosis trabajadores de salud,2016-12-01,4,14,0,0,4,14,18
TIRAQUE (CBBA),otras vacunaciones,hepatitis b 3ra. dosis trabajadores de salud,2016-12-01,1,4,0,0,1,4,5
TUPIZA,otras vacunaciones,hepatitis b 3ra. dosis trabajadores de salud,2016-12-01,5,5,0,0,5,5,10
UYUNI,otras vacunaciones,hepatitis b 3ra. dosis trabajadores de salud,2016-12-01,3,2,0,0,3,2,5
VACAS,otras vacunaciones,hepatitis b 3ra. dosis trabajadores de salud,2016-12-01,0,3,0,0,0,3,3
VIACHA,otras vacunaciones,hepatitis b 3ra. dosis trabajadores de salud,2016-12-01,0,2,0,0,0,2,2
VILLAZON,otras vacunaciones,hepatitis b 3ra. dosis trabajadores de salud,2016-12-01,1,7,0,0,1,7,8
YACUIBA,otras vacunaciones,hepatitis b 3ra. dosis trabajadores de salud,2016-12-01,0,1,0,0,0,1,1
