,group,variable,month,TOTAL 21.8 TRABAJADOR DE SALUD HEPATITIS B 3RA DOSIS CANTIDAD,TOTAL 21.8 TRABAJADOR DE SALUD HEPATITIS B 3RA DOSIS CANTIDAD,TOTALES,TOTALES,TOTALES
,,,,DENTRO,FUERA,TOTAL DENTRO,TOTAL FUERA,TOTAL
municipality,,,,,,,,
ALCALA,otras vacunaciones,      trabajador de salud hepatitis b 3ra dosis,2014-01-01,1,0,1,0,1
ANCORAIMES,otras vacunaciones,      trabajador de salud hepatitis b 3ra dosis,2014-01-01,2,0,2,0,2
BATALLAS,otras vacunaciones,      trabajador de salud hepatitis b 3ra dosis,2014-01-01,1,0,1,0,1
BERMEJO,otras vacunaciones,      trabajador de salud hepatitis b 3ra dosis,2014-01-01,3,0,3,0,3
CABEZAS,otras vacunaciones,      trabajador de salud hepatitis b 3ra dosis,2014-01-01,1,0,1,0,1
CARANAVI,otras vacunaciones,      trabajador de salud hepatitis b 3ra dosis,2014-01-01,0,1,0,1,1
COBIJA,otras vacunaciones,      trabajador de salud hepatitis b 3ra dosis,2014-01-01,2,0,2,0,2
COCHABAMBA,otras vacunaciones,      trabajador de salud hepatitis b 3ra dosis,2014-01-01,0,3,0,3,3
COMARAPA,otras vacunaciones,      trabajador de salud hepatitis b 3ra dosis,2014-01-01,2,0,2,0,2
COTAGAITA,otras vacunaciones,      trabajador de salud hepatitis b 3ra dosis,2014-01-01,1,0,1,0,1
COTOCA,otras vacunaciones,      trabajador de salud hepatitis b 3ra dosis,2014-01-01,1,0,1,0,1
EL ALTO,otras vacunaciones,      trabajador de salud hepatitis b 3ra dosis,2014-01-01,16,42,16,42,58
EL TORNO,otras vacunaciones,      trabajador de salud hepatitis b 3ra dosis,2014-01-01,2,0,2,0,2
ENTRE RIOS TRJ,otras vacunaciones,      trabajador de salud hepatitis b 3ra dosis,2014-01-01,1,0,1,0,1
GUANAY,otras vacunaciones,      trabajador de salud hepatitis b 3ra dosis,2014-01-01,1,0,1,0,1
HUACHACALLA,otras vacunaciones,      trabajador de salud hepatitis b 3ra dosis,2014-01-01,5,0,5,0,5
HUANUNI,otras vacunaciones,      trabajador de salud hepatitis b 3ra dosis,2014-01-01,1,0,1,0,1
HUAYLLAMARCA,otras vacunaciones,      trabajador de salud hepatitis b 3ra dosis,2014-01-01,1,0,1,0,1
IRUPANA (VILLA DE LANZA),otras vacunaciones,      trabajador de salud hepatitis b 3ra dosis,2014-01-01,3,0,3,0,3
LA GUARDIA,otras vacunaciones,      trabajador de salud hepatitis b 3ra dosis,2014-01-01,1,1,1,1,2
LA PAZ,otras vacunaciones,      trabajador de salud hepatitis b 3ra dosis,2014-01-01,28,0,28,0,28
MAGDALENA,otras vacunaciones,      trabajador de salud hepatitis b 3ra dosis,2014-01-01,1,0,1,0,1
MONTEAGUDO,otras vacunaciones,      trabajador de salud hepatitis b 3ra dosis,2014-01-01,1,0,1,0,1
MONTERO,otras vacunaciones,      trabajador de salud hepatitis b 3ra dosis,2014-01-01,22,0,22,0,22
OMEREQUE,otras vacunaciones,      trabajador de salud hepatitis b 3ra dosis,2014-01-01,1,0,1,0,1
ORURO,otras vacunaciones,      trabajador de salud hepatitis b 3ra dosis,2014-01-01,21,0,21,0,21
PALOS BLANCOS,otras vacunaciones,      trabajador de salud hepatitis b 3ra dosis,2014-01-01,1,0,1,0,1
PAMPA GRANDE,otras vacunaciones,      trabajador de salud hepatitis b 3ra dosis,2014-01-01,8,0,8,0,8
PATACAMAYA,otras vacunaciones,      trabajador de salud hepatitis b 3ra dosis,2014-01-01,0,15,0,15,15
PORONGO,otras vacunaciones,      trabajador de salud hepatitis b 3ra dosis,2014-01-01,1,0,1,0,1
POTOSI,otras vacunaciones,      trabajador de salud hepatitis b 3ra dosis,2014-01-01,5,0,5,0,5
QUILLACOLLO,otras vacunaciones,      trabajador de salud hepatitis b 3ra dosis,2014-01-01,3,0,3,0,3
SACABA,otras vacunaciones,      trabajador de salud hepatitis b 3ra dosis,2014-01-01,1,0,1,0,1
SAMAIPATA,otras vacunaciones,      trabajador de salud hepatitis b 3ra dosis,2014-01-01,1,0,1,0,1
SAN BORJA,otras vacunaciones,      trabajador de salud hepatitis b 3ra dosis,2014-01-01,3,0,3,0,3
SAN JOAQUIN,otras vacunaciones,      trabajador de salud hepatitis b 3ra dosis,2014-01-01,2,0,2,0,2
SAN JOSE DE CHIQUITOS,otras vacunaciones,      trabajador de salud hepatitis b 3ra dosis,2014-01-01,1,0,1,0,1
SAN MATIAS,otras vacunaciones,      trabajador de salud hepatitis b 3ra dosis,2014-01-01,1,0,1,0,1
SAN RAMON BENI,otras vacunaciones,      trabajador de salud hepatitis b 3ra dosis,2014-01-01,1,0,1,0,1
SANTA CRUZ DE LA SIERRA,otras vacunaciones,      trabajador de salud hepatitis b 3ra dosis,2014-01-01,1,0,1,0,1
SUCRE,otras vacunaciones,      trabajador de salud hepatitis b 3ra dosis,2014-01-01,6,15,6,15,21
TARIJA,otras vacunaciones,      trabajador de salud hepatitis b 3ra dosis,2014-01-01,20,0,20,0,20
TOTORA(ORR),otras vacunaciones,      trabajador de salud hepatitis b 3ra dosis,2014-01-01,5,0,5,0,5
TRINIDAD,otras vacunaciones,      trabajador de salud hepatitis b 3ra dosis,2014-01-01,81,40,81,40,121
URIONDO (A. CONCEPCION),otras vacunaciones,      trabajador de salud hepatitis b 3ra dosis,2014-01-01,8,1,8,1,9
VALLEGRANDE,otras vacunaciones,      trabajador de salud hepatitis b 3ra dosis,2014-01-01,1,0,1,0,1
VILLA MONTES,otras vacunaciones,      trabajador de salud hepatitis b 3ra dosis,2014-01-01,2,0,2,0,2
VILLA SERRANO,otras vacunaciones,      trabajador de salud hepatitis b 3ra dosis,2014-01-01,1,0,1,0,1
YACUIBA,otras vacunaciones,      trabajador de salud hepatitis b 3ra dosis,2014-01-01,7,0,7,0,7
YANACACHI,otras vacunaciones,      trabajador de salud hepatitis b 3ra dosis,2014-01-01,1,0,1,0,1
ACHOCALLA,otras vacunaciones,      trabajador de salud hepatitis b 3ra dosis,2014-02-01,1,0,1,0,1
ANCORAIMES,otras vacunaciones,      trabajador de salud hepatitis b 3ra dosis,2014-02-01,2,1,2,1,3
BERMEJO,otras vacunaciones,      trabajador de salud hepatitis b 3ra dosis,2014-02-01,3,0,3,0,3
CABEZAS,otras vacunaciones,      trabajador de salud hepatitis b 3ra dosis,2014-02-01,1,0,1,0,1
"CAIZA ""D""",otras vacunaciones,      trabajador de salud hepatitis b 3ra dosis,2014-02-01,1,0,1,0,1
CHALLAPATA,otras vacunaciones,      trabajador de salud hepatitis b 3ra dosis,2014-02-01,1,0,1,0,1
COBIJA,otras vacunaciones,      trabajador de salud hepatitis b 3ra dosis,2014-02-01,8,11,8,11,19
COCHABAMBA,otras vacunaciones,      trabajador de salud hepatitis b 3ra dosis,2014-02-01,3,0,3,0,3
COLOMI,otras vacunaciones,      trabajador de salud hepatitis b 3ra dosis,2014-02-01,0,7,0,7,7
COLQUECHACA,otras vacunaciones,      trabajador de salud hepatitis b 3ra dosis,2014-02-01,3,0,3,0,3
COMARAPA,otras vacunaciones,      trabajador de salud hepatitis b 3ra dosis,2014-02-01,2,0,2,0,2
CORQUE,otras vacunaciones,      trabajador de salud hepatitis b 3ra dosis,2014-02-01,1,0,1,0,1
CUATRO CAÑADAS,otras vacunaciones,      trabajador de salud hepatitis b 3ra dosis,2014-02-01,2,0,2,0,2
EL ALTO,otras vacunaciones,      trabajador de salud hepatitis b 3ra dosis,2014-02-01,32,45,32,45,77
EL PUENTE(STC),otras vacunaciones,      trabajador de salud hepatitis b 3ra dosis,2014-02-01,1,0,1,0,1
EL VILLAR,otras vacunaciones,      trabajador de salud hepatitis b 3ra dosis,2014-02-01,3,0,3,0,3
ENTRE RIOS TRJ,otras vacunaciones,      trabajador de salud hepatitis b 3ra dosis,2014-02-01,2,0,2,0,2
HUACHACALLA,otras vacunaciones,      trabajador de salud hepatitis b 3ra dosis,2014-02-01,5,0,5,0,5
HUAYLLAMARCA,otras vacunaciones,      trabajador de salud hepatitis b 3ra dosis,2014-02-01,3,0,3,0,3
LA GUARDIA,otras vacunaciones,      trabajador de salud hepatitis b 3ra dosis,2014-02-01,1,3,1,3,4
LA PAZ,otras vacunaciones,      trabajador de salud hepatitis b 3ra dosis,2014-02-01,20,0,20,0,20
MACHARETI,otras vacunaciones,      trabajador de salud hepatitis b 3ra dosis,2014-02-01,1,0,1,0,1
MAIRANA,otras vacunaciones,      trabajador de salud hepatitis b 3ra dosis,2014-02-01,1,0,1,0,1
MOCOMOCO,otras vacunaciones,      trabajador de salud hepatitis b 3ra dosis,2014-02-01,5,0,5,0,5
MONTEAGUDO,otras vacunaciones,      trabajador de salud hepatitis b 3ra dosis,2014-02-01,3,0,3,0,3
ORURO,otras vacunaciones,      trabajador de salud hepatitis b 3ra dosis,2014-02-01,81,0,81,0,81
POTOSI,otras vacunaciones,      trabajador de salud hepatitis b 3ra dosis,2014-02-01,1,0,1,0,1
PUERTO PEREZ,otras vacunaciones,      trabajador de salud hepatitis b 3ra dosis,2014-02-01,1,0,1,0,1
ROBORE,otras vacunaciones,      trabajador de salud hepatitis b 3ra dosis,2014-02-01,3,0,3,0,3
SACABA,otras vacunaciones,      trabajador de salud hepatitis b 3ra dosis,2014-02-01,5,0,5,0,5
SAIPINA,otras vacunaciones,      trabajador de salud hepatitis b 3ra dosis,2014-02-01,1,0,1,0,1
SAMAIPATA,otras vacunaciones,      trabajador de salud hepatitis b 3ra dosis,2014-02-01,1,0,1,0,1
SAN BORJA,otras vacunaciones,      trabajador de salud hepatitis b 3ra dosis,2014-02-01,2,0,2,0,2
SAN CARLOS,otras vacunaciones,      trabajador de salud hepatitis b 3ra dosis,2014-02-01,6,0,6,0,6
SAN IGNACIO,otras vacunaciones,      trabajador de salud hepatitis b 3ra dosis,2014-02-01,5,0,5,0,5
SANTA CRUZ DE LA SIERRA,otras vacunaciones,      trabajador de salud hepatitis b 3ra dosis,2014-02-01,63,15,63,15,78
SANTA ROSA DEL SARA,otras vacunaciones,      trabajador de salud hepatitis b 3ra dosis,2014-02-01,1,0,1,0,1
SAPAHAQUI,otras vacunaciones,      trabajador de salud hepatitis b 3ra dosis,2014-02-01,1,0,1,0,1
SORATA,otras vacunaciones,      trabajador de salud hepatitis b 3ra dosis,2014-02-01,1,0,1,0,1
SUCRE,otras vacunaciones,      trabajador de salud hepatitis b 3ra dosis,2014-02-01,4,0,4,0,4
TARIJA,otras vacunaciones,      trabajador de salud hepatitis b 3ra dosis,2014-02-01,30,0,30,0,30
TOTORA(ORR),otras vacunaciones,      trabajador de salud hepatitis b 3ra dosis,2014-02-01,1,0,1,0,1
URIONDO (A. CONCEPCION),otras vacunaciones,      trabajador de salud hepatitis b 3ra dosis,2014-02-01,1,0,1,0,1
VALLEGRANDE,otras vacunaciones,      trabajador de salud hepatitis b 3ra dosis,2014-02-01,1,0,1,0,1
VIACHA,otras vacunaciones,      trabajador de salud hepatitis b 3ra dosis,2014-02-01,2,0,2,0,2
VILLA MONTES,otras vacunaciones,      trabajador de salud hepatitis b 3ra dosis,2014-02-01,7,0,7,0,7
YACUIBA,otras vacunaciones,      trabajador de salud hepatitis b 3ra dosis,2014-02-01,6,0,6,0,6
YANACACHI,otras vacunaciones,      trabajador de salud hepatitis b 3ra dosis,2014-02-01,1,0,1,0,1
ZUDAÑEZ,otras vacunaciones,      trabajador de salud hepatitis b 3ra dosis,2014-02-01,1,0,1,0,1
ACHACACHI,otras vacunaciones,      trabajador de salud hepatitis b 3ra dosis,2014-03-01,1,0,1,0,1
ASCENCION DE GUARAYOS,otras vacunaciones,      trabajador de salud hepatitis b 3ra dosis,2014-03-01,2,0,2,0,2
BERMEJO,otras vacunaciones,      trabajador de salud hepatitis b 3ra dosis,2014-03-01,13,0,13,0,13
BUENA VISTA,otras vacunaciones,      trabajador de salud hepatitis b 3ra dosis,2014-03-01,12,0,12,0,12
CARACOLLO,otras vacunaciones,      trabajador de salud hepatitis b 3ra dosis,2014-03-01,1,0,1,0,1
CHALLAPATA,otras vacunaciones,      trabajador de salud hepatitis b 3ra dosis,2014-03-01,2,6,2,6,8
COBIJA,otras vacunaciones,      trabajador de salud hepatitis b 3ra dosis,2014-03-01,3,0,3,0,3
COCHABAMBA,otras vacunaciones,      trabajador de salud hepatitis b 3ra dosis,2014-03-01,2,0,2,0,2
COLOMI,otras vacunaciones,      trabajador de salud hepatitis b 3ra dosis,2014-03-01,0,1,0,1,1
COPACABANA,otras vacunaciones,      trabajador de salud hepatitis b 3ra dosis,2014-03-01,3,0,3,0,3
COTAGAITA,otras vacunaciones,      trabajador de salud hepatitis b 3ra dosis,2014-03-01,1,0,1,0,1
COTOCA,otras vacunaciones,      trabajador de salud hepatitis b 3ra dosis,2014-03-01,11,0,11,0,11
EL ALTO,otras vacunaciones,      trabajador de salud hepatitis b 3ra dosis,2014-03-01,19,5,19,5,24
EL TORNO,otras vacunaciones,      trabajador de salud hepatitis b 3ra dosis,2014-03-01,1,0,1,0,1
EL VILLAR,otras vacunaciones,      trabajador de salud hepatitis b 3ra dosis,2014-03-01,1,0,1,0,1
ENTRE RIOS TRJ,otras vacunaciones,      trabajador de salud hepatitis b 3ra dosis,2014-03-01,3,0,3,0,3
GUANAY,otras vacunaciones,      trabajador de salud hepatitis b 3ra dosis,2014-03-01,1,0,1,0,1
HUACARETA,otras vacunaciones,      trabajador de salud hepatitis b 3ra dosis,2014-03-01,0,3,0,3,3
HUAYLLAMARCA,otras vacunaciones,      trabajador de salud hepatitis b 3ra dosis,2014-03-01,5,0,5,0,5
INGAVI (HUMAITA),otras vacunaciones,      trabajador de salud hepatitis b 3ra dosis,2014-03-01,0,1,0,1,1
LA GUARDIA,otras vacunaciones,      trabajador de salud hepatitis b 3ra dosis,2014-03-01,6,7,6,7,13
LA PAZ,otras vacunaciones,      trabajador de salud hepatitis b 3ra dosis,2014-03-01,16,1,16,1,17
MAGDALENA,otras vacunaciones,      trabajador de salud hepatitis b 3ra dosis,2014-03-01,3,0,3,0,3
MOCOMOCO,otras vacunaciones,      trabajador de salud hepatitis b 3ra dosis,2014-03-01,5,0,5,0,5
ORURO,otras vacunaciones,      trabajador de salud hepatitis b 3ra dosis,2014-03-01,49,2,49,2,51
PORTACHUELO,otras vacunaciones,      trabajador de salud hepatitis b 3ra dosis,2014-03-01,13,0,13,0,13
POTOSI,otras vacunaciones,      trabajador de salud hepatitis b 3ra dosis,2014-03-01,10,1,10,1,11
PRESTO,otras vacunaciones,      trabajador de salud hepatitis b 3ra dosis,2014-03-01,1,0,1,0,1
PUCARANI,otras vacunaciones,      trabajador de salud hepatitis b 3ra dosis,2014-03-01,16,3,16,3,19
ROBORE,otras vacunaciones,      trabajador de salud hepatitis b 3ra dosis,2014-03-01,2,0,2,0,2
SAN BORJA,otras vacunaciones,      trabajador de salud hepatitis b 3ra dosis,2014-03-01,2,0,2,0,2
SAN CARLOS,otras vacunaciones,      trabajador de salud hepatitis b 3ra dosis,2014-03-01,77,0,77,0,77
SAN IGNACIO,otras vacunaciones,      trabajador de salud hepatitis b 3ra dosis,2014-03-01,2,0,2,0,2
SAN JOAQUIN,otras vacunaciones,      trabajador de salud hepatitis b 3ra dosis,2014-03-01,1,0,1,0,1
SAN JOSE DE CHIQUITOS,otras vacunaciones,      trabajador de salud hepatitis b 3ra dosis,2014-03-01,1,0,1,0,1
SAN MATIAS,otras vacunaciones,      trabajador de salud hepatitis b 3ra dosis,2014-03-01,2,0,2,0,2
SAN PEDRO,otras vacunaciones,      trabajador de salud hepatitis b 3ra dosis,2014-03-01,0,1,0,1,1
SAN RAMON SCZ,otras vacunaciones,      trabajador de salud hepatitis b 3ra dosis,2014-03-01,8,0,8,0,8
SANTA CRUZ DE LA SIERRA,otras vacunaciones,      trabajador de salud hepatitis b 3ra dosis,2014-03-01,133,0,133,0,133
SANTA ROSA DEL SARA,otras vacunaciones,      trabajador de salud hepatitis b 3ra dosis,2014-03-01,1,0,1,0,1
SORATA,otras vacunaciones,      trabajador de salud hepatitis b 3ra dosis,2014-03-01,2,0,2,0,2
SUCRE,otras vacunaciones,      trabajador de salud hepatitis b 3ra dosis,2014-03-01,4,0,4,0,4
TARIJA,otras vacunaciones,      trabajador de salud hepatitis b 3ra dosis,2014-03-01,53,42,53,42,95
TOTORA(ORR),otras vacunaciones,      trabajador de salud hepatitis b 3ra dosis,2014-03-01,1,0,1,0,1
TRINIDAD,otras vacunaciones,      trabajador de salud hepatitis b 3ra dosis,2014-03-01,0,1,0,1,1
VALLEGRANDE,otras vacunaciones,      trabajador de salud hepatitis b 3ra dosis,2014-03-01,0,8,0,8,8
VIACHA,otras vacunaciones,      trabajador de salud hepatitis b 3ra dosis,2014-03-01,0,33,0,33,33
VILLA CHARCAS,otras vacunaciones,      trabajador de salud hepatitis b 3ra dosis,2014-03-01,4,0,4,0,4
VILLA MONTES,otras vacunaciones,      trabajador de salud hepatitis b 3ra dosis,2014-03-01,5,0,5,0,5
YACUIBA,otras vacunaciones,      trabajador de salud hepatitis b 3ra dosis,2014-03-01,5,0,5,0,5
ZUDAÑEZ,otras vacunaciones,      trabajador de salud hepatitis b 3ra dosis,2014-03-01,2,0,2,0,2
ACHACACHI,otras vacunaciones,      trabajador de salud hepatitis b 3ra dosis,2014-04-01,1,0,1,0,1
ANCORAIMES,otras vacunaciones,      trabajador de salud hepatitis b 3ra dosis,2014-04-01,0,1,0,1,1
ASCENCION DE GUARAYOS,otras vacunaciones,      trabajador de salud hepatitis b 3ra dosis,2014-04-01,2,0,2,0,2
BERMEJO,otras vacunaciones,      trabajador de salud hepatitis b 3ra dosis,2014-04-01,17,1,17,1,18
BOYUIBE,otras vacunaciones,      trabajador de salud hepatitis b 3ra dosis,2014-04-01,1,0,1,0,1
CALAMARCA,otras vacunaciones,      trabajador de salud hepatitis b 3ra dosis,2014-04-01,1,0,1,0,1
CAMIRI,otras vacunaciones,      trabajador de salud hepatitis b 3ra dosis,2014-04-01,2,0,2,0,2
CHALLAPATA,otras vacunaciones,      trabajador de salud hepatitis b 3ra dosis,2014-04-01,2,1,2,1,3
CHARAGUA,otras vacunaciones,      trabajador de salud hepatitis b 3ra dosis,2014-04-01,2,0,2,0,2
CHARAÑA,otras vacunaciones,      trabajador de salud hepatitis b 3ra dosis,2014-04-01,9,0,9,0,9
CKOCHAS,otras vacunaciones,      trabajador de salud hepatitis b 3ra dosis,2014-04-01,8,0,8,0,8
CLIZA,otras vacunaciones,      trabajador de salud hepatitis b 3ra dosis,2014-04-01,1,0,1,0,1
COBIJA,otras vacunaciones,      trabajador de salud hepatitis b 3ra dosis,2014-04-01,3,0,3,0,3
COCHABAMBA,otras vacunaciones,      trabajador de salud hepatitis b 3ra dosis,2014-04-01,4,0,4,0,4
COLOMI,otras vacunaciones,      trabajador de salud hepatitis b 3ra dosis,2014-04-01,0,4,0,4,4
COMANCHE,otras vacunaciones,      trabajador de salud hepatitis b 3ra dosis,2014-04-01,1,0,1,0,1
COMARAPA,otras vacunaciones,      trabajador de salud hepatitis b 3ra dosis,2014-04-01,5,0,5,0,5
COPACABANA,otras vacunaciones,      trabajador de salud hepatitis b 3ra dosis,2014-04-01,0,1,0,1,1
EL ALTO,otras vacunaciones,      trabajador de salud hepatitis b 3ra dosis,2014-04-01,35,1,35,1,36
EL PUENTE(STC),otras vacunaciones,      trabajador de salud hepatitis b 3ra dosis,2014-04-01,3,0,3,0,3
EL PUENTE(TJA),otras vacunaciones,      trabajador de salud hepatitis b 3ra dosis,2014-04-01,2,0,2,0,2
EL TORNO,otras vacunaciones,      trabajador de salud hepatitis b 3ra dosis,2014-04-01,1,0,1,0,1
EL VILLAR,otras vacunaciones,      trabajador de salud hepatitis b 3ra dosis,2014-04-01,3,0,3,0,3
ENTRE RIOS TRJ,otras vacunaciones,      trabajador de salud hepatitis b 3ra dosis,2014-04-01,1,1,1,1,2
HUANUNI,otras vacunaciones,      trabajador de salud hepatitis b 3ra dosis,2014-04-01,1,0,1,0,1
ICLA,otras vacunaciones,      trabajador de salud hepatitis b 3ra dosis,2014-04-01,1,0,1,0,1
LA GUARDIA,otras vacunaciones,      trabajador de salud hepatitis b 3ra dosis,2014-04-01,2,5,2,5,7
LA PAZ,otras vacunaciones,      trabajador de salud hepatitis b 3ra dosis,2014-04-01,19,0,19,0,19
LLALLAGUA,otras vacunaciones,      trabajador de salud hepatitis b 3ra dosis,2014-04-01,1,0,1,0,1
MIZQUE,otras vacunaciones,      trabajador de salud hepatitis b 3ra dosis,2014-04-01,1,0,1,0,1
MOCOMOCO,otras vacunaciones,      trabajador de salud hepatitis b 3ra dosis,2014-04-01,4,0,4,0,4
MONTEAGUDO,otras vacunaciones,      trabajador de salud hepatitis b 3ra dosis,2014-04-01,2,0,2,0,2
MONTERO,otras vacunaciones,      trabajador de salud hepatitis b 3ra dosis,2014-04-01,2,0,2,0,2
ORURO,otras vacunaciones,      trabajador de salud hepatitis b 3ra dosis,2014-04-01,12,0,12,0,12
PADILLA,otras vacunaciones,      trabajador de salud hepatitis b 3ra dosis,2014-04-01,1,0,1,0,1
PAMPA GRANDE,otras vacunaciones,      trabajador de salud hepatitis b 3ra dosis,2014-04-01,6,0,6,0,6
PORTACHUELO,otras vacunaciones,      trabajador de salud hepatitis b 3ra dosis,2014-04-01,10,2,10,2,12
POTOSI,otras vacunaciones,      trabajador de salud hepatitis b 3ra dosis,2014-04-01,6,0,6,0,6
PRESTO,otras vacunaciones,      trabajador de salud hepatitis b 3ra dosis,2014-04-01,2,0,2,0,2
PUCARANI,otras vacunaciones,      trabajador de salud hepatitis b 3ra dosis,2014-04-01,2,0,2,0,2
QUIME,otras vacunaciones,      trabajador de salud hepatitis b 3ra dosis,2014-04-01,4,0,4,0,4
ROBORE,otras vacunaciones,      trabajador de salud hepatitis b 3ra dosis,2014-04-01,3,0,3,0,3
SACABA,otras vacunaciones,      trabajador de salud hepatitis b 3ra dosis,2014-04-01,0,2,0,2,2
SAN BENITO,otras vacunaciones,      trabajador de salud hepatitis b 3ra dosis,2014-04-01,3,0,3,0,3
SAN BUENA VENTURA,otras vacunaciones,      trabajador de salud hepatitis b 3ra dosis,2014-04-01,1,0,1,0,1
SAN CARLOS,otras vacunaciones,      trabajador de salud hepatitis b 3ra dosis,2014-04-01,1,0,1,0,1
SAN IGNACIO,otras vacunaciones,      trabajador de salud hepatitis b 3ra dosis,2014-04-01,1,0,1,0,1
SAN JOAQUIN,otras vacunaciones,      trabajador de salud hepatitis b 3ra dosis,2014-04-01,6,2,6,2,8
SAN JOSE DE CHIQUITOS,otras vacunaciones,      trabajador de salud hepatitis b 3ra dosis,2014-04-01,13,0,13,0,13
SAN LORENZO(TJA),otras vacunaciones,      trabajador de salud hepatitis b 3ra dosis,2014-04-01,1,0,1,0,1
SAN PEDRO,otras vacunaciones,      trabajador de salud hepatitis b 3ra dosis,2014-04-01,3,0,3,0,3
SANTA CRUZ DE LA SIERRA,otras vacunaciones,      trabajador de salud hepatitis b 3ra dosis,2014-04-01,69,0,69,0,69
SANTA ROSA DEL SARA,otras vacunaciones,      trabajador de salud hepatitis b 3ra dosis,2014-04-01,1,0,1,0,1
SENA,otras vacunaciones,      trabajador de salud hepatitis b 3ra dosis,2014-04-01,1,0,1,0,1
SUCRE,otras vacunaciones,      trabajador de salud hepatitis b 3ra dosis,2014-04-01,22,0,22,0,22
TARACO,otras vacunaciones,      trabajador de salud hepatitis b 3ra dosis,2014-04-01,2,0,2,0,2
TARIJA,otras vacunaciones,      trabajador de salud hepatitis b 3ra dosis,2014-04-01,50,20,50,20,70
TARVITA,otras vacunaciones,      trabajador de salud hepatitis b 3ra dosis,2014-04-01,4,0,4,0,4
TRINIDAD,otras vacunaciones,      trabajador de salud hepatitis b 3ra dosis,2014-04-01,8,0,8,0,8
URIONDO (A. CONCEPCION),otras vacunaciones,      trabajador de salud hepatitis b 3ra dosis,2014-04-01,4,0,4,0,4
VALLEGRANDE,otras vacunaciones,      trabajador de salud hepatitis b 3ra dosis,2014-04-01,20,0,20,0,20
VILLA MONTES,otras vacunaciones,      trabajador de salud hepatitis b 3ra dosis,2014-04-01,1,0,1,0,1
VILLA TUNARI,otras vacunaciones,      trabajador de salud hepatitis b 3ra dosis,2014-04-01,12,0,12,0,12
VILLA VACA GUZMAN (MUYUPAMPA),otras vacunaciones,      trabajador de salud hepatitis b 3ra dosis,2014-04-01,1,0,1,0,1
YACUIBA,otras vacunaciones,      trabajador de salud hepatitis b 3ra dosis,2014-04-01,4,0,4,0,4
ZUDAÑEZ,otras vacunaciones,      trabajador de salud hepatitis b 3ra dosis,2014-04-01,2,0,2,0,2
ARBIETO,otras vacunaciones,      trabajador de salud hepatitis b 3ra dosis,2014-05-01,3,0,3,0,3
ARQUE,otras vacunaciones,      trabajador de salud hepatitis b 3ra dosis,2014-05-01,2,0,2,0,2
BERMEJO,otras vacunaciones,      trabajador de salud hepatitis b 3ra dosis,2014-05-01,3,1,3,1,4
BUENA VISTA,otras vacunaciones,      trabajador de salud hepatitis b 3ra dosis,2014-05-01,1,0,1,0,1
CABEZAS,otras vacunaciones,      trabajador de salud hepatitis b 3ra dosis,2014-05-01,2,0,2,0,2
CAJUATA,otras vacunaciones,      trabajador de salud hepatitis b 3ra dosis,2014-05-01,1,0,1,0,1
CARANAVI,otras vacunaciones,      trabajador de salud hepatitis b 3ra dosis,2014-05-01,1,0,1,0,1
CARAPARI,otras vacunaciones,      trabajador de salud hepatitis b 3ra dosis,2014-05-01,0,3,0,3,3
CHALLAPATA,otras vacunaciones,      trabajador de salud hepatitis b 3ra dosis,2014-05-01,1,0,1,0,1
CLIZA,otras vacunaciones,      trabajador de salud hepatitis b 3ra dosis,2014-05-01,6,0,6,0,6
COBIJA,otras vacunaciones,      trabajador de salud hepatitis b 3ra dosis,2014-05-01,5,0,5,0,5
COCAPATA,otras vacunaciones,      trabajador de salud hepatitis b 3ra dosis,2014-05-01,2,0,2,0,2
COCHABAMBA,otras vacunaciones,      trabajador de salud hepatitis b 3ra dosis,2014-05-01,7,0,7,0,7
COLOMI,otras vacunaciones,      trabajador de salud hepatitis b 3ra dosis,2014-05-01,0,6,0,6,6
COMARAPA,otras vacunaciones,      trabajador de salud hepatitis b 3ra dosis,2014-05-01,1,0,1,0,1
COPACABANA,otras vacunaciones,      trabajador de salud hepatitis b 3ra dosis,2014-05-01,0,1,0,1,1
COTOCA,otras vacunaciones,      trabajador de salud hepatitis b 3ra dosis,2014-05-01,2,0,2,0,2
EL ALTO,otras vacunaciones,      trabajador de salud hepatitis b 3ra dosis,2014-05-01,67,17,67,17,84
EL PUENTE(STC),otras vacunaciones,      trabajador de salud hepatitis b 3ra dosis,2014-05-01,1,0,1,0,1
EL PUENTE(TJA),otras vacunaciones,      trabajador de salud hepatitis b 3ra dosis,2014-05-01,1,0,1,0,1
EL TORNO,otras vacunaciones,      trabajador de salud hepatitis b 3ra dosis,2014-05-01,3,0,3,0,3
EL VILLAR,otras vacunaciones,      trabajador de salud hepatitis b 3ra dosis,2014-05-01,1,0,1,0,1
ENTRE RIOS TRJ,otras vacunaciones,      trabajador de salud hepatitis b 3ra dosis,2014-05-01,1,8,1,8,9
GENERAL SAAVEDRA,otras vacunaciones,      trabajador de salud hepatitis b 3ra dosis,2014-05-01,3,1,3,1,4
HUACARETA,otras vacunaciones,      trabajador de salud hepatitis b 3ra dosis,2014-05-01,2,14,2,14,16
ICLA,otras vacunaciones,      trabajador de salud hepatitis b 3ra dosis,2014-05-01,1,0,1,0,1
INCAHUASI,otras vacunaciones,      trabajador de salud hepatitis b 3ra dosis,2014-05-01,1,0,1,0,1
INGAVI (HUMAITA),otras vacunaciones,      trabajador de salud hepatitis b 3ra dosis,2014-05-01,0,1,0,1,1
INQUISIVI,otras vacunaciones,      trabajador de salud hepatitis b 3ra dosis,2014-05-01,2,0,2,0,2
IRUPANA (VILLA DE LANZA),otras vacunaciones,      trabajador de salud hepatitis b 3ra dosis,2014-05-01,0,1,0,1,1
LA GUARDIA,otras vacunaciones,      trabajador de salud hepatitis b 3ra dosis,2014-05-01,15,0,15,0,15
LA PAZ,otras vacunaciones,      trabajador de salud hepatitis b 3ra dosis,2014-05-01,48,0,48,0,48
LAS CARRERAS,otras vacunaciones,      trabajador de salud hepatitis b 3ra dosis,2014-05-01,1,0,1,0,1
MAPIRI,otras vacunaciones,      trabajador de salud hepatitis b 3ra dosis,2014-05-01,2,0,2,0,2
MIZQUE,otras vacunaciones,      trabajador de salud hepatitis b 3ra dosis,2014-05-01,4,0,4,0,4
MONTEAGUDO,otras vacunaciones,      trabajador de salud hepatitis b 3ra dosis,2014-05-01,1,0,1,0,1
MONTERO,otras vacunaciones,      trabajador de salud hepatitis b 3ra dosis,2014-05-01,4,0,4,0,4
ORURO,otras vacunaciones,      trabajador de salud hepatitis b 3ra dosis,2014-05-01,29,0,29,0,29
PADCAYA,otras vacunaciones,      trabajador de salud hepatitis b 3ra dosis,2014-05-01,2,0,2,0,2
PALOS BLANCOS,otras vacunaciones,      trabajador de salud hepatitis b 3ra dosis,2014-05-01,2,0,2,0,2
PAMPA GRANDE,otras vacunaciones,      trabajador de salud hepatitis b 3ra dosis,2014-05-01,2,0,2,0,2
PATACAMAYA,otras vacunaciones,      trabajador de salud hepatitis b 3ra dosis,2014-05-01,2,0,2,0,2
PORTACHUELO,otras vacunaciones,      trabajador de salud hepatitis b 3ra dosis,2014-05-01,5,0,5,0,5
POTOSI,otras vacunaciones,      trabajador de salud hepatitis b 3ra dosis,2014-05-01,39,0,39,0,39
PUCARANI,otras vacunaciones,      trabajador de salud hepatitis b 3ra dosis,2014-05-01,8,8,8,8,16
PUNATA,otras vacunaciones,      trabajador de salud hepatitis b 3ra dosis,2014-05-01,8,0,8,0,8
QUILLACOLLO,otras vacunaciones,      trabajador de salud hepatitis b 3ra dosis,2014-05-01,25,0,25,0,25
ROBORE,otras vacunaciones,      trabajador de salud hepatitis b 3ra dosis,2014-05-01,1,0,1,0,1
SACABA,otras vacunaciones,      trabajador de salud hepatitis b 3ra dosis,2014-05-01,2,4,2,4,6
SACABAMBA,otras vacunaciones,      trabajador de salud hepatitis b 3ra dosis,2014-05-01,2,0,2,0,2
SAIPINA,otras vacunaciones,      trabajador de salud hepatitis b 3ra dosis,2014-05-01,2,0,2,0,2
SAN CARLOS,otras vacunaciones,      trabajador de salud hepatitis b 3ra dosis,2014-05-01,8,0,8,0,8
SAN IGNACIO,otras vacunaciones,      trabajador de salud hepatitis b 3ra dosis,2014-05-01,1,0,1,0,1
SAN JUAN DE YAPACANI,otras vacunaciones,      trabajador de salud hepatitis b 3ra dosis,2014-05-01,1,0,1,0,1
SAN LORENZO(TJA),otras vacunaciones,      trabajador de salud hepatitis b 3ra dosis,2014-05-01,1,0,1,0,1
SAN MATIAS,otras vacunaciones,      trabajador de salud hepatitis b 3ra dosis,2014-05-01,6,0,6,0,6
SAN PEDRO,otras vacunaciones,      trabajador de salud hepatitis b 3ra dosis,2014-05-01,3,0,3,0,3
SANTA CRUZ DE LA SIERRA,otras vacunaciones,      trabajador de salud hepatitis b 3ra dosis,2014-05-01,128,0,128,0,128
SANTA ROSA DEL SARA,otras vacunaciones,      trabajador de salud hepatitis b 3ra dosis,2014-05-01,2,0,2,0,2
SANTIAGO DE HUATA,otras vacunaciones,      trabajador de salud hepatitis b 3ra dosis,2014-05-01,3,0,3,0,3
SANTIVAÑES,otras vacunaciones,      trabajador de salud hepatitis b 3ra dosis,2014-05-01,2,0,2,0,2
SORATA,otras vacunaciones,      trabajador de salud hepatitis b 3ra dosis,2014-05-01,1,0,1,0,1
SUCRE,otras vacunaciones,      trabajador de salud hepatitis b 3ra dosis,2014-05-01,42,0,42,0,42
TARATA,otras vacunaciones,      trabajador de salud hepatitis b 3ra dosis,2014-05-01,2,0,2,0,2
TARIJA,otras vacunaciones,      trabajador de salud hepatitis b 3ra dosis,2014-05-01,61,8,61,8,69
TARVITA,otras vacunaciones,      trabajador de salud hepatitis b 3ra dosis,2014-05-01,1,0,1,0,1
TEOPONTE,otras vacunaciones,      trabajador de salud hepatitis b 3ra dosis,2014-05-01,6,0,6,0,6
TOLATA,otras vacunaciones,      trabajador de salud hepatitis b 3ra dosis,2014-05-01,1,0,1,0,1
TRINIDAD,otras vacunaciones,      trabajador de salud hepatitis b 3ra dosis,2014-05-01,34,0,34,0,34
VACAS,otras vacunaciones,      trabajador de salud hepatitis b 3ra dosis,2014-05-01,7,0,7,0,7
VALLEGRANDE,otras vacunaciones,      trabajador de salud hepatitis b 3ra dosis,2014-05-01,6,0,6,0,6
VIACHA,otras vacunaciones,      trabajador de salud hepatitis b 3ra dosis,2014-05-01,5,8,5,8,13
VILLA MONTES,otras vacunaciones,      trabajador de salud hepatitis b 3ra dosis,2014-05-01,5,0,5,0,5
VILLA TUNARI,otras vacunaciones,      trabajador de salud hepatitis b 3ra dosis,2014-05-01,11,0,11,0,11
YACUIBA,otras vacunaciones,      trabajador de salud hepatitis b 3ra dosis,2014-05-01,14,2,14,2,16
YAPACANI,otras vacunaciones,      trabajador de salud hepatitis b 3ra dosis,2014-05-01,4,0,4,0,4
ALCALA,otras vacunaciones,      trabajador de salud hepatitis b 3ra dosis,2014-06-01,1,0,1,0,1
ALTO BENI,otras vacunaciones,      trabajador de salud hepatitis b 3ra dosis,2014-06-01,1,0,1,0,1
ANZALDO,otras vacunaciones,      trabajador de salud hepatitis b 3ra dosis,2014-06-01,8,0,8,0,8
CALAMARCA,otras vacunaciones,      trabajador de salud hepatitis b 3ra dosis,2014-06-01,3,0,3,0,3
CAMIRI,otras vacunaciones,      trabajador de salud hepatitis b 3ra dosis,2014-06-01,1,0,1,0,1
CARAPARI,otras vacunaciones,      trabajador de salud hepatitis b 3ra dosis,2014-06-01,0,3,0,3,3
CHALLAPATA,otras vacunaciones,      trabajador de salud hepatitis b 3ra dosis,2014-06-01,1,0,1,0,1
CHUQUIHUTA AYLLU JUCUMANI,otras vacunaciones,      trabajador de salud hepatitis b 3ra dosis,2014-06-01,2,0,2,0,2
CLIZA,otras vacunaciones,      trabajador de salud hepatitis b 3ra dosis,2014-06-01,1,0,1,0,1
COBIJA,otras vacunaciones,      trabajador de salud hepatitis b 3ra dosis,2014-06-01,10,0,10,0,10
COCHABAMBA,otras vacunaciones,      trabajador de salud hepatitis b 3ra dosis,2014-06-01,51,33,51,33,84
COLOMI,otras vacunaciones,      trabajador de salud hepatitis b 3ra dosis,2014-06-01,0,1,0,1,1
COTOCA,otras vacunaciones,      trabajador de salud hepatitis b 3ra dosis,2014-06-01,29,0,29,0,29
CUCHUMUELA (V. G. VILLARROEL),otras vacunaciones,      trabajador de salud hepatitis b 3ra dosis,2014-06-01,6,0,6,0,6
EL ALTO,otras vacunaciones,      trabajador de salud hepatitis b 3ra dosis,2014-06-01,36,45,36,45,81
EL TORNO,otras vacunaciones,      trabajador de salud hepatitis b 3ra dosis,2014-06-01,1,0,1,0,1
ENTRE RIOS TRJ,otras vacunaciones,      trabajador de salud hepatitis b 3ra dosis,2014-06-01,1,4,1,4,5
GENERAL SAAVEDRA,otras vacunaciones,      trabajador de salud hepatitis b 3ra dosis,2014-06-01,3,0,3,0,3
HUANUNI,otras vacunaciones,      trabajador de salud hepatitis b 3ra dosis,2014-06-01,1,0,1,0,1
ICLA,otras vacunaciones,      trabajador de salud hepatitis b 3ra dosis,2014-06-01,2,0,2,0,2
LA GUARDIA,otras vacunaciones,      trabajador de salud hepatitis b 3ra dosis,2014-06-01,5,0,5,0,5
LA PAZ,otras vacunaciones,      trabajador de salud hepatitis b 3ra dosis,2014-06-01,38,2,38,2,40
LLALLAGUA,otras vacunaciones,      trabajador de salud hepatitis b 3ra dosis,2014-06-01,20,60,20,60,80
MOJINETE,otras vacunaciones,      trabajador de salud hepatitis b 3ra dosis,2014-06-01,3,0,3,0,3
MONTERO,otras vacunaciones,      trabajador de salud hepatitis b 3ra dosis,2014-06-01,3,0,3,0,3
ORURO,otras vacunaciones,      trabajador de salud hepatitis b 3ra dosis,2014-06-01,29,0,29,0,29
PADILLA,otras vacunaciones,      trabajador de salud hepatitis b 3ra dosis,2014-06-01,29,0,29,0,29
POCONA,otras vacunaciones,      trabajador de salud hepatitis b 3ra dosis,2014-06-01,6,0,6,0,6
POTOSI,otras vacunaciones,      trabajador de salud hepatitis b 3ra dosis,2014-06-01,11,0,11,0,11
PRESTO,otras vacunaciones,      trabajador de salud hepatitis b 3ra dosis,2014-06-01,1,0,1,0,1
PUNATA,otras vacunaciones,      trabajador de salud hepatitis b 3ra dosis,2014-06-01,5,0,5,0,5
QUILLACOLLO,otras vacunaciones,      trabajador de salud hepatitis b 3ra dosis,2014-06-01,10,5,10,5,15
SACABA,otras vacunaciones,      trabajador de salud hepatitis b 3ra dosis,2014-06-01,2,0,2,0,2
SAN BORJA,otras vacunaciones,      trabajador de salud hepatitis b 3ra dosis,2014-06-01,1,0,1,0,1
SAN BUENA VENTURA,otras vacunaciones,      trabajador de salud hepatitis b 3ra dosis,2014-06-01,3,0,3,0,3
SAN CARLOS,otras vacunaciones,      trabajador de salud hepatitis b 3ra dosis,2014-06-01,1,7,1,7,8
SAN IGNACIO,otras vacunaciones,      trabajador de salud hepatitis b 3ra dosis,2014-06-01,1,0,1,0,1
SAN JAVIER(BNI),otras vacunaciones,      trabajador de salud hepatitis b 3ra dosis,2014-06-01,1,0,1,0,1
SAN JOSE DE CHIQUITOS,otras vacunaciones,      trabajador de salud hepatitis b 3ra dosis,2014-06-01,3,0,3,0,3
SAN LORENZO(TJA),otras vacunaciones,      trabajador de salud hepatitis b 3ra dosis,2014-06-01,1,0,1,0,1
SAN MATIAS,otras vacunaciones,      trabajador de salud hepatitis b 3ra dosis,2014-06-01,16,0,16,0,16
SAN PEDRO DE TIQUINA,otras vacunaciones,      trabajador de salud hepatitis b 3ra dosis,2014-06-01,1,0,1,0,1
SAN RAMON BENI,otras vacunaciones,      trabajador de salud hepatitis b 3ra dosis,2014-06-01,2,0,2,0,2
SANTA CRUZ DE LA SIERRA,otras vacunaciones,      trabajador de salud hepatitis b 3ra dosis,2014-06-01,56,0,56,0,56
SANTA ROSA DEL SARA,otras vacunaciones,      trabajador de salud hepatitis b 3ra dosis,2014-06-01,1,0,1,0,1
SUCRE,otras vacunaciones,      trabajador de salud hepatitis b 3ra dosis,2014-06-01,75,0,75,0,75
TARATA,otras vacunaciones,      trabajador de salud hepatitis b 3ra dosis,2014-06-01,1,9,1,9,10
TARIJA,otras vacunaciones,      trabajador de salud hepatitis b 3ra dosis,2014-06-01,45,2,45,2,47
TARVITA,otras vacunaciones,      trabajador de salud hepatitis b 3ra dosis,2014-06-01,2,0,2,0,2
TOLATA,otras vacunaciones,      trabajador de salud hepatitis b 3ra dosis,2014-06-01,1,0,1,0,1
TOTORA(CBBA),otras vacunaciones,      trabajador de salud hepatitis b 3ra dosis,2014-06-01,3,0,3,0,3
TRINIDAD,otras vacunaciones,      trabajador de salud hepatitis b 3ra dosis,2014-06-01,16,0,16,0,16
URIONDO (A. CONCEPCION),otras vacunaciones,      trabajador de salud hepatitis b 3ra dosis,2014-06-01,0,1,0,1,1
VIACHA,otras vacunaciones,      trabajador de salud hepatitis b 3ra dosis,2014-06-01,13,19,13,19,32
VILLA MONTES,otras vacunaciones,      trabajador de salud hepatitis b 3ra dosis,2014-06-01,2,0,2,0,2
VILLA SERRANO,otras vacunaciones,      trabajador de salud hepatitis b 3ra dosis,2014-06-01,3,0,3,0,3
VILLA TUNARI,otras vacunaciones,      trabajador de salud hepatitis b 3ra dosis,2014-06-01,1,0,1,0,1
VILLAZON,otras vacunaciones,      trabajador de salud hepatitis b 3ra dosis,2014-06-01,3,0,3,0,3
YACUIBA,otras vacunaciones,      trabajador de salud hepatitis b 3ra dosis,2014-06-01,11,5,11,5,16
YAMPARAEZ,otras vacunaciones,      trabajador de salud hepatitis b 3ra dosis,2014-06-01,1,0,1,0,1
YAPACANI,otras vacunaciones,      trabajador de salud hepatitis b 3ra dosis,2014-06-01,35,0,35,0,35
YUNCHARA,otras vacunaciones,      trabajador de salud hepatitis b 3ra dosis,2014-06-01,7,0,7,0,7
ZUDAÑEZ,otras vacunaciones,      trabajador de salud hepatitis b 3ra dosis,2014-06-01,1,0,1,0,1
ALCALA,otras vacunaciones,      trabajador de salud hepatitis b 3ra dosis,2014-07-01,2,0,2,0,2
ANCORAIMES,otras vacunaciones,      trabajador de salud hepatitis b 3ra dosis,2014-07-01,4,1,4,1,5
ARANI,otras vacunaciones,      trabajador de salud hepatitis b 3ra dosis,2014-07-01,29,0,29,0,29
ARBIETO,otras vacunaciones,      trabajador de salud hepatitis b 3ra dosis,2014-07-01,2,0,2,0,2
ARQUE,otras vacunaciones,      trabajador de salud hepatitis b 3ra dosis,2014-07-01,1,0,1,0,1
ASCENCION DE GUARAYOS,otras vacunaciones,      trabajador de salud hepatitis b 3ra dosis,2014-07-01,1,0,1,0,1
AZURDUY,otras vacunaciones,      trabajador de salud hepatitis b 3ra dosis,2014-07-01,32,0,32,0,32
BELEN DE URMIRI,otras vacunaciones,      trabajador de salud hepatitis b 3ra dosis,2014-07-01,3,0,3,0,3
BERMEJO,otras vacunaciones,      trabajador de salud hepatitis b 3ra dosis,2014-07-01,3,0,3,0,3
CABEZAS,otras vacunaciones,      trabajador de salud hepatitis b 3ra dosis,2014-07-01,9,0,9,0,9
CALAMARCA,otras vacunaciones,      trabajador de salud hepatitis b 3ra dosis,2014-07-01,6,0,6,0,6
CAMARGO,otras vacunaciones,      trabajador de salud hepatitis b 3ra dosis,2014-07-01,0,26,0,26,26
CARMEN RIVERO TORREZ,otras vacunaciones,      trabajador de salud hepatitis b 3ra dosis,2014-07-01,17,0,17,0,17
CHALLAPATA,otras vacunaciones,      trabajador de salud hepatitis b 3ra dosis,2014-07-01,1,0,1,0,1
CHAYANTA,otras vacunaciones,      trabajador de salud hepatitis b 3ra dosis,2014-07-01,6,0,6,0,6
CHULUMANI (V. DE LA LIBERTAD),otras vacunaciones,      trabajador de salud hepatitis b 3ra dosis,2014-07-01,1,0,1,0,1
CHUQUIHUTA AYLLU JUCUMANI,otras vacunaciones,      trabajador de salud hepatitis b 3ra dosis,2014-07-01,18,2,18,2,20
CLIZA,otras vacunaciones,      trabajador de salud hepatitis b 3ra dosis,2014-07-01,1,0,1,0,1
COBIJA,otras vacunaciones,      trabajador de salud hepatitis b 3ra dosis,2014-07-01,2,0,2,0,2
COCAPATA,otras vacunaciones,      trabajador de salud hepatitis b 3ra dosis,2014-07-01,1,0,1,0,1
COCHABAMBA,otras vacunaciones,      trabajador de salud hepatitis b 3ra dosis,2014-07-01,109,0,109,0,109
"COLCHA ""K""",otras vacunaciones,      trabajador de salud hepatitis b 3ra dosis,2014-07-01,1,0,1,0,1
COLQUECHACA,otras vacunaciones,      trabajador de salud hepatitis b 3ra dosis,2014-07-01,12,0,12,0,12
COLQUENCHA,otras vacunaciones,      trabajador de salud hepatitis b 3ra dosis,2014-07-01,2,0,2,0,2
COMARAPA,otras vacunaciones,      trabajador de salud hepatitis b 3ra dosis,2014-07-01,1,0,1,0,1
CORO CORO,otras vacunaciones,      trabajador de salud hepatitis b 3ra dosis,2014-07-01,1,0,1,0,1
COROICO,otras vacunaciones,      trabajador de salud hepatitis b 3ra dosis,2014-07-01,2,0,2,0,2
CORQUE,otras vacunaciones,      trabajador de salud hepatitis b 3ra dosis,2014-07-01,7,0,7,0,7
EL ALTO,otras vacunaciones,      trabajador de salud hepatitis b 3ra dosis,2014-07-01,30,33,30,33,63
EL TORNO,otras vacunaciones,      trabajador de salud hepatitis b 3ra dosis,2014-07-01,5,0,5,0,5
EL VILLAR,otras vacunaciones,      trabajador de salud hepatitis b 3ra dosis,2014-07-01,4,0,4,0,4
ENTRE RIOS TRJ,otras vacunaciones,      trabajador de salud hepatitis b 3ra dosis,2014-07-01,1,1,1,1,2
HUANUNI,otras vacunaciones,      trabajador de salud hepatitis b 3ra dosis,2014-07-01,3,0,3,0,3
ICLA,otras vacunaciones,      trabajador de salud hepatitis b 3ra dosis,2014-07-01,1,0,1,0,1
INCAHUASI,otras vacunaciones,      trabajador de salud hepatitis b 3ra dosis,2014-07-01,1,0,1,0,1
IXIAMAS,otras vacunaciones,      trabajador de salud hepatitis b 3ra dosis,2014-07-01,3,0,3,0,3
LA GUARDIA,otras vacunaciones,      trabajador de salud hepatitis b 3ra dosis,2014-07-01,10,0,10,0,10
LA PAZ,otras vacunaciones,      trabajador de salud hepatitis b 3ra dosis,2014-07-01,109,56,109,56,165
MACHARETI,otras vacunaciones,      trabajador de salud hepatitis b 3ra dosis,2014-07-01,1,0,1,0,1
MALLA,otras vacunaciones,      trabajador de salud hepatitis b 3ra dosis,2014-07-01,0,2,0,2,2
MIZQUE,otras vacunaciones,      trabajador de salud hepatitis b 3ra dosis,2014-07-01,4,0,4,0,4
MOJOCOYA,otras vacunaciones,      trabajador de salud hepatitis b 3ra dosis,2014-07-01,2,0,2,0,2
MONTEAGUDO,otras vacunaciones,      trabajador de salud hepatitis b 3ra dosis,2014-07-01,2,0,2,0,2
ORURO,otras vacunaciones,      trabajador de salud hepatitis b 3ra dosis,2014-07-01,63,0,63,0,63
PADILLA,otras vacunaciones,      trabajador de salud hepatitis b 3ra dosis,2014-07-01,4,0,4,0,4
PALOS BLANCOS,otras vacunaciones,      trabajador de salud hepatitis b 3ra dosis,2014-07-01,1,0,1,0,1
PATACAMAYA,otras vacunaciones,      trabajador de salud hepatitis b 3ra dosis,2014-07-01,0,1,0,1,1
POCONA,otras vacunaciones,      trabajador de salud hepatitis b 3ra dosis,2014-07-01,2,0,2,0,2
POTOSI,otras vacunaciones,      trabajador de salud hepatitis b 3ra dosis,2014-07-01,3,0,3,0,3
PUNATA,otras vacunaciones,      trabajador de salud hepatitis b 3ra dosis,2014-07-01,6,0,6,0,6
QUILLACOLLO,otras vacunaciones,      trabajador de salud hepatitis b 3ra dosis,2014-07-01,89,6,89,6,95
ROBORE,otras vacunaciones,      trabajador de salud hepatitis b 3ra dosis,2014-07-01,1,0,1,0,1
SACABA,otras vacunaciones,      trabajador de salud hepatitis b 3ra dosis,2014-07-01,10,0,10,0,10
SACABAMBA,otras vacunaciones,      trabajador de salud hepatitis b 3ra dosis,2014-07-01,1,0,1,0,1
SAMAIPATA,otras vacunaciones,      trabajador de salud hepatitis b 3ra dosis,2014-07-01,5,0,5,0,5
SAN BENITO,otras vacunaciones,      trabajador de salud hepatitis b 3ra dosis,2014-07-01,4,0,4,0,4
SAN BORJA,otras vacunaciones,      trabajador de salud hepatitis b 3ra dosis,2014-07-01,1,0,1,0,1
SAN BUENA VENTURA,otras vacunaciones,      trabajador de salud hepatitis b 3ra dosis,2014-07-01,3,2,3,2,5
SAN IGNACIO,otras vacunaciones,      trabajador de salud hepatitis b 3ra dosis,2014-07-01,2,0,2,0,2
SAN JULIAN,otras vacunaciones,      trabajador de salud hepatitis b 3ra dosis,2014-07-01,5,0,5,0,5
SAN PABLO DE LIPEZ,otras vacunaciones,      trabajador de salud hepatitis b 3ra dosis,2014-07-01,12,0,12,0,12
SAN PEDRO DE TIQUINA,otras vacunaciones,      trabajador de salud hepatitis b 3ra dosis,2014-07-01,1,0,1,0,1
SANTA CRUZ DE LA SIERRA,otras vacunaciones,      trabajador de salud hepatitis b 3ra dosis,2014-07-01,132,2,132,2,134
SANTA ROSA DEL SARA,otras vacunaciones,      trabajador de salud hepatitis b 3ra dosis,2014-07-01,5,0,5,0,5
SICAYA,otras vacunaciones,      trabajador de salud hepatitis b 3ra dosis,2014-07-01,3,0,3,0,3
SUCRE,otras vacunaciones,      trabajador de salud hepatitis b 3ra dosis,2014-07-01,42,2,42,2,44
TACACHI,otras vacunaciones,      trabajador de salud hepatitis b 3ra dosis,2014-07-01,1,0,1,0,1
TARATA,otras vacunaciones,      trabajador de salud hepatitis b 3ra dosis,2014-07-01,9,319,9,319,328
TARIJA,otras vacunaciones,      trabajador de salud hepatitis b 3ra dosis,2014-07-01,11,0,11,0,11
TARVITA,otras vacunaciones,      trabajador de salud hepatitis b 3ra dosis,2014-07-01,3,0,3,0,3
TIQUIPAYA,otras vacunaciones,      trabajador de salud hepatitis b 3ra dosis,2014-07-01,15,0,15,0,15
TOLATA,otras vacunaciones,      trabajador de salud hepatitis b 3ra dosis,2014-07-01,7,0,7,0,7
TOTORA(CBBA),otras vacunaciones,      trabajador de salud hepatitis b 3ra dosis,2014-07-01,2,0,2,0,2
TRINIDAD,otras vacunaciones,      trabajador de salud hepatitis b 3ra dosis,2014-07-01,7,0,7,0,7
VACAS,otras vacunaciones,      trabajador de salud hepatitis b 3ra dosis,2014-07-01,1,0,1,0,1
VALLEGRANDE,otras vacunaciones,      trabajador de salud hepatitis b 3ra dosis,2014-07-01,3,0,3,0,3
VIACHA,otras vacunaciones,      trabajador de salud hepatitis b 3ra dosis,2014-07-01,3,2,3,2,5
VILLA MONTES,otras vacunaciones,      trabajador de salud hepatitis b 3ra dosis,2014-07-01,4,0,4,0,4
VILLA RIVERO,otras vacunaciones,      trabajador de salud hepatitis b 3ra dosis,2014-07-01,18,0,18,0,18
VINTO,otras vacunaciones,      trabajador de salud hepatitis b 3ra dosis,2014-07-01,7,0,7,0,7
WARNES,otras vacunaciones,      trabajador de salud hepatitis b 3ra dosis,2014-07-01,1,0,1,0,1
YACUIBA,otras vacunaciones,      trabajador de salud hepatitis b 3ra dosis,2014-07-01,10,66,10,66,76
YAPACANI,otras vacunaciones,      trabajador de salud hepatitis b 3ra dosis,2014-07-01,2,0,2,0,2
ACACIO,otras vacunaciones,      trabajador de salud hepatitis b 3ra dosis,2014-08-01,15,0,15,0,15
ACHACACHI,otras vacunaciones,      trabajador de salud hepatitis b 3ra dosis,2014-08-01,3,0,3,0,3
ANCORAIMES,otras vacunaciones,      trabajador de salud hepatitis b 3ra dosis,2014-08-01,2,0,2,0,2
ARBIETO,otras vacunaciones,      trabajador de salud hepatitis b 3ra dosis,2014-08-01,2,7,2,7,9
AZURDUY,otras vacunaciones,      trabajador de salud hepatitis b 3ra dosis,2014-08-01,18,0,18,0,18
BERMEJO,otras vacunaciones,      trabajador de salud hepatitis b 3ra dosis,2014-08-01,1,0,1,0,1
BOLIVAR,otras vacunaciones,      trabajador de salud hepatitis b 3ra dosis,2014-08-01,2,0,2,0,2
BUENA VISTA,otras vacunaciones,      trabajador de salud hepatitis b 3ra dosis,2014-08-01,3,2,3,2,5
"CAIZA ""D""",otras vacunaciones,      trabajador de salud hepatitis b 3ra dosis,2014-08-01,2,0,2,0,2
CAMARGO,otras vacunaciones,      trabajador de salud hepatitis b 3ra dosis,2014-08-01,0,10,0,10,10
CAMATAQUI (C. VILLA ABECIA),otras vacunaciones,      trabajador de salud hepatitis b 3ra dosis,2014-08-01,4,0,4,0,4
CAMIRI,otras vacunaciones,      trabajador de salud hepatitis b 3ra dosis,2014-08-01,1,0,1,0,1
CAPINOTA,otras vacunaciones,      trabajador de salud hepatitis b 3ra dosis,2014-08-01,14,24,14,24,38
CAQUIAVIRI,otras vacunaciones,      trabajador de salud hepatitis b 3ra dosis,2014-08-01,1,0,1,0,1
CARACOLLO,otras vacunaciones,      trabajador de salud hepatitis b 3ra dosis,2014-08-01,0,1,0,1,1
CHALLAPATA,otras vacunaciones,      trabajador de salud hepatitis b 3ra dosis,2014-08-01,25,0,25,0,25
CHAYANTA,otras vacunaciones,      trabajador de salud hepatitis b 3ra dosis,2014-08-01,1,0,1,0,1
CLIZA,otras vacunaciones,      trabajador de salud hepatitis b 3ra dosis,2014-08-01,6,0,6,0,6
COBIJA,otras vacunaciones,      trabajador de salud hepatitis b 3ra dosis,2014-08-01,9,0,9,0,9
COCHABAMBA,otras vacunaciones,      trabajador de salud hepatitis b 3ra dosis,2014-08-01,70,0,70,0,70
COLQUECHACA,otras vacunaciones,      trabajador de salud hepatitis b 3ra dosis,2014-08-01,3,0,3,0,3
COMARAPA,otras vacunaciones,      trabajador de salud hepatitis b 3ra dosis,2014-08-01,5,0,5,0,5
COPACABANA,otras vacunaciones,      trabajador de salud hepatitis b 3ra dosis,2014-08-01,1,0,1,0,1
COROICO,otras vacunaciones,      trabajador de salud hepatitis b 3ra dosis,2014-08-01,5,0,5,0,5
COTAGAITA,otras vacunaciones,      trabajador de salud hepatitis b 3ra dosis,2014-08-01,1,0,1,0,1
CUEVO,otras vacunaciones,      trabajador de salud hepatitis b 3ra dosis,2014-08-01,2,0,2,0,2
EL ALTO,otras vacunaciones,      trabajador de salud hepatitis b 3ra dosis,2014-08-01,25,55,25,55,80
EL TORNO,otras vacunaciones,      trabajador de salud hepatitis b 3ra dosis,2014-08-01,28,0,28,0,28
EL VILLAR,otras vacunaciones,      trabajador de salud hepatitis b 3ra dosis,2014-08-01,8,15,8,15,23
ENTRE RIOS TRJ,otras vacunaciones,      trabajador de salud hepatitis b 3ra dosis,2014-08-01,0,4,0,4,4
GENERAL SAAVEDRA,otras vacunaciones,      trabajador de salud hepatitis b 3ra dosis,2014-08-01,4,0,4,0,4
HUACARETA,otras vacunaciones,      trabajador de salud hepatitis b 3ra dosis,2014-08-01,2,5,2,5,7
HUACHACALLA,otras vacunaciones,      trabajador de salud hepatitis b 3ra dosis,2014-08-01,1,0,1,0,1
ICLA,otras vacunaciones,      trabajador de salud hepatitis b 3ra dosis,2014-08-01,3,0,3,0,3
IRUPANA (VILLA DE LANZA),otras vacunaciones,      trabajador de salud hepatitis b 3ra dosis,2014-08-01,0,2,0,2,2
LA GUARDIA,otras vacunaciones,      trabajador de salud hepatitis b 3ra dosis,2014-08-01,0,7,0,7,7
LA PAZ,otras vacunaciones,      trabajador de salud hepatitis b 3ra dosis,2014-08-01,64,76,64,76,140
MACHARETI,otras vacunaciones,      trabajador de salud hepatitis b 3ra dosis,2014-08-01,4,0,4,0,4
MAPIRI,otras vacunaciones,      trabajador de salud hepatitis b 3ra dosis,2014-08-01,1,0,1,0,1
MIZQUE,otras vacunaciones,      trabajador de salud hepatitis b 3ra dosis,2014-08-01,9,0,9,0,9
MONTEAGUDO,otras vacunaciones,      trabajador de salud hepatitis b 3ra dosis,2014-08-01,3,0,3,0,3
ORURO,otras vacunaciones,      trabajador de salud hepatitis b 3ra dosis,2014-08-01,141,0,141,0,141
PADILLA,otras vacunaciones,      trabajador de salud hepatitis b 3ra dosis,2014-08-01,4,1,4,1,5
PAILON,otras vacunaciones,      trabajador de salud hepatitis b 3ra dosis,2014-08-01,3,0,3,0,3
PORVENIR,otras vacunaciones,      trabajador de salud hepatitis b 3ra dosis,2014-08-01,1,0,1,0,1
POTOSI,otras vacunaciones,      trabajador de salud hepatitis b 3ra dosis,2014-08-01,14,3,14,3,17
PUCARANI,otras vacunaciones,      trabajador de salud hepatitis b 3ra dosis,2014-08-01,0,6,0,6,6
PUNATA,otras vacunaciones,      trabajador de salud hepatitis b 3ra dosis,2014-08-01,47,0,47,0,47
QUILLACOLLO,otras vacunaciones,      trabajador de salud hepatitis b 3ra dosis,2014-08-01,109,1,109,1,110
SACABA,otras vacunaciones,      trabajador de salud hepatitis b 3ra dosis,2014-08-01,10,7,10,7,17
SACABAMBA,otras vacunaciones,      trabajador de salud hepatitis b 3ra dosis,2014-08-01,11,0,11,0,11
SACACA,otras vacunaciones,      trabajador de salud hepatitis b 3ra dosis,2014-08-01,44,0,44,0,44
SAIPINA,otras vacunaciones,      trabajador de salud hepatitis b 3ra dosis,2014-08-01,1,0,1,0,1
SAN BENITO,otras vacunaciones,      trabajador de salud hepatitis b 3ra dosis,2014-08-01,5,0,5,0,5
SAN BORJA,otras vacunaciones,      trabajador de salud hepatitis b 3ra dosis,2014-08-01,1,0,1,0,1
SAN CARLOS,otras vacunaciones,      trabajador de salud hepatitis b 3ra dosis,2014-08-01,1,0,1,0,1
SAN IGNACIO,otras vacunaciones,      trabajador de salud hepatitis b 3ra dosis,2014-08-01,1,1,1,1,2
SAN IGNACIO DE VELASCO,otras vacunaciones,      trabajador de salud hepatitis b 3ra dosis,2014-08-01,8,0,8,0,8
SAN JUAN DE YAPACANI,otras vacunaciones,      trabajador de salud hepatitis b 3ra dosis,2014-08-01,4,0,4,0,4
SAN JULIAN,otras vacunaciones,      trabajador de salud hepatitis b 3ra dosis,2014-08-01,4,0,4,0,4
SAN LORENZO(TJA),otras vacunaciones,      trabajador de salud hepatitis b 3ra dosis,2014-08-01,4,0,4,0,4
SAN PEDRO,otras vacunaciones,      trabajador de salud hepatitis b 3ra dosis,2014-08-01,4,0,4,0,4
SANTA CRUZ DE LA SIERRA,otras vacunaciones,      trabajador de salud hepatitis b 3ra dosis,2014-08-01,37,0,37,0,37
SANTIAGO DE HUATA,otras vacunaciones,      trabajador de salud hepatitis b 3ra dosis,2014-08-01,2,0,2,0,2
SANTIVAÑES,otras vacunaciones,      trabajador de salud hepatitis b 3ra dosis,2014-08-01,12,0,12,0,12
SAPAHAQUI,otras vacunaciones,      trabajador de salud hepatitis b 3ra dosis,2014-08-01,4,3,4,3,7
SENA,otras vacunaciones,      trabajador de salud hepatitis b 3ra dosis,2014-08-01,5,0,5,0,5
SUCRE,otras vacunaciones,      trabajador de salud hepatitis b 3ra dosis,2014-08-01,40,2,40,2,42
TACACHI,otras vacunaciones,      trabajador de salud hepatitis b 3ra dosis,2014-08-01,3,0,3,0,3
TARATA,otras vacunaciones,      trabajador de salud hepatitis b 3ra dosis,2014-08-01,32,93,32,93,125
TARIJA,otras vacunaciones,      trabajador de salud hepatitis b 3ra dosis,2014-08-01,21,0,21,0,21
TARVITA,otras vacunaciones,      trabajador de salud hepatitis b 3ra dosis,2014-08-01,2,0,2,0,2
TIQUIPAYA,otras vacunaciones,      trabajador de salud hepatitis b 3ra dosis,2014-08-01,25,0,25,0,25
TIRAQUE (CBBA),otras vacunaciones,      trabajador de salud hepatitis b 3ra dosis,2014-08-01,14,0,14,0,14
TOCO,otras vacunaciones,      trabajador de salud hepatitis b 3ra dosis,2014-08-01,3,0,3,0,3
TOLATA,otras vacunaciones,      trabajador de salud hepatitis b 3ra dosis,2014-08-01,2,0,2,0,2
TOMAVE,otras vacunaciones,      trabajador de salud hepatitis b 3ra dosis,2014-08-01,1,0,1,0,1
TOMINA,otras vacunaciones,      trabajador de salud hepatitis b 3ra dosis,2014-08-01,0,5,0,5,5
TRINIDAD,otras vacunaciones,      trabajador de salud hepatitis b 3ra dosis,2014-08-01,6,0,6,0,6
VACAS,otras vacunaciones,      trabajador de salud hepatitis b 3ra dosis,2014-08-01,11,0,11,0,11
VIACHA,otras vacunaciones,      trabajador de salud hepatitis b 3ra dosis,2014-08-01,1,1,1,1,2
VILLA MONTES,otras vacunaciones,      trabajador de salud hepatitis b 3ra dosis,2014-08-01,23,0,23,0,23
VILLA RIVERO,otras vacunaciones,      trabajador de salud hepatitis b 3ra dosis,2014-08-01,2,0,2,0,2
VILLAZON,otras vacunaciones,      trabajador de salud hepatitis b 3ra dosis,2014-08-01,1,0,1,0,1
VINTO,otras vacunaciones,      trabajador de salud hepatitis b 3ra dosis,2014-08-01,10,0,10,0,10
YACUIBA,otras vacunaciones,      trabajador de salud hepatitis b 3ra dosis,2014-08-01,6,0,6,0,6
YAPACANI,otras vacunaciones,      trabajador de salud hepatitis b 3ra dosis,2014-08-01,2,0,2,0,2
YOCALLA,otras vacunaciones,      trabajador de salud hepatitis b 3ra dosis,2014-08-01,1,0,1,0,1
YUNCHARA,otras vacunaciones,      trabajador de salud hepatitis b 3ra dosis,2014-08-01,1,0,1,0,1
CABEZAS,otras vacunaciones,      trabajador de salud hepatitis b 3ra dosis,2014-09-01,3,0,3,0,3
"CAIZA ""D""",otras vacunaciones,      trabajador de salud hepatitis b 3ra dosis,2014-09-01,2,0,2,0,2
CHAYANTA,otras vacunaciones,      trabajador de salud hepatitis b 3ra dosis,2014-09-01,1,0,1,0,1
CHIMORE,otras vacunaciones,      trabajador de salud hepatitis b 3ra dosis,2014-09-01,1,0,1,0,1
COCHABAMBA,otras vacunaciones,      trabajador de salud hepatitis b 3ra dosis,2014-09-01,1,0,1,0,1
COLOMI,otras vacunaciones,      trabajador de salud hepatitis b 3ra dosis,2014-09-01,1,0,1,0,1
COTOCA,otras vacunaciones,      trabajador de salud hepatitis b 3ra dosis,2014-09-01,3,0,3,0,3
EL ALTO,otras vacunaciones,      trabajador de salud hepatitis b 3ra dosis,2014-09-01,22,1,22,1,23
EL VILLAR,otras vacunaciones,      trabajador de salud hepatitis b 3ra dosis,2014-09-01,1,0,1,0,1
HUACARETA,otras vacunaciones,      trabajador de salud hepatitis b 3ra dosis,2014-09-01,1,0,1,0,1
LA GUARDIA,otras vacunaciones,      trabajador de salud hepatitis b 3ra dosis,2014-09-01,0,4,0,4,4
LA PAZ,otras vacunaciones,      trabajador de salud hepatitis b 3ra dosis,2014-09-01,27,0,27,0,27
LLALLAGUA,otras vacunaciones,      trabajador de salud hepatitis b 3ra dosis,2014-09-01,1,0,1,0,1
MACHARETI,otras vacunaciones,      trabajador de salud hepatitis b 3ra dosis,2014-09-01,3,0,3,0,3
MAGDALENA,otras vacunaciones,      trabajador de salud hepatitis b 3ra dosis,2014-09-01,2,0,2,0,2
ORURO,otras vacunaciones,      trabajador de salud hepatitis b 3ra dosis,2014-09-01,36,0,36,0,36
PAILON,otras vacunaciones,      trabajador de salud hepatitis b 3ra dosis,2014-09-01,2,0,2,0,2
PALOS BLANCOS,otras vacunaciones,      trabajador de salud hepatitis b 3ra dosis,2014-09-01,1,0,1,0,1
POTOSI,otras vacunaciones,      trabajador de salud hepatitis b 3ra dosis,2014-09-01,10,0,10,0,10
SACABA,otras vacunaciones,      trabajador de salud hepatitis b 3ra dosis,2014-09-01,0,2,0,2,2
SAN IGNACIO,otras vacunaciones,      trabajador de salud hepatitis b 3ra dosis,2014-09-01,2,0,2,0,2
SAN LORENZO(TJA),otras vacunaciones,      trabajador de salud hepatitis b 3ra dosis,2014-09-01,1,0,1,0,1
SAN LUCAS,otras vacunaciones,      trabajador de salud hepatitis b 3ra dosis,2014-09-01,1,0,1,0,1
SAN PEDRO,otras vacunaciones,      trabajador de salud hepatitis b 3ra dosis,2014-09-01,2,0,2,0,2
SANTA CRUZ DE LA SIERRA,otras vacunaciones,      trabajador de salud hepatitis b 3ra dosis,2014-09-01,31,0,31,0,31
SUCRE,otras vacunaciones,      trabajador de salud hepatitis b 3ra dosis,2014-09-01,1,0,1,0,1
TIQUIPAYA,otras vacunaciones,      trabajador de salud hepatitis b 3ra dosis,2014-09-01,12,0,12,0,12
TOMINA,otras vacunaciones,      trabajador de salud hepatitis b 3ra dosis,2014-09-01,8,0,8,0,8
VALLEGRANDE,otras vacunaciones,      trabajador de salud hepatitis b 3ra dosis,2014-09-01,1,0,1,0,1
VILLA SERRANO,otras vacunaciones,      trabajador de salud hepatitis b 3ra dosis,2014-09-01,2,0,2,0,2
VILLA VACA GUZMAN (MUYUPAMPA),otras vacunaciones,      trabajador de salud hepatitis b 3ra dosis,2014-09-01,1,0,1,0,1
VILLAZON,otras vacunaciones,      trabajador de salud hepatitis b 3ra dosis,2014-09-01,2,0,2,0,2
BERMEJO,otras vacunaciones,      trabajador de salud hepatitis b 3ra dosis,2014-10-01,19,0,19,0,19
BUENA VISTA,otras vacunaciones,      trabajador de salud hepatitis b 3ra dosis,2014-10-01,1,0,1,0,1
CABEZAS,otras vacunaciones,      trabajador de salud hepatitis b 3ra dosis,2014-10-01,2,0,2,0,2
CAMIRI,otras vacunaciones,      trabajador de salud hepatitis b 3ra dosis,2014-10-01,1,0,1,0,1
CHALLAPATA,otras vacunaciones,      trabajador de salud hepatitis b 3ra dosis,2014-10-01,5,0,5,0,5
COCHABAMBA,otras vacunaciones,      trabajador de salud hepatitis b 3ra dosis,2014-10-01,2,0,2,0,2
"COLCHA ""K""",otras vacunaciones,      trabajador de salud hepatitis b 3ra dosis,2014-10-01,1,0,1,0,1
COLOMI,otras vacunaciones,      trabajador de salud hepatitis b 3ra dosis,2014-10-01,0,1,0,1,1
CORIPATA,otras vacunaciones,      trabajador de salud hepatitis b 3ra dosis,2014-10-01,1,0,1,0,1
COTAGAITA,otras vacunaciones,      trabajador de salud hepatitis b 3ra dosis,2014-10-01,0,2,0,2,2
COTOCA,otras vacunaciones,      trabajador de salud hepatitis b 3ra dosis,2014-10-01,5,0,5,0,5
EL ALTO,otras vacunaciones,      trabajador de salud hepatitis b 3ra dosis,2014-10-01,34,27,34,27,61
EL TORNO,otras vacunaciones,      trabajador de salud hepatitis b 3ra dosis,2014-10-01,11,0,11,0,11
ENTRE RIOS TRJ,otras vacunaciones,      trabajador de salud hepatitis b 3ra dosis,2014-10-01,2,2,2,2,4
GUAQUI,otras vacunaciones,      trabajador de salud hepatitis b 3ra dosis,2014-10-01,6,0,6,0,6
HUACHACALLA,otras vacunaciones,      trabajador de salud hepatitis b 3ra dosis,2014-10-01,4,0,4,0,4
LA ASUNTA,otras vacunaciones,      trabajador de salud hepatitis b 3ra dosis,2014-10-01,1,0,1,0,1
LA PAZ,otras vacunaciones,      trabajador de salud hepatitis b 3ra dosis,2014-10-01,91,0,91,0,91
MOJOCOYA,otras vacunaciones,      trabajador de salud hepatitis b 3ra dosis,2014-10-01,6,0,6,0,6
ORURO,otras vacunaciones,      trabajador de salud hepatitis b 3ra dosis,2014-10-01,23,0,23,0,23
PAMPA GRANDE,otras vacunaciones,      trabajador de salud hepatitis b 3ra dosis,2014-10-01,2,0,2,0,2
POTOSI,otras vacunaciones,      trabajador de salud hepatitis b 3ra dosis,2014-10-01,53,0,53,0,53
PUCARANI,otras vacunaciones,      trabajador de salud hepatitis b 3ra dosis,2014-10-01,1,0,1,0,1
SAMAIPATA,otras vacunaciones,      trabajador de salud hepatitis b 3ra dosis,2014-10-01,1,0,1,0,1
SAN BORJA,otras vacunaciones,      trabajador de salud hepatitis b 3ra dosis,2014-10-01,2,0,2,0,2
SAN CARLOS,otras vacunaciones,      trabajador de salud hepatitis b 3ra dosis,2014-10-01,2,0,2,0,2
SAN IGNACIO,otras vacunaciones,      trabajador de salud hepatitis b 3ra dosis,2014-10-01,1,0,1,0,1
SAN IGNACIO DE VELASCO,otras vacunaciones,      trabajador de salud hepatitis b 3ra dosis,2014-10-01,1,0,1,0,1
SANTA CRUZ DE LA SIERRA,otras vacunaciones,      trabajador de salud hepatitis b 3ra dosis,2014-10-01,7,0,7,0,7
SHINAOTA,otras vacunaciones,      trabajador de salud hepatitis b 3ra dosis,2014-10-01,1,0,1,0,1
SUCRE,otras vacunaciones,      trabajador de salud hepatitis b 3ra dosis,2014-10-01,12,0,12,0,12
TARIJA,otras vacunaciones,      trabajador de salud hepatitis b 3ra dosis,2014-10-01,24,12,24,12,36
TARVITA,otras vacunaciones,      trabajador de salud hepatitis b 3ra dosis,2014-10-01,1,0,1,0,1
TRINIDAD,otras vacunaciones,      trabajador de salud hepatitis b 3ra dosis,2014-10-01,4,0,4,0,4
VILLA CHARCAS,otras vacunaciones,      trabajador de salud hepatitis b 3ra dosis,2014-10-01,3,0,3,0,3
VILLA MONTES,otras vacunaciones,      trabajador de salud hepatitis b 3ra dosis,2014-10-01,27,0,27,0,27
VILLA SERRANO,otras vacunaciones,      trabajador de salud hepatitis b 3ra dosis,2014-10-01,1,0,1,0,1
VILLAZON,otras vacunaciones,      trabajador de salud hepatitis b 3ra dosis,2014-10-01,1,0,1,0,1
WARNES,otras vacunaciones,      trabajador de salud hepatitis b 3ra dosis,2014-10-01,2,0,2,0,2
YACUIBA,otras vacunaciones,      trabajador de salud hepatitis b 3ra dosis,2014-10-01,1,0,1,0,1
YAPACANI,otras vacunaciones,      trabajador de salud hepatitis b 3ra dosis,2014-10-01,1,0,1,0,1
ATOCHA,otras vacunaciones,      trabajador de salud hepatitis b 3ra dosis,2014-11-01,7,20,7,20,27
BATALLAS,otras vacunaciones,      trabajador de salud hepatitis b 3ra dosis,2014-11-01,0,1,0,1,1
BAURES,otras vacunaciones,      trabajador de salud hepatitis b 3ra dosis,2014-11-01,2,0,2,0,2
BERMEJO,otras vacunaciones,      trabajador de salud hepatitis b 3ra dosis,2014-11-01,19,0,19,0,19
BETANZOS,otras vacunaciones,      trabajador de salud hepatitis b 3ra dosis,2014-11-01,18,0,18,0,18
BOYUIBE,otras vacunaciones,      trabajador de salud hepatitis b 3ra dosis,2014-11-01,4,0,4,0,4
CARACOLLO,otras vacunaciones,      trabajador de salud hepatitis b 3ra dosis,2014-11-01,1,0,1,0,1
CHALLAPATA,otras vacunaciones,      trabajador de salud hepatitis b 3ra dosis,2014-11-01,9,0,9,0,9
COLPA BELGICA,otras vacunaciones,      trabajador de salud hepatitis b 3ra dosis,2014-11-01,2,0,2,0,2
COPACABANA,otras vacunaciones,      trabajador de salud hepatitis b 3ra dosis,2014-11-01,0,5,0,5,5
COTAGAITA,otras vacunaciones,      trabajador de salud hepatitis b 3ra dosis,2014-11-01,1,0,1,0,1
EL ALTO,otras vacunaciones,      trabajador de salud hepatitis b 3ra dosis,2014-11-01,23,44,23,44,67
EL TORNO,otras vacunaciones,      trabajador de salud hepatitis b 3ra dosis,2014-11-01,5,0,5,0,5
ENTRE RIOS TRJ,otras vacunaciones,      trabajador de salud hepatitis b 3ra dosis,2014-11-01,2,0,2,0,2
HUACARETA,otras vacunaciones,      trabajador de salud hepatitis b 3ra dosis,2014-11-01,2,0,2,0,2
HUACHACALLA,otras vacunaciones,      trabajador de salud hepatitis b 3ra dosis,2014-11-01,6,0,6,0,6
LA GUARDIA,otras vacunaciones,      trabajador de salud hepatitis b 3ra dosis,2014-11-01,10,1,10,1,11
LA PAZ,otras vacunaciones,      trabajador de salud hepatitis b 3ra dosis,2014-11-01,56,31,56,31,87
MONTEAGUDO,otras vacunaciones,      trabajador de salud hepatitis b 3ra dosis,2014-11-01,0,2,0,2,2
ORURO,otras vacunaciones,      trabajador de salud hepatitis b 3ra dosis,2014-11-01,33,0,33,0,33
PAILON,otras vacunaciones,      trabajador de salud hepatitis b 3ra dosis,2014-11-01,15,0,15,0,15
PAMPA GRANDE,otras vacunaciones,      trabajador de salud hepatitis b 3ra dosis,2014-11-01,3,0,3,0,3
POROMA,otras vacunaciones,      trabajador de salud hepatitis b 3ra dosis,2014-11-01,6,0,6,0,6
PORTACHUELO,otras vacunaciones,      trabajador de salud hepatitis b 3ra dosis,2014-11-01,1,0,1,0,1
POTOSI,otras vacunaciones,      trabajador de salud hepatitis b 3ra dosis,2014-11-01,44,0,44,0,44
PUCARANI,otras vacunaciones,      trabajador de salud hepatitis b 3ra dosis,2014-11-01,2,0,2,0,2
PUERTO PEREZ,otras vacunaciones,      trabajador de salud hepatitis b 3ra dosis,2014-11-01,2,0,2,0,2
SACABA,otras vacunaciones,      trabajador de salud hepatitis b 3ra dosis,2014-11-01,24,0,24,0,24
SAMAIPATA,otras vacunaciones,      trabajador de salud hepatitis b 3ra dosis,2014-11-01,1,0,1,0,1
SAN CARLOS,otras vacunaciones,      trabajador de salud hepatitis b 3ra dosis,2014-11-01,1,0,1,0,1
SAN JUAN DE YAPACANI,otras vacunaciones,      trabajador de salud hepatitis b 3ra dosis,2014-11-01,6,0,6,0,6
SANTA CRUZ DE LA SIERRA,otras vacunaciones,      trabajador de salud hepatitis b 3ra dosis,2014-11-01,23,0,23,0,23
SUCRE,otras vacunaciones,      trabajador de salud hepatitis b 3ra dosis,2014-11-01,11,0,11,0,11
TARIJA,otras vacunaciones,      trabajador de salud hepatitis b 3ra dosis,2014-11-01,53,17,53,17,70
TARVITA,otras vacunaciones,      trabajador de salud hepatitis b 3ra dosis,2014-11-01,15,0,15,0,15
TIPUANI,otras vacunaciones,      trabajador de salud hepatitis b 3ra dosis,2014-11-01,2,0,2,0,2
VALLEGRANDE,otras vacunaciones,      trabajador de salud hepatitis b 3ra dosis,2014-11-01,1,0,1,0,1
VILLA MONTES,otras vacunaciones,      trabajador de salud hepatitis b 3ra dosis,2014-11-01,7,0,7,0,7
VILLA SERRANO,otras vacunaciones,      trabajador de salud hepatitis b 3ra dosis,2014-11-01,2,0,2,0,2
YACUIBA,otras vacunaciones,      trabajador de salud hepatitis b 3ra dosis,2014-11-01,31,0,31,0,31
YAPACANI,otras vacunaciones,      trabajador de salud hepatitis b 3ra dosis,2014-11-01,1,0,1,0,1
YUNCHARA,otras vacunaciones,      trabajador de salud hepatitis b 3ra dosis,2014-11-01,12,7,12,7,19
ARAMPAMPA,otras vacunaciones,      trabajador de salud hepatitis b 3ra dosis,2014-12-01,9,0,9,0,9
ATOCHA,otras vacunaciones,      trabajador de salud hepatitis b 3ra dosis,2014-12-01,3,1,3,1,4
AYOPAYA (V. DE INDEPENDENCIA),otras vacunaciones,      trabajador de salud hepatitis b 3ra dosis,2014-12-01,1,0,1,0,1
BELLA FLOR,otras vacunaciones,      trabajador de salud hepatitis b 3ra dosis,2014-12-01,4,0,4,0,4
BERMEJO,otras vacunaciones,      trabajador de salud hepatitis b 3ra dosis,2014-12-01,6,1,6,1,7
BETANZOS,otras vacunaciones,      trabajador de salud hepatitis b 3ra dosis,2014-12-01,5,0,5,0,5
CALAMARCA,otras vacunaciones,      trabajador de salud hepatitis b 3ra dosis,2014-12-01,1,0,1,0,1
CAMIRI,otras vacunaciones,      trabajador de salud hepatitis b 3ra dosis,2014-12-01,2,0,2,0,2
CHALLAPATA,otras vacunaciones,      trabajador de salud hepatitis b 3ra dosis,2014-12-01,6,0,6,0,6
CHAYANTA,otras vacunaciones,      trabajador de salud hepatitis b 3ra dosis,2014-12-01,2,0,2,0,2
CHULUMANI (V. DE LA LIBERTAD),otras vacunaciones,      trabajador de salud hepatitis b 3ra dosis,2014-12-01,1,0,1,0,1
"COLCHA ""K""",otras vacunaciones,      trabajador de salud hepatitis b 3ra dosis,2014-12-01,1,0,1,0,1
COLOMI,otras vacunaciones,      trabajador de salud hepatitis b 3ra dosis,2014-12-01,0,1,0,1,1
COPACABANA,otras vacunaciones,      trabajador de salud hepatitis b 3ra dosis,2014-12-01,0,2,0,2,2
CORIPATA,otras vacunaciones,      trabajador de salud hepatitis b 3ra dosis,2014-12-01,1,0,1,0,1
COTAGAITA,otras vacunaciones,      trabajador de salud hepatitis b 3ra dosis,2014-12-01,0,5,0,5,5
EL ALTO,otras vacunaciones,      trabajador de salud hepatitis b 3ra dosis,2014-12-01,29,9,29,9,38
EL TORNO,otras vacunaciones,      trabajador de salud hepatitis b 3ra dosis,2014-12-01,5,0,5,0,5
ENTRE RIOS TRJ,otras vacunaciones,      trabajador de salud hepatitis b 3ra dosis,2014-12-01,1,0,1,0,1
GUTIERREZ,otras vacunaciones,      trabajador de salud hepatitis b 3ra dosis,2014-12-01,2,0,2,0,2
HUACARETA,otras vacunaciones,      trabajador de salud hepatitis b 3ra dosis,2014-12-01,2,0,2,0,2
HUANUNI,otras vacunaciones,      trabajador de salud hepatitis b 3ra dosis,2014-12-01,1,0,1,0,1
LA ASUNTA,otras vacunaciones,      trabajador de salud hepatitis b 3ra dosis,2014-12-01,1,0,1,0,1
LA GUARDIA,otras vacunaciones,      trabajador de salud hepatitis b 3ra dosis,2014-12-01,4,0,4,0,4
LA PAZ,otras vacunaciones,      trabajador de salud hepatitis b 3ra dosis,2014-12-01,100,50,100,50,150
MOJINETE,otras vacunaciones,      trabajador de salud hepatitis b 3ra dosis,2014-12-01,2,0,2,0,2
MONTEAGUDO,otras vacunaciones,      trabajador de salud hepatitis b 3ra dosis,2014-12-01,6,4,6,4,10
ORURO,otras vacunaciones,      trabajador de salud hepatitis b 3ra dosis,2014-12-01,9,0,9,0,9
PADCAYA,otras vacunaciones,      trabajador de salud hepatitis b 3ra dosis,2014-12-01,7,0,7,0,7
PAMPA GRANDE,otras vacunaciones,      trabajador de salud hepatitis b 3ra dosis,2014-12-01,1,0,1,0,1
PORTACHUELO,otras vacunaciones,      trabajador de salud hepatitis b 3ra dosis,2014-12-01,3,0,3,0,3
POTOSI,otras vacunaciones,      trabajador de salud hepatitis b 3ra dosis,2014-12-01,12,0,12,0,12
PUCARANI,otras vacunaciones,      trabajador de salud hepatitis b 3ra dosis,2014-12-01,1,0,1,0,1
PUERTO PEREZ,otras vacunaciones,      trabajador de salud hepatitis b 3ra dosis,2014-12-01,1,0,1,0,1
ROBORE,otras vacunaciones,      trabajador de salud hepatitis b 3ra dosis,2014-12-01,4,0,4,0,4
SAN IGNACIO,otras vacunaciones,      trabajador de salud hepatitis b 3ra dosis,2014-12-01,4,0,4,0,4
SAN LORENZO(TJA),otras vacunaciones,      trabajador de salud hepatitis b 3ra dosis,2014-12-01,2,0,2,0,2
SAN PEDRO DE BUENA VISTA,otras vacunaciones,      trabajador de salud hepatitis b 3ra dosis,2014-12-01,9,0,9,0,9
SANTA CRUZ DE LA SIERRA,otras vacunaciones,      trabajador de salud hepatitis b 3ra dosis,2014-12-01,15,0,15,0,15
SAPAHAQUI,otras vacunaciones,      trabajador de salud hepatitis b 3ra dosis,2014-12-01,1,0,1,0,1
SUCRE,otras vacunaciones,      trabajador de salud hepatitis b 3ra dosis,2014-12-01,44,0,44,0,44
TARIJA,otras vacunaciones,      trabajador de salud hepatitis b 3ra dosis,2014-12-01,43,0,43,0,43
TRINIDAD,otras vacunaciones,      trabajador de salud hepatitis b 3ra dosis,2014-12-01,5,0,5,0,5
VILLA CHARCAS,otras vacunaciones,      trabajador de salud hepatitis b 3ra dosis,2014-12-01,2,0,2,0,2
YACUIBA,otras vacunaciones,      trabajador de salud hepatitis b 3ra dosis,2014-12-01,12,0,12,0,12
YUNCHARA,otras vacunaciones,      trabajador de salud hepatitis b 3ra dosis,2014-12-01,5,2,5,2,7
