municipality,group,variable,month,AQV femenino,TOTAL
ASCENCION DE GUARAYOS,"anticoncepcion, prevencionde its y de cancer de cuello uterino",aqv femenino,2005-01-01,3,3
BERMEJO,"anticoncepcion, prevencionde its y de cancer de cuello uterino",aqv femenino,2005-01-01,2,2
BETANZOS,"anticoncepcion, prevencionde its y de cancer de cuello uterino",aqv femenino,2005-01-01,1,1
CAMARGO,"anticoncepcion, prevencionde its y de cancer de cuello uterino",aqv femenino,2005-01-01,11,11
CARANAVI,"anticoncepcion, prevencionde its y de cancer de cuello uterino",aqv femenino,2005-01-01,3,3
CHARAGUA,"anticoncepcion, prevencionde its y de cancer de cuello uterino",aqv femenino,2005-01-01,4,4
CHULUMANI (V. DE LA LIBERTAD),"anticoncepcion, prevencionde its y de cancer de cuello uterino",aqv femenino,2005-01-01,1,1
COBIJA,"anticoncepcion, prevencionde its y de cancer de cuello uterino",aqv femenino,2005-01-01,7,7
COCHABAMBA,"anticoncepcion, prevencionde its y de cancer de cuello uterino",aqv femenino,2005-01-01,32,32
CONCEPCION,"anticoncepcion, prevencionde its y de cancer de cuello uterino",aqv femenino,2005-01-01,4,4
COTOCA,"anticoncepcion, prevencionde its y de cancer de cuello uterino",aqv femenino,2005-01-01,1,1
CULPINA,"anticoncepcion, prevencionde its y de cancer de cuello uterino",aqv femenino,2005-01-01,1,1
EL ALTO,"anticoncepcion, prevencionde its y de cancer de cuello uterino",aqv femenino,2005-01-01,1,1
EL TORNO,"anticoncepcion, prevencionde its y de cancer de cuello uterino",aqv femenino,2005-01-01,5,5
GUAYARAMERIN,"anticoncepcion, prevencionde its y de cancer de cuello uterino",aqv femenino,2005-01-01,4,4
LA PAZ,"anticoncepcion, prevencionde its y de cancer de cuello uterino",aqv femenino,2005-01-01,11,11
MONTEAGUDO,"anticoncepcion, prevencionde its y de cancer de cuello uterino",aqv femenino,2005-01-01,4,4
MONTERO,"anticoncepcion, prevencionde its y de cancer de cuello uterino",aqv femenino,2005-01-01,4,4
ORURO,"anticoncepcion, prevencionde its y de cancer de cuello uterino",aqv femenino,2005-01-01,2,2
PADILLA,"anticoncepcion, prevencionde its y de cancer de cuello uterino",aqv femenino,2005-01-01,5,5
PUERTO SUAREZ,"anticoncepcion, prevencionde its y de cancer de cuello uterino",aqv femenino,2005-01-01,2,2
PUNATA,"anticoncepcion, prevencionde its y de cancer de cuello uterino",aqv femenino,2005-01-01,1,1
QUILLACOLLO,"anticoncepcion, prevencionde its y de cancer de cuello uterino",aqv femenino,2005-01-01,5,5
ROBORE,"anticoncepcion, prevencionde its y de cancer de cuello uterino",aqv femenino,2005-01-01,2,2
SACABA,"anticoncepcion, prevencionde its y de cancer de cuello uterino",aqv femenino,2005-01-01,8,8
SAN BORJA,"anticoncepcion, prevencionde its y de cancer de cuello uterino",aqv femenino,2005-01-01,1,1
SAN IGNACIO DE VELASCO,"anticoncepcion, prevencionde its y de cancer de cuello uterino",aqv femenino,2005-01-01,4,4
SAN JULIAN,"anticoncepcion, prevencionde its y de cancer de cuello uterino",aqv femenino,2005-01-01,1,1
SAN LUCAS,"anticoncepcion, prevencionde its y de cancer de cuello uterino",aqv femenino,2005-01-01,1,1
SANTA ANA,"anticoncepcion, prevencionde its y de cancer de cuello uterino",aqv femenino,2005-01-01,3,3
SANTA CRUZ DE LA SIERRA,"anticoncepcion, prevencionde its y de cancer de cuello uterino",aqv femenino,2005-01-01,29,29
SIPE SIPE,"anticoncepcion, prevencionde its y de cancer de cuello uterino",aqv femenino,2005-01-01,2,2
SOPACHUY,"anticoncepcion, prevencionde its y de cancer de cuello uterino",aqv femenino,2005-01-01,1,1
SUCRE,"anticoncepcion, prevencionde its y de cancer de cuello uterino",aqv femenino,2005-01-01,35,35
TOTORA(CBBA),"anticoncepcion, prevencionde its y de cancer de cuello uterino",aqv femenino,2005-01-01,7,7
VALLEGRANDE,"anticoncepcion, prevencionde its y de cancer de cuello uterino",aqv femenino,2005-01-01,9,9
VILLA MONTES,"anticoncepcion, prevencionde its y de cancer de cuello uterino",aqv femenino,2005-01-01,2,2
VILLA TUNARI,"anticoncepcion, prevencionde its y de cancer de cuello uterino",aqv femenino,2005-01-01,4,4
VILLAZON,"anticoncepcion, prevencionde its y de cancer de cuello uterino",aqv femenino,2005-01-01,2,2
YACUIBA,"anticoncepcion, prevencionde its y de cancer de cuello uterino",aqv femenino,2005-01-01,6,6
ASCENCION DE GUARAYOS,"anticoncepcion, prevencionde its y de cancer de cuello uterino",aqv femenino,2005-02-01,1,1
AZURDUY,"anticoncepcion, prevencionde its y de cancer de cuello uterino",aqv femenino,2005-02-01,1,1
BETANZOS,"anticoncepcion, prevencionde its y de cancer de cuello uterino",aqv femenino,2005-02-01,1,1
CAMARGO,"anticoncepcion, prevencionde its y de cancer de cuello uterino",aqv femenino,2005-02-01,13,13
CHARAGUA,"anticoncepcion, prevencionde its y de cancer de cuello uterino",aqv femenino,2005-02-01,5,5
COBIJA,"anticoncepcion, prevencionde its y de cancer de cuello uterino",aqv femenino,2005-02-01,1,1
COCHABAMBA,"anticoncepcion, prevencionde its y de cancer de cuello uterino",aqv femenino,2005-02-01,18,18
COMARAPA,"anticoncepcion, prevencionde its y de cancer de cuello uterino",aqv femenino,2005-02-01,1,1
CONCEPCION,"anticoncepcion, prevencionde its y de cancer de cuello uterino",aqv femenino,2005-02-01,3,3
COTOCA,"anticoncepcion, prevencionde its y de cancer de cuello uterino",aqv femenino,2005-02-01,5,5
CULPINA,"anticoncepcion, prevencionde its y de cancer de cuello uterino",aqv femenino,2005-02-01,1,1
EL ALTO,"anticoncepcion, prevencionde its y de cancer de cuello uterino",aqv femenino,2005-02-01,2,2
EL TORNO,"anticoncepcion, prevencionde its y de cancer de cuello uterino",aqv femenino,2005-02-01,4,4
GUAYARAMERIN,"anticoncepcion, prevencionde its y de cancer de cuello uterino",aqv femenino,2005-02-01,15,15
LA PAZ,"anticoncepcion, prevencionde its y de cancer de cuello uterino",aqv femenino,2005-02-01,1,1
MAIRANA,"anticoncepcion, prevencionde its y de cancer de cuello uterino",aqv femenino,2005-02-01,1,1
MONTEAGUDO,"anticoncepcion, prevencionde its y de cancer de cuello uterino",aqv femenino,2005-02-01,4,4
MONTERO,"anticoncepcion, prevencionde its y de cancer de cuello uterino",aqv femenino,2005-02-01,5,5
ORURO,"anticoncepcion, prevencionde its y de cancer de cuello uterino",aqv femenino,2005-02-01,4,4
PADILLA,"anticoncepcion, prevencionde its y de cancer de cuello uterino",aqv femenino,2005-02-01,7,7
PORTACHUELO,"anticoncepcion, prevencionde its y de cancer de cuello uterino",aqv femenino,2005-02-01,1,1
POTOSI,"anticoncepcion, prevencionde its y de cancer de cuello uterino",aqv femenino,2005-02-01,4,4
PUERTO SUAREZ,"anticoncepcion, prevencionde its y de cancer de cuello uterino",aqv femenino,2005-02-01,2,2
QUILLACOLLO,"anticoncepcion, prevencionde its y de cancer de cuello uterino",aqv femenino,2005-02-01,3,3
REYES,"anticoncepcion, prevencionde its y de cancer de cuello uterino",aqv femenino,2005-02-01,15,15
SACABA,"anticoncepcion, prevencionde its y de cancer de cuello uterino",aqv femenino,2005-02-01,2,2
SAN BORJA,"anticoncepcion, prevencionde its y de cancer de cuello uterino",aqv femenino,2005-02-01,6,6
SAN IGNACIO DE VELASCO,"anticoncepcion, prevencionde its y de cancer de cuello uterino",aqv femenino,2005-02-01,2,2
SAN JUAN DE YAPACANI,"anticoncepcion, prevencionde its y de cancer de cuello uterino",aqv femenino,2005-02-01,1,1
SAN JULIAN,"anticoncepcion, prevencionde its y de cancer de cuello uterino",aqv femenino,2005-02-01,1,1
SANTA ANA,"anticoncepcion, prevencionde its y de cancer de cuello uterino",aqv femenino,2005-02-01,3,3
SANTA CRUZ DE LA SIERRA,"anticoncepcion, prevencionde its y de cancer de cuello uterino",aqv femenino,2005-02-01,93,93
SOPACHUY,"anticoncepcion, prevencionde its y de cancer de cuello uterino",aqv femenino,2005-02-01,1,1
SUCRE,"anticoncepcion, prevencionde its y de cancer de cuello uterino",aqv femenino,2005-02-01,24,24
TRINIDAD,"anticoncepcion, prevencionde its y de cancer de cuello uterino",aqv femenino,2005-02-01,3,3
VALLEGRANDE,"anticoncepcion, prevencionde its y de cancer de cuello uterino",aqv femenino,2005-02-01,5,5
VILLA MONTES,"anticoncepcion, prevencionde its y de cancer de cuello uterino",aqv femenino,2005-02-01,4,4
VILLA TUNARI,"anticoncepcion, prevencionde its y de cancer de cuello uterino",aqv femenino,2005-02-01,5,5
VILLAZON,"anticoncepcion, prevencionde its y de cancer de cuello uterino",aqv femenino,2005-02-01,2,2
WARNES,"anticoncepcion, prevencionde its y de cancer de cuello uterino",aqv femenino,2005-02-01,2,2
YACUIBA,"anticoncepcion, prevencionde its y de cancer de cuello uterino",aqv femenino,2005-02-01,10,10
ASCENCION DE GUARAYOS,"anticoncepcion, prevencionde its y de cancer de cuello uterino",aqv femenino,2005-03-01,2,2
ATOCHA,"anticoncepcion, prevencionde its y de cancer de cuello uterino",aqv femenino,2005-03-01,1,1
BERMEJO,"anticoncepcion, prevencionde its y de cancer de cuello uterino",aqv femenino,2005-03-01,3,3
BETANZOS,"anticoncepcion, prevencionde its y de cancer de cuello uterino",aqv femenino,2005-03-01,1,1
CAMARGO,"anticoncepcion, prevencionde its y de cancer de cuello uterino",aqv femenino,2005-03-01,4,4
CHARAGUA,"anticoncepcion, prevencionde its y de cancer de cuello uterino",aqv femenino,2005-03-01,3,3
CHULUMANI (V. DE LA LIBERTAD),"anticoncepcion, prevencionde its y de cancer de cuello uterino",aqv femenino,2005-03-01,2,2
COBIJA,"anticoncepcion, prevencionde its y de cancer de cuello uterino",aqv femenino,2005-03-01,2,2
COCHABAMBA,"anticoncepcion, prevencionde its y de cancer de cuello uterino",aqv femenino,2005-03-01,37,37
COMARAPA,"anticoncepcion, prevencionde its y de cancer de cuello uterino",aqv femenino,2005-03-01,1,1
CONCEPCION,"anticoncepcion, prevencionde its y de cancer de cuello uterino",aqv femenino,2005-03-01,3,3
COTOCA,"anticoncepcion, prevencionde its y de cancer de cuello uterino",aqv femenino,2005-03-01,7,7
EL TORNO,"anticoncepcion, prevencionde its y de cancer de cuello uterino",aqv femenino,2005-03-01,7,7
GUANAY,"anticoncepcion, prevencionde its y de cancer de cuello uterino",aqv femenino,2005-03-01,2,2
GUAYARAMERIN,"anticoncepcion, prevencionde its y de cancer de cuello uterino",aqv femenino,2005-03-01,5,5
LA PAZ,"anticoncepcion, prevencionde its y de cancer de cuello uterino",aqv femenino,2005-03-01,13,13
MAGDALENA,"anticoncepcion, prevencionde its y de cancer de cuello uterino",aqv femenino,2005-03-01,1,1
MAIRANA,"anticoncepcion, prevencionde its y de cancer de cuello uterino",aqv femenino,2005-03-01,5,5
MONTEAGUDO,"anticoncepcion, prevencionde its y de cancer de cuello uterino",aqv femenino,2005-03-01,8,8
MONTERO,"anticoncepcion, prevencionde its y de cancer de cuello uterino",aqv femenino,2005-03-01,5,5
ORURO,"anticoncepcion, prevencionde its y de cancer de cuello uterino",aqv femenino,2005-03-01,1,1
PADILLA,"anticoncepcion, prevencionde its y de cancer de cuello uterino",aqv femenino,2005-03-01,7,7
POTOSI,"anticoncepcion, prevencionde its y de cancer de cuello uterino",aqv femenino,2005-03-01,2,2
PUERTO SUAREZ,"anticoncepcion, prevencionde its y de cancer de cuello uterino",aqv femenino,2005-03-01,3,3
QUILLACOLLO,"anticoncepcion, prevencionde its y de cancer de cuello uterino",aqv femenino,2005-03-01,4,4
ROBORE,"anticoncepcion, prevencionde its y de cancer de cuello uterino",aqv femenino,2005-03-01,3,3
SACABA,"anticoncepcion, prevencionde its y de cancer de cuello uterino",aqv femenino,2005-03-01,4,4
SAMAIPATA,"anticoncepcion, prevencionde its y de cancer de cuello uterino",aqv femenino,2005-03-01,1,1
SAN BORJA,"anticoncepcion, prevencionde its y de cancer de cuello uterino",aqv femenino,2005-03-01,4,4
SAN IGNACIO,"anticoncepcion, prevencionde its y de cancer de cuello uterino",aqv femenino,2005-03-01,1,1
SAN IGNACIO DE VELASCO,"anticoncepcion, prevencionde its y de cancer de cuello uterino",aqv femenino,2005-03-01,4,4
SAN JOSE DE CHIQUITOS,"anticoncepcion, prevencionde its y de cancer de cuello uterino",aqv femenino,2005-03-01,1,1
SAN JUAN DE YAPACANI,"anticoncepcion, prevencionde its y de cancer de cuello uterino",aqv femenino,2005-03-01,1,1
SAN JULIAN,"anticoncepcion, prevencionde its y de cancer de cuello uterino",aqv femenino,2005-03-01,3,3
SAN MATIAS,"anticoncepcion, prevencionde its y de cancer de cuello uterino",aqv femenino,2005-03-01,1,1
SANTA ANA,"anticoncepcion, prevencionde its y de cancer de cuello uterino",aqv femenino,2005-03-01,1,1
SANTA CRUZ DE LA SIERRA,"anticoncepcion, prevencionde its y de cancer de cuello uterino",aqv femenino,2005-03-01,121,121
SUCRE,"anticoncepcion, prevencionde its y de cancer de cuello uterino",aqv femenino,2005-03-01,32,32
TRINIDAD,"anticoncepcion, prevencionde its y de cancer de cuello uterino",aqv femenino,2005-03-01,4,4
VALLEGRANDE,"anticoncepcion, prevencionde its y de cancer de cuello uterino",aqv femenino,2005-03-01,9,9
VILLA TUNARI,"anticoncepcion, prevencionde its y de cancer de cuello uterino",aqv femenino,2005-03-01,3,3
VILLAZON,"anticoncepcion, prevencionde its y de cancer de cuello uterino",aqv femenino,2005-03-01,3,3
WARNES,"anticoncepcion, prevencionde its y de cancer de cuello uterino",aqv femenino,2005-03-01,5,5
YACUIBA,"anticoncepcion, prevencionde its y de cancer de cuello uterino",aqv femenino,2005-03-01,1,1
ATOCHA,"anticoncepcion, prevencionde its y de cancer de cuello uterino",aqv femenino,2005-04-01,1,1
AZURDUY,"anticoncepcion, prevencionde its y de cancer de cuello uterino",aqv femenino,2005-04-01,1,1
BETANZOS,"anticoncepcion, prevencionde its y de cancer de cuello uterino",aqv femenino,2005-04-01,2,2
CAMARGO,"anticoncepcion, prevencionde its y de cancer de cuello uterino",aqv femenino,2005-04-01,2,2
CARANAVI,"anticoncepcion, prevencionde its y de cancer de cuello uterino",aqv femenino,2005-04-01,1,1
CHULUMANI (V. DE LA LIBERTAD),"anticoncepcion, prevencionde its y de cancer de cuello uterino",aqv femenino,2005-04-01,1,1
COBIJA,"anticoncepcion, prevencionde its y de cancer de cuello uterino",aqv femenino,2005-04-01,6,6
COCHABAMBA,"anticoncepcion, prevencionde its y de cancer de cuello uterino",aqv femenino,2005-04-01,18,18
COLQUECHACA,"anticoncepcion, prevencionde its y de cancer de cuello uterino",aqv femenino,2005-04-01,4,4
COMARAPA,"anticoncepcion, prevencionde its y de cancer de cuello uterino",aqv femenino,2005-04-01,3,3
COTOCA,"anticoncepcion, prevencionde its y de cancer de cuello uterino",aqv femenino,2005-04-01,13,13
EL TORNO,"anticoncepcion, prevencionde its y de cancer de cuello uterino",aqv femenino,2005-04-01,14,14
GUANAY,"anticoncepcion, prevencionde its y de cancer de cuello uterino",aqv femenino,2005-04-01,1,1
GUAYARAMERIN,"anticoncepcion, prevencionde its y de cancer de cuello uterino",aqv femenino,2005-04-01,6,6
LA PAZ,"anticoncepcion, prevencionde its y de cancer de cuello uterino",aqv femenino,2005-04-01,6,6
MAIRANA,"anticoncepcion, prevencionde its y de cancer de cuello uterino",aqv femenino,2005-04-01,1,1
MONTEAGUDO,"anticoncepcion, prevencionde its y de cancer de cuello uterino",aqv femenino,2005-04-01,3,3
MONTERO,"anticoncepcion, prevencionde its y de cancer de cuello uterino",aqv femenino,2005-04-01,4,4
ORURO,"anticoncepcion, prevencionde its y de cancer de cuello uterino",aqv femenino,2005-04-01,8,8
PADILLA,"anticoncepcion, prevencionde its y de cancer de cuello uterino",aqv femenino,2005-04-01,9,9
PORTACHUELO,"anticoncepcion, prevencionde its y de cancer de cuello uterino",aqv femenino,2005-04-01,1,1
POTOSI,"anticoncepcion, prevencionde its y de cancer de cuello uterino",aqv femenino,2005-04-01,3,3
PUERTO SUAREZ,"anticoncepcion, prevencionde its y de cancer de cuello uterino",aqv femenino,2005-04-01,3,3
QUILLACOLLO,"anticoncepcion, prevencionde its y de cancer de cuello uterino",aqv femenino,2005-04-01,15,15
ROBORE,"anticoncepcion, prevencionde its y de cancer de cuello uterino",aqv femenino,2005-04-01,4,4
SACABA,"anticoncepcion, prevencionde its y de cancer de cuello uterino",aqv femenino,2005-04-01,2,2
SAMAIPATA,"anticoncepcion, prevencionde its y de cancer de cuello uterino",aqv femenino,2005-04-01,1,1
SAN BORJA,"anticoncepcion, prevencionde its y de cancer de cuello uterino",aqv femenino,2005-04-01,6,6
SAN IGNACIO DE VELASCO,"anticoncepcion, prevencionde its y de cancer de cuello uterino",aqv femenino,2005-04-01,5,5
SAN JAVIER(STC),"anticoncepcion, prevencionde its y de cancer de cuello uterino",aqv femenino,2005-04-01,1,1
SAN JUAN DE YAPACANI,"anticoncepcion, prevencionde its y de cancer de cuello uterino",aqv femenino,2005-04-01,1,1
SAN JULIAN,"anticoncepcion, prevencionde its y de cancer de cuello uterino",aqv femenino,2005-04-01,4,4
SAN LUCAS,"anticoncepcion, prevencionde its y de cancer de cuello uterino",aqv femenino,2005-04-01,2,2
SANTA ANA,"anticoncepcion, prevencionde its y de cancer de cuello uterino",aqv femenino,2005-04-01,5,5
SANTA CRUZ DE LA SIERRA,"anticoncepcion, prevencionde its y de cancer de cuello uterino",aqv femenino,2005-04-01,81,81
SUCRE,"anticoncepcion, prevencionde its y de cancer de cuello uterino",aqv femenino,2005-04-01,35,35
TRINIDAD,"anticoncepcion, prevencionde its y de cancer de cuello uterino",aqv femenino,2005-04-01,3,3
VALLEGRANDE,"anticoncepcion, prevencionde its y de cancer de cuello uterino",aqv femenino,2005-04-01,3,3
VILLA MONTES,"anticoncepcion, prevencionde its y de cancer de cuello uterino",aqv femenino,2005-04-01,3,3
VILLA TUNARI,"anticoncepcion, prevencionde its y de cancer de cuello uterino",aqv femenino,2005-04-01,5,5
VILLAZON,"anticoncepcion, prevencionde its y de cancer de cuello uterino",aqv femenino,2005-04-01,1,1
WARNES,"anticoncepcion, prevencionde its y de cancer de cuello uterino",aqv femenino,2005-04-01,4,4
YACUIBA,"anticoncepcion, prevencionde its y de cancer de cuello uterino",aqv femenino,2005-04-01,5,5
ASCENCION DE GUARAYOS,"anticoncepcion, prevencionde its y de cancer de cuello uterino",aqv femenino,2005-05-01,6,6
ATOCHA,"anticoncepcion, prevencionde its y de cancer de cuello uterino",aqv femenino,2005-05-01,1,1
AZURDUY,"anticoncepcion, prevencionde its y de cancer de cuello uterino",aqv femenino,2005-05-01,1,1
BETANZOS,"anticoncepcion, prevencionde its y de cancer de cuello uterino",aqv femenino,2005-05-01,1,1
CAMARGO,"anticoncepcion, prevencionde its y de cancer de cuello uterino",aqv femenino,2005-05-01,7,7
CARANAVI,"anticoncepcion, prevencionde its y de cancer de cuello uterino",aqv femenino,2005-05-01,1,1
CHARAGUA,"anticoncepcion, prevencionde its y de cancer de cuello uterino",aqv femenino,2005-05-01,1,1
COBIJA,"anticoncepcion, prevencionde its y de cancer de cuello uterino",aqv femenino,2005-05-01,4,4
COCHABAMBA,"anticoncepcion, prevencionde its y de cancer de cuello uterino",aqv femenino,2005-05-01,20,20
COTOCA,"anticoncepcion, prevencionde its y de cancer de cuello uterino",aqv femenino,2005-05-01,3,3
CULPINA,"anticoncepcion, prevencionde its y de cancer de cuello uterino",aqv femenino,2005-05-01,2,2
EL TORNO,"anticoncepcion, prevencionde its y de cancer de cuello uterino",aqv femenino,2005-05-01,2,2
GUAYARAMERIN,"anticoncepcion, prevencionde its y de cancer de cuello uterino",aqv femenino,2005-05-01,1,1
HUANUNI,"anticoncepcion, prevencionde its y de cancer de cuello uterino",aqv femenino,2005-05-01,1,1
LA PAZ,"anticoncepcion, prevencionde its y de cancer de cuello uterino",aqv femenino,2005-05-01,7,7
MAIRANA,"anticoncepcion, prevencionde its y de cancer de cuello uterino",aqv femenino,2005-05-01,1,1
MONTEAGUDO,"anticoncepcion, prevencionde its y de cancer de cuello uterino",aqv femenino,2005-05-01,8,8
MONTERO,"anticoncepcion, prevencionde its y de cancer de cuello uterino",aqv femenino,2005-05-01,5,5
ORURO,"anticoncepcion, prevencionde its y de cancer de cuello uterino",aqv femenino,2005-05-01,8,8
PADILLA,"anticoncepcion, prevencionde its y de cancer de cuello uterino",aqv femenino,2005-05-01,6,6
POTOSI,"anticoncepcion, prevencionde its y de cancer de cuello uterino",aqv femenino,2005-05-01,4,4
PUERTO QUIJARRO,"anticoncepcion, prevencionde its y de cancer de cuello uterino",aqv femenino,2005-05-01,1,1
PUERTO SUAREZ,"anticoncepcion, prevencionde its y de cancer de cuello uterino",aqv femenino,2005-05-01,4,4
QUILLACOLLO,"anticoncepcion, prevencionde its y de cancer de cuello uterino",aqv femenino,2005-05-01,9,9
REYES,"anticoncepcion, prevencionde its y de cancer de cuello uterino",aqv femenino,2005-05-01,2,2
ROBORE,"anticoncepcion, prevencionde its y de cancer de cuello uterino",aqv femenino,2005-05-01,1,1
SACABA,"anticoncepcion, prevencionde its y de cancer de cuello uterino",aqv femenino,2005-05-01,1,1
SAMAIPATA,"anticoncepcion, prevencionde its y de cancer de cuello uterino",aqv femenino,2005-05-01,2,2
SAN BORJA,"anticoncepcion, prevencionde its y de cancer de cuello uterino",aqv femenino,2005-05-01,3,3
SAN IGNACIO DE VELASCO,"anticoncepcion, prevencionde its y de cancer de cuello uterino",aqv femenino,2005-05-01,10,10
SAN JAVIER(STC),"anticoncepcion, prevencionde its y de cancer de cuello uterino",aqv femenino,2005-05-01,1,1
SAN JUAN DE YAPACANI,"anticoncepcion, prevencionde its y de cancer de cuello uterino",aqv femenino,2005-05-01,1,1
SAN JULIAN,"anticoncepcion, prevencionde its y de cancer de cuello uterino",aqv femenino,2005-05-01,2,2
SAN LUCAS,"anticoncepcion, prevencionde its y de cancer de cuello uterino",aqv femenino,2005-05-01,1,1
SANTA ANA,"anticoncepcion, prevencionde its y de cancer de cuello uterino",aqv femenino,2005-05-01,4,4
SANTA CRUZ DE LA SIERRA,"anticoncepcion, prevencionde its y de cancer de cuello uterino",aqv femenino,2005-05-01,125,125
SUCRE,"anticoncepcion, prevencionde its y de cancer de cuello uterino",aqv femenino,2005-05-01,34,34
TARIJA,"anticoncepcion, prevencionde its y de cancer de cuello uterino",aqv femenino,2005-05-01,18,18
TIQUIPAYA,"anticoncepcion, prevencionde its y de cancer de cuello uterino",aqv femenino,2005-05-01,3,3
TOTORA(CBBA),"anticoncepcion, prevencionde its y de cancer de cuello uterino",aqv femenino,2005-05-01,1,1
TRINIDAD,"anticoncepcion, prevencionde its y de cancer de cuello uterino",aqv femenino,2005-05-01,1,1
VALLEGRANDE,"anticoncepcion, prevencionde its y de cancer de cuello uterino",aqv femenino,2005-05-01,2,2
VILLA MONTES,"anticoncepcion, prevencionde its y de cancer de cuello uterino",aqv femenino,2005-05-01,4,4
VILLA TUNARI,"anticoncepcion, prevencionde its y de cancer de cuello uterino",aqv femenino,2005-05-01,3,3
VILLAZON,"anticoncepcion, prevencionde its y de cancer de cuello uterino",aqv femenino,2005-05-01,3,3
WARNES,"anticoncepcion, prevencionde its y de cancer de cuello uterino",aqv femenino,2005-05-01,4,4
YACUIBA,"anticoncepcion, prevencionde its y de cancer de cuello uterino",aqv femenino,2005-05-01,1,1
ZUDAÑEZ,"anticoncepcion, prevencionde its y de cancer de cuello uterino",aqv femenino,2005-05-01,1,1
ASCENCION DE GUARAYOS,"anticoncepcion, prevencionde its y de cancer de cuello uterino",aqv femenino,2005-06-01,4,4
ATOCHA,"anticoncepcion, prevencionde its y de cancer de cuello uterino",aqv femenino,2005-06-01,1,1
BAURES,"anticoncepcion, prevencionde its y de cancer de cuello uterino",aqv femenino,2005-06-01,1,1
BERMEJO,"anticoncepcion, prevencionde its y de cancer de cuello uterino",aqv femenino,2005-06-01,1,1
BETANZOS,"anticoncepcion, prevencionde its y de cancer de cuello uterino",aqv femenino,2005-06-01,3,3
CAMARGO,"anticoncepcion, prevencionde its y de cancer de cuello uterino",aqv femenino,2005-06-01,5,5
CAPINOTA,"anticoncepcion, prevencionde its y de cancer de cuello uterino",aqv femenino,2005-06-01,1,1
CHULUMANI (V. DE LA LIBERTAD),"anticoncepcion, prevencionde its y de cancer de cuello uterino",aqv femenino,2005-06-01,1,1
COBIJA,"anticoncepcion, prevencionde its y de cancer de cuello uterino",aqv femenino,2005-06-01,6,6
COCHABAMBA,"anticoncepcion, prevencionde its y de cancer de cuello uterino",aqv femenino,2005-06-01,27,27
COTOCA,"anticoncepcion, prevencionde its y de cancer de cuello uterino",aqv femenino,2005-06-01,10,10
EL ALTO,"anticoncepcion, prevencionde its y de cancer de cuello uterino",aqv femenino,2005-06-01,2,2
EL TORNO,"anticoncepcion, prevencionde its y de cancer de cuello uterino",aqv femenino,2005-06-01,8,8
LA PAZ,"anticoncepcion, prevencionde its y de cancer de cuello uterino",aqv femenino,2005-06-01,6,6
MAGDALENA,"anticoncepcion, prevencionde its y de cancer de cuello uterino",aqv femenino,2005-06-01,1,1
MAIRANA,"anticoncepcion, prevencionde its y de cancer de cuello uterino",aqv femenino,2005-06-01,1,1
MONTEAGUDO,"anticoncepcion, prevencionde its y de cancer de cuello uterino",aqv femenino,2005-06-01,8,8
ORURO,"anticoncepcion, prevencionde its y de cancer de cuello uterino",aqv femenino,2005-06-01,4,4
PADILLA,"anticoncepcion, prevencionde its y de cancer de cuello uterino",aqv femenino,2005-06-01,2,2
PORTACHUELO,"anticoncepcion, prevencionde its y de cancer de cuello uterino",aqv femenino,2005-06-01,1,1
POTOSI,"anticoncepcion, prevencionde its y de cancer de cuello uterino",aqv femenino,2005-06-01,3,3
PUERTO SUAREZ,"anticoncepcion, prevencionde its y de cancer de cuello uterino",aqv femenino,2005-06-01,1,1
QUILLACOLLO,"anticoncepcion, prevencionde its y de cancer de cuello uterino",aqv femenino,2005-06-01,6,6
REYES,"anticoncepcion, prevencionde its y de cancer de cuello uterino",aqv femenino,2005-06-01,1,1
ROBORE,"anticoncepcion, prevencionde its y de cancer de cuello uterino",aqv femenino,2005-06-01,2,2
SACABA,"anticoncepcion, prevencionde its y de cancer de cuello uterino",aqv femenino,2005-06-01,3,3
SAMAIPATA,"anticoncepcion, prevencionde its y de cancer de cuello uterino",aqv femenino,2005-06-01,1,1
SAN IGNACIO DE VELASCO,"anticoncepcion, prevencionde its y de cancer de cuello uterino",aqv femenino,2005-06-01,4,4
SAN JUAN DE YAPACANI,"anticoncepcion, prevencionde its y de cancer de cuello uterino",aqv femenino,2005-06-01,1,1
SAN JULIAN,"anticoncepcion, prevencionde its y de cancer de cuello uterino",aqv femenino,2005-06-01,1,1
SAN LUCAS,"anticoncepcion, prevencionde its y de cancer de cuello uterino",aqv femenino,2005-06-01,2,2
SAN MATIAS,"anticoncepcion, prevencionde its y de cancer de cuello uterino",aqv femenino,2005-06-01,3,3
SANTA ANA,"anticoncepcion, prevencionde its y de cancer de cuello uterino",aqv femenino,2005-06-01,2,2
SANTA CRUZ DE LA SIERRA,"anticoncepcion, prevencionde its y de cancer de cuello uterino",aqv femenino,2005-06-01,127,127
SANTA ROSA,"anticoncepcion, prevencionde its y de cancer de cuello uterino",aqv femenino,2005-06-01,2,2
SUCRE,"anticoncepcion, prevencionde its y de cancer de cuello uterino",aqv femenino,2005-06-01,33,33
TARIJA,"anticoncepcion, prevencionde its y de cancer de cuello uterino",aqv femenino,2005-06-01,24,24
VALLEGRANDE,"anticoncepcion, prevencionde its y de cancer de cuello uterino",aqv femenino,2005-06-01,5,5
VILLA MONTES,"anticoncepcion, prevencionde its y de cancer de cuello uterino",aqv femenino,2005-06-01,1,1
VILLA TUNARI,"anticoncepcion, prevencionde its y de cancer de cuello uterino",aqv femenino,2005-06-01,4,4
VILLAZON,"anticoncepcion, prevencionde its y de cancer de cuello uterino",aqv femenino,2005-06-01,4,4
WARNES,"anticoncepcion, prevencionde its y de cancer de cuello uterino",aqv femenino,2005-06-01,1,1
ASCENCION DE GUARAYOS,"anticoncepcion, prevencionde its y de cancer de cuello uterino",aqv femenino,2005-07-01,1,1
AZURDUY,"anticoncepcion, prevencionde its y de cancer de cuello uterino",aqv femenino,2005-07-01,1,1
CAMARGO,"anticoncepcion, prevencionde its y de cancer de cuello uterino",aqv femenino,2005-07-01,3,3
CHARAGUA,"anticoncepcion, prevencionde its y de cancer de cuello uterino",aqv femenino,2005-07-01,3,3
COBIJA,"anticoncepcion, prevencionde its y de cancer de cuello uterino",aqv femenino,2005-07-01,5,5
COCHABAMBA,"anticoncepcion, prevencionde its y de cancer de cuello uterino",aqv femenino,2005-07-01,12,12
COMARAPA,"anticoncepcion, prevencionde its y de cancer de cuello uterino",aqv femenino,2005-07-01,2,2
COTOCA,"anticoncepcion, prevencionde its y de cancer de cuello uterino",aqv femenino,2005-07-01,5,5
CULPINA,"anticoncepcion, prevencionde its y de cancer de cuello uterino",aqv femenino,2005-07-01,1,1
EL ALTO,"anticoncepcion, prevencionde its y de cancer de cuello uterino",aqv femenino,2005-07-01,1,1
EL TORNO,"anticoncepcion, prevencionde its y de cancer de cuello uterino",aqv femenino,2005-07-01,7,7
HUANUNI,"anticoncepcion, prevencionde its y de cancer de cuello uterino",aqv femenino,2005-07-01,1,1
LA PAZ,"anticoncepcion, prevencionde its y de cancer de cuello uterino",aqv femenino,2005-07-01,5,5
MAGDALENA,"anticoncepcion, prevencionde its y de cancer de cuello uterino",aqv femenino,2005-07-01,2,2
MAIRANA,"anticoncepcion, prevencionde its y de cancer de cuello uterino",aqv femenino,2005-07-01,6,6
MONTEAGUDO,"anticoncepcion, prevencionde its y de cancer de cuello uterino",aqv femenino,2005-07-01,5,5
ORURO,"anticoncepcion, prevencionde its y de cancer de cuello uterino",aqv femenino,2005-07-01,6,6
PADILLA,"anticoncepcion, prevencionde its y de cancer de cuello uterino",aqv femenino,2005-07-01,3,3
PATACAMAYA,"anticoncepcion, prevencionde its y de cancer de cuello uterino",aqv femenino,2005-07-01,1,1
PORTACHUELO,"anticoncepcion, prevencionde its y de cancer de cuello uterino",aqv femenino,2005-07-01,1,1
POTOSI,"anticoncepcion, prevencionde its y de cancer de cuello uterino",aqv femenino,2005-07-01,2,2
PUERTO QUIJARRO,"anticoncepcion, prevencionde its y de cancer de cuello uterino",aqv femenino,2005-07-01,2,2
PUERTO SUAREZ,"anticoncepcion, prevencionde its y de cancer de cuello uterino",aqv femenino,2005-07-01,3,3
QUILLACOLLO,"anticoncepcion, prevencionde its y de cancer de cuello uterino",aqv femenino,2005-07-01,5,5
ROBORE,"anticoncepcion, prevencionde its y de cancer de cuello uterino",aqv femenino,2005-07-01,2,2
SACABA,"anticoncepcion, prevencionde its y de cancer de cuello uterino",aqv femenino,2005-07-01,1,1
SAN BUENA VENTURA,"anticoncepcion, prevencionde its y de cancer de cuello uterino",aqv femenino,2005-07-01,1,1
SAN IGNACIO,"anticoncepcion, prevencionde its y de cancer de cuello uterino",aqv femenino,2005-07-01,1,1
SAN IGNACIO DE VELASCO,"anticoncepcion, prevencionde its y de cancer de cuello uterino",aqv femenino,2005-07-01,5,5
SAN JUAN DE YAPACANI,"anticoncepcion, prevencionde its y de cancer de cuello uterino",aqv femenino,2005-07-01,1,1
SAN JULIAN,"anticoncepcion, prevencionde its y de cancer de cuello uterino",aqv femenino,2005-07-01,4,4
SAN LUCAS,"anticoncepcion, prevencionde its y de cancer de cuello uterino",aqv femenino,2005-07-01,5,5
SAN MATIAS,"anticoncepcion, prevencionde its y de cancer de cuello uterino",aqv femenino,2005-07-01,1,1
SANTA ANA,"anticoncepcion, prevencionde its y de cancer de cuello uterino",aqv femenino,2005-07-01,4,4
SANTA CRUZ DE LA SIERRA,"anticoncepcion, prevencionde its y de cancer de cuello uterino",aqv femenino,2005-07-01,61,61
SUCRE,"anticoncepcion, prevencionde its y de cancer de cuello uterino",aqv femenino,2005-07-01,32,32
TARIJA,"anticoncepcion, prevencionde its y de cancer de cuello uterino",aqv femenino,2005-07-01,21,21
TRINIDAD,"anticoncepcion, prevencionde its y de cancer de cuello uterino",aqv femenino,2005-07-01,12,12
VALLEGRANDE,"anticoncepcion, prevencionde its y de cancer de cuello uterino",aqv femenino,2005-07-01,6,6
VILLA TUNARI,"anticoncepcion, prevencionde its y de cancer de cuello uterino",aqv femenino,2005-07-01,3,3
VILLAZON,"anticoncepcion, prevencionde its y de cancer de cuello uterino",aqv femenino,2005-07-01,3,3
WARNES,"anticoncepcion, prevencionde its y de cancer de cuello uterino",aqv femenino,2005-07-01,2,2
ASCENCION DE GUARAYOS,"anticoncepcion, prevencionde its y de cancer de cuello uterino",aqv femenino,2005-08-01,2,2
BERMEJO,"anticoncepcion, prevencionde its y de cancer de cuello uterino",aqv femenino,2005-08-01,2,2
CAMARGO,"anticoncepcion, prevencionde its y de cancer de cuello uterino",aqv femenino,2005-08-01,6,6
CAPINOTA,"anticoncepcion, prevencionde its y de cancer de cuello uterino",aqv femenino,2005-08-01,1,1
CARANAVI,"anticoncepcion, prevencionde its y de cancer de cuello uterino",aqv femenino,2005-08-01,1,1
CHARAGUA,"anticoncepcion, prevencionde its y de cancer de cuello uterino",aqv femenino,2005-08-01,5,5
COBIJA,"anticoncepcion, prevencionde its y de cancer de cuello uterino",aqv femenino,2005-08-01,9,9
COCHABAMBA,"anticoncepcion, prevencionde its y de cancer de cuello uterino",aqv femenino,2005-08-01,14,14
COPACABANA,"anticoncepcion, prevencionde its y de cancer de cuello uterino",aqv femenino,2005-08-01,1,1
COTOCA,"anticoncepcion, prevencionde its y de cancer de cuello uterino",aqv femenino,2005-08-01,4,4
CULPINA,"anticoncepcion, prevencionde its y de cancer de cuello uterino",aqv femenino,2005-08-01,3,3
EL TORNO,"anticoncepcion, prevencionde its y de cancer de cuello uterino",aqv femenino,2005-08-01,15,15
LA PAZ,"anticoncepcion, prevencionde its y de cancer de cuello uterino",aqv femenino,2005-08-01,8,8
MAGDALENA,"anticoncepcion, prevencionde its y de cancer de cuello uterino",aqv femenino,2005-08-01,1,1
MAIRANA,"anticoncepcion, prevencionde its y de cancer de cuello uterino",aqv femenino,2005-08-01,5,5
MONTEAGUDO,"anticoncepcion, prevencionde its y de cancer de cuello uterino",aqv femenino,2005-08-01,3,3
MONTERO,"anticoncepcion, prevencionde its y de cancer de cuello uterino",aqv femenino,2005-08-01,4,4
ORURO,"anticoncepcion, prevencionde its y de cancer de cuello uterino",aqv femenino,2005-08-01,2,2
PADILLA,"anticoncepcion, prevencionde its y de cancer de cuello uterino",aqv femenino,2005-08-01,8,8
PORTACHUELO,"anticoncepcion, prevencionde its y de cancer de cuello uterino",aqv femenino,2005-08-01,2,2
POTOSI,"anticoncepcion, prevencionde its y de cancer de cuello uterino",aqv femenino,2005-08-01,3,3
PUERTO SUAREZ,"anticoncepcion, prevencionde its y de cancer de cuello uterino",aqv femenino,2005-08-01,4,4
PUNATA,"anticoncepcion, prevencionde its y de cancer de cuello uterino",aqv femenino,2005-08-01,1,1
QUILLACOLLO,"anticoncepcion, prevencionde its y de cancer de cuello uterino",aqv femenino,2005-08-01,2,2
SACABA,"anticoncepcion, prevencionde its y de cancer de cuello uterino",aqv femenino,2005-08-01,4,4
SAMAIPATA,"anticoncepcion, prevencionde its y de cancer de cuello uterino",aqv femenino,2005-08-01,1,1
SAN BORJA,"anticoncepcion, prevencionde its y de cancer de cuello uterino",aqv femenino,2005-08-01,2,2
SAN BUENA VENTURA,"anticoncepcion, prevencionde its y de cancer de cuello uterino",aqv femenino,2005-08-01,1,1
SAN IGNACIO DE VELASCO,"anticoncepcion, prevencionde its y de cancer de cuello uterino",aqv femenino,2005-08-01,3,3
SAN JUAN DE YAPACANI,"anticoncepcion, prevencionde its y de cancer de cuello uterino",aqv femenino,2005-08-01,1,1
SAN JULIAN,"anticoncepcion, prevencionde its y de cancer de cuello uterino",aqv femenino,2005-08-01,4,4
SAN LUCAS,"anticoncepcion, prevencionde its y de cancer de cuello uterino",aqv femenino,2005-08-01,3,3
SAN MATIAS,"anticoncepcion, prevencionde its y de cancer de cuello uterino",aqv femenino,2005-08-01,4,4
SAN RAMON,"anticoncepcion, prevencionde its y de cancer de cuello uterino",aqv femenino,2005-08-01,1,1
SANTA ANA,"anticoncepcion, prevencionde its y de cancer de cuello uterino",aqv femenino,2005-08-01,1,1
SANTA CRUZ DE LA SIERRA,"anticoncepcion, prevencionde its y de cancer de cuello uterino",aqv femenino,2005-08-01,160,160
SIPE SIPE,"anticoncepcion, prevencionde its y de cancer de cuello uterino",aqv femenino,2005-08-01,1,1
SOPACHUY,"anticoncepcion, prevencionde its y de cancer de cuello uterino",aqv femenino,2005-08-01,1,1
SUCRE,"anticoncepcion, prevencionde its y de cancer de cuello uterino",aqv femenino,2005-08-01,51,51
TRINIDAD,"anticoncepcion, prevencionde its y de cancer de cuello uterino",aqv femenino,2005-08-01,18,18
VALLEGRANDE,"anticoncepcion, prevencionde its y de cancer de cuello uterino",aqv femenino,2005-08-01,8,8
VILLA MONTES,"anticoncepcion, prevencionde its y de cancer de cuello uterino",aqv femenino,2005-08-01,2,2
VILLA TUNARI,"anticoncepcion, prevencionde its y de cancer de cuello uterino",aqv femenino,2005-08-01,5,5
VILLAZON,"anticoncepcion, prevencionde its y de cancer de cuello uterino",aqv femenino,2005-08-01,5,5
WARNES,"anticoncepcion, prevencionde its y de cancer de cuello uterino",aqv femenino,2005-08-01,8,8
ZUDAÑEZ,"anticoncepcion, prevencionde its y de cancer de cuello uterino",aqv femenino,2005-08-01,1,1
ASCENCION DE GUARAYOS,"anticoncepcion, prevencionde its y de cancer de cuello uterino",aqv femenino,2005-09-01,2,2
CAMARGO,"anticoncepcion, prevencionde its y de cancer de cuello uterino",aqv femenino,2005-09-01,6,6
CAPINOTA,"anticoncepcion, prevencionde its y de cancer de cuello uterino",aqv femenino,2005-09-01,3,3
CARANAVI,"anticoncepcion, prevencionde its y de cancer de cuello uterino",aqv femenino,2005-09-01,3,3
CHARAGUA,"anticoncepcion, prevencionde its y de cancer de cuello uterino",aqv femenino,2005-09-01,5,5
COBIJA,"anticoncepcion, prevencionde its y de cancer de cuello uterino",aqv femenino,2005-09-01,6,6
COCHABAMBA,"anticoncepcion, prevencionde its y de cancer de cuello uterino",aqv femenino,2005-09-01,11,11
COMARAPA,"anticoncepcion, prevencionde its y de cancer de cuello uterino",aqv femenino,2005-09-01,1,1
CONCEPCION,"anticoncepcion, prevencionde its y de cancer de cuello uterino",aqv femenino,2005-09-01,1,1
COTOCA,"anticoncepcion, prevencionde its y de cancer de cuello uterino",aqv femenino,2005-09-01,6,6
CULPINA,"anticoncepcion, prevencionde its y de cancer de cuello uterino",aqv femenino,2005-09-01,2,2
EL TORNO,"anticoncepcion, prevencionde its y de cancer de cuello uterino",aqv femenino,2005-09-01,7,7
GUAYARAMERIN,"anticoncepcion, prevencionde its y de cancer de cuello uterino",aqv femenino,2005-09-01,7,7
LA PAZ,"anticoncepcion, prevencionde its y de cancer de cuello uterino",aqv femenino,2005-09-01,9,9
MAGDALENA,"anticoncepcion, prevencionde its y de cancer de cuello uterino",aqv femenino,2005-09-01,1,1
MONTEAGUDO,"anticoncepcion, prevencionde its y de cancer de cuello uterino",aqv femenino,2005-09-01,3,3
MONTERO,"anticoncepcion, prevencionde its y de cancer de cuello uterino",aqv femenino,2005-09-01,9,9
ORURO,"anticoncepcion, prevencionde its y de cancer de cuello uterino",aqv femenino,2005-09-01,7,7
PADILLA,"anticoncepcion, prevencionde its y de cancer de cuello uterino",aqv femenino,2005-09-01,7,7
PORTACHUELO,"anticoncepcion, prevencionde its y de cancer de cuello uterino",aqv femenino,2005-09-01,3,3
POTOSI,"anticoncepcion, prevencionde its y de cancer de cuello uterino",aqv femenino,2005-09-01,6,6
PUERTO SILES,"anticoncepcion, prevencionde its y de cancer de cuello uterino",aqv femenino,2005-09-01,1,1
PUERTO SUAREZ,"anticoncepcion, prevencionde its y de cancer de cuello uterino",aqv femenino,2005-09-01,2,2
QUILLACOLLO,"anticoncepcion, prevencionde its y de cancer de cuello uterino",aqv femenino,2005-09-01,1,1
ROBORE,"anticoncepcion, prevencionde its y de cancer de cuello uterino",aqv femenino,2005-09-01,1,1
SACABA,"anticoncepcion, prevencionde its y de cancer de cuello uterino",aqv femenino,2005-09-01,3,3
SAMAIPATA,"anticoncepcion, prevencionde its y de cancer de cuello uterino",aqv femenino,2005-09-01,2,2
SAN IGNACIO DE VELASCO,"anticoncepcion, prevencionde its y de cancer de cuello uterino",aqv femenino,2005-09-01,4,4
SAN JOSE DE CHIQUITOS,"anticoncepcion, prevencionde its y de cancer de cuello uterino",aqv femenino,2005-09-01,1,1
SAN JULIAN,"anticoncepcion, prevencionde its y de cancer de cuello uterino",aqv femenino,2005-09-01,3,3
SAN MATIAS,"anticoncepcion, prevencionde its y de cancer de cuello uterino",aqv femenino,2005-09-01,3,3
SAN RAMON,"anticoncepcion, prevencionde its y de cancer de cuello uterino",aqv femenino,2005-09-01,1,1
SANTA ANA,"anticoncepcion, prevencionde its y de cancer de cuello uterino",aqv femenino,2005-09-01,5,5
SANTA CRUZ DE LA SIERRA,"anticoncepcion, prevencionde its y de cancer de cuello uterino",aqv femenino,2005-09-01,136,136
SIPE SIPE,"anticoncepcion, prevencionde its y de cancer de cuello uterino",aqv femenino,2005-09-01,1,1
SOPACHUY,"anticoncepcion, prevencionde its y de cancer de cuello uterino",aqv femenino,2005-09-01,1,1
SUCRE,"anticoncepcion, prevencionde its y de cancer de cuello uterino",aqv femenino,2005-09-01,35,35
TARIJA,"anticoncepcion, prevencionde its y de cancer de cuello uterino",aqv femenino,2005-09-01,1,1
TIQUIPAYA,"anticoncepcion, prevencionde its y de cancer de cuello uterino",aqv femenino,2005-09-01,5,5
TOTORA(CBBA),"anticoncepcion, prevencionde its y de cancer de cuello uterino",aqv femenino,2005-09-01,3,3
TRINIDAD,"anticoncepcion, prevencionde its y de cancer de cuello uterino",aqv femenino,2005-09-01,7,7
VALLEGRANDE,"anticoncepcion, prevencionde its y de cancer de cuello uterino",aqv femenino,2005-09-01,5,5
VILLAZON,"anticoncepcion, prevencionde its y de cancer de cuello uterino",aqv femenino,2005-09-01,3,3
WARNES,"anticoncepcion, prevencionde its y de cancer de cuello uterino",aqv femenino,2005-09-01,4,4
ZUDAÑEZ,"anticoncepcion, prevencionde its y de cancer de cuello uterino",aqv femenino,2005-09-01,1,1
BETANZOS,"anticoncepcion, prevencionde its y de cancer de cuello uterino",aqv femenino,2005-10-01,1,1
CAMARGO,"anticoncepcion, prevencionde its y de cancer de cuello uterino",aqv femenino,2005-10-01,5,5
CAPINOTA,"anticoncepcion, prevencionde its y de cancer de cuello uterino",aqv femenino,2005-10-01,1,1
CHARAGUA,"anticoncepcion, prevencionde its y de cancer de cuello uterino",aqv femenino,2005-10-01,1,1
COBIJA,"anticoncepcion, prevencionde its y de cancer de cuello uterino",aqv femenino,2005-10-01,3,3
COCHABAMBA,"anticoncepcion, prevencionde its y de cancer de cuello uterino",aqv femenino,2005-10-01,14,14
COMARAPA,"anticoncepcion, prevencionde its y de cancer de cuello uterino",aqv femenino,2005-10-01,1,1
COPACABANA,"anticoncepcion, prevencionde its y de cancer de cuello uterino",aqv femenino,2005-10-01,1,1
COTOCA,"anticoncepcion, prevencionde its y de cancer de cuello uterino",aqv femenino,2005-10-01,6,6
CULPINA,"anticoncepcion, prevencionde its y de cancer de cuello uterino",aqv femenino,2005-10-01,5,5
EL TORNO,"anticoncepcion, prevencionde its y de cancer de cuello uterino",aqv femenino,2005-10-01,3,3
GUAYARAMERIN,"anticoncepcion, prevencionde its y de cancer de cuello uterino",aqv femenino,2005-10-01,1,1
LA PAZ,"anticoncepcion, prevencionde its y de cancer de cuello uterino",aqv femenino,2005-10-01,7,7
MAIRANA,"anticoncepcion, prevencionde its y de cancer de cuello uterino",aqv femenino,2005-10-01,4,4
MONTEAGUDO,"anticoncepcion, prevencionde its y de cancer de cuello uterino",aqv femenino,2005-10-01,10,10
MONTERO,"anticoncepcion, prevencionde its y de cancer de cuello uterino",aqv femenino,2005-10-01,8,8
ORURO,"anticoncepcion, prevencionde its y de cancer de cuello uterino",aqv femenino,2005-10-01,9,9
PADILLA,"anticoncepcion, prevencionde its y de cancer de cuello uterino",aqv femenino,2005-10-01,6,6
PORTACHUELO,"anticoncepcion, prevencionde its y de cancer de cuello uterino",aqv femenino,2005-10-01,1,1
POTOSI,"anticoncepcion, prevencionde its y de cancer de cuello uterino",aqv femenino,2005-10-01,4,4
PUNATA,"anticoncepcion, prevencionde its y de cancer de cuello uterino",aqv femenino,2005-10-01,1,1
QUILLACOLLO,"anticoncepcion, prevencionde its y de cancer de cuello uterino",aqv femenino,2005-10-01,2,2
ROBORE,"anticoncepcion, prevencionde its y de cancer de cuello uterino",aqv femenino,2005-10-01,1,1
SACABA,"anticoncepcion, prevencionde its y de cancer de cuello uterino",aqv femenino,2005-10-01,4,4
SAMAIPATA,"anticoncepcion, prevencionde its y de cancer de cuello uterino",aqv femenino,2005-10-01,1,1
SAN BORJA,"anticoncepcion, prevencionde its y de cancer de cuello uterino",aqv femenino,2005-10-01,1,1
SAN IGNACIO DE VELASCO,"anticoncepcion, prevencionde its y de cancer de cuello uterino",aqv femenino,2005-10-01,7,7
SAN JULIAN,"anticoncepcion, prevencionde its y de cancer de cuello uterino",aqv femenino,2005-10-01,5,5
SAN MATIAS,"anticoncepcion, prevencionde its y de cancer de cuello uterino",aqv femenino,2005-10-01,2,2
SAN RAMON,"anticoncepcion, prevencionde its y de cancer de cuello uterino",aqv femenino,2005-10-01,1,1
SANTA ANA,"anticoncepcion, prevencionde its y de cancer de cuello uterino",aqv femenino,2005-10-01,4,4
SANTA CRUZ DE LA SIERRA,"anticoncepcion, prevencionde its y de cancer de cuello uterino",aqv femenino,2005-10-01,168,168
SANTA ROSA,"anticoncepcion, prevencionde its y de cancer de cuello uterino",aqv femenino,2005-10-01,1,1
SIPE SIPE,"anticoncepcion, prevencionde its y de cancer de cuello uterino",aqv femenino,2005-10-01,2,2
SOPACHUY,"anticoncepcion, prevencionde its y de cancer de cuello uterino",aqv femenino,2005-10-01,3,3
SUCRE,"anticoncepcion, prevencionde its y de cancer de cuello uterino",aqv femenino,2005-10-01,35,35
TOTORA(CBBA),"anticoncepcion, prevencionde its y de cancer de cuello uterino",aqv femenino,2005-10-01,3,3
TRINIDAD,"anticoncepcion, prevencionde its y de cancer de cuello uterino",aqv femenino,2005-10-01,1,1
VALLEGRANDE,"anticoncepcion, prevencionde its y de cancer de cuello uterino",aqv femenino,2005-10-01,3,3
VILLA MONTES,"anticoncepcion, prevencionde its y de cancer de cuello uterino",aqv femenino,2005-10-01,1,1
VILLA TUNARI,"anticoncepcion, prevencionde its y de cancer de cuello uterino",aqv femenino,2005-10-01,1,1
VILLAZON,"anticoncepcion, prevencionde its y de cancer de cuello uterino",aqv femenino,2005-10-01,5,5
WARNES,"anticoncepcion, prevencionde its y de cancer de cuello uterino",aqv femenino,2005-10-01,7,7
ZUDAÑEZ,"anticoncepcion, prevencionde its y de cancer de cuello uterino",aqv femenino,2005-10-01,2,2
ATOCHA,"anticoncepcion, prevencionde its y de cancer de cuello uterino",aqv femenino,2005-11-01,2,2
BAURES,"anticoncepcion, prevencionde its y de cancer de cuello uterino",aqv femenino,2005-11-01,1,1
CAMARGO,"anticoncepcion, prevencionde its y de cancer de cuello uterino",aqv femenino,2005-11-01,7,7
CAPINOTA,"anticoncepcion, prevencionde its y de cancer de cuello uterino",aqv femenino,2005-11-01,1,1
CARANAVI,"anticoncepcion, prevencionde its y de cancer de cuello uterino",aqv femenino,2005-11-01,4,4
CHARAGUA,"anticoncepcion, prevencionde its y de cancer de cuello uterino",aqv femenino,2005-11-01,3,3
COBIJA,"anticoncepcion, prevencionde its y de cancer de cuello uterino",aqv femenino,2005-11-01,5,5
COCHABAMBA,"anticoncepcion, prevencionde its y de cancer de cuello uterino",aqv femenino,2005-11-01,14,14
CONCEPCION,"anticoncepcion, prevencionde its y de cancer de cuello uterino",aqv femenino,2005-11-01,3,3
COPACABANA,"anticoncepcion, prevencionde its y de cancer de cuello uterino",aqv femenino,2005-11-01,1,1
COTOCA,"anticoncepcion, prevencionde its y de cancer de cuello uterino",aqv femenino,2005-11-01,5,5
CULPINA,"anticoncepcion, prevencionde its y de cancer de cuello uterino",aqv femenino,2005-11-01,4,4
EL ALTO,"anticoncepcion, prevencionde its y de cancer de cuello uterino",aqv femenino,2005-11-01,2,2
GUAYARAMERIN,"anticoncepcion, prevencionde its y de cancer de cuello uterino",aqv femenino,2005-11-01,2,2
LA PAZ,"anticoncepcion, prevencionde its y de cancer de cuello uterino",aqv femenino,2005-11-01,8,8
MAIRANA,"anticoncepcion, prevencionde its y de cancer de cuello uterino",aqv femenino,2005-11-01,3,3
MONTEAGUDO,"anticoncepcion, prevencionde its y de cancer de cuello uterino",aqv femenino,2005-11-01,3,3
ORURO,"anticoncepcion, prevencionde its y de cancer de cuello uterino",aqv femenino,2005-11-01,12,12
PADILLA,"anticoncepcion, prevencionde its y de cancer de cuello uterino",aqv femenino,2005-11-01,6,6
PORTACHUELO,"anticoncepcion, prevencionde its y de cancer de cuello uterino",aqv femenino,2005-11-01,7,7
POTOSI,"anticoncepcion, prevencionde its y de cancer de cuello uterino",aqv femenino,2005-11-01,4,4
PUERTO SUAREZ,"anticoncepcion, prevencionde its y de cancer de cuello uterino",aqv femenino,2005-11-01,4,4
PUNATA,"anticoncepcion, prevencionde its y de cancer de cuello uterino",aqv femenino,2005-11-01,2,2
ROBORE,"anticoncepcion, prevencionde its y de cancer de cuello uterino",aqv femenino,2005-11-01,2,2
SACABA,"anticoncepcion, prevencionde its y de cancer de cuello uterino",aqv femenino,2005-11-01,10,10
SAMAIPATA,"anticoncepcion, prevencionde its y de cancer de cuello uterino",aqv femenino,2005-11-01,5,5
SAN IGNACIO DE VELASCO,"anticoncepcion, prevencionde its y de cancer de cuello uterino",aqv femenino,2005-11-01,5,5
SAN JUAN DE YAPACANI,"anticoncepcion, prevencionde its y de cancer de cuello uterino",aqv femenino,2005-11-01,1,1
SAN JULIAN,"anticoncepcion, prevencionde its y de cancer de cuello uterino",aqv femenino,2005-11-01,2,2
SAN MATIAS,"anticoncepcion, prevencionde its y de cancer de cuello uterino",aqv femenino,2005-11-01,4,4
SANTA ANA,"anticoncepcion, prevencionde its y de cancer de cuello uterino",aqv femenino,2005-11-01,2,2
SANTA CRUZ DE LA SIERRA,"anticoncepcion, prevencionde its y de cancer de cuello uterino",aqv femenino,2005-11-01,53,53
SIPE SIPE,"anticoncepcion, prevencionde its y de cancer de cuello uterino",aqv femenino,2005-11-01,2,2
SOPACHUY,"anticoncepcion, prevencionde its y de cancer de cuello uterino",aqv femenino,2005-11-01,4,4
SUCRE,"anticoncepcion, prevencionde its y de cancer de cuello uterino",aqv femenino,2005-11-01,37,37
TARIJA,"anticoncepcion, prevencionde its y de cancer de cuello uterino",aqv femenino,2005-11-01,1,1
TRINIDAD,"anticoncepcion, prevencionde its y de cancer de cuello uterino",aqv femenino,2005-11-01,4,4
VALLEGRANDE,"anticoncepcion, prevencionde its y de cancer de cuello uterino",aqv femenino,2005-11-01,1,1
VILLA MONTES,"anticoncepcion, prevencionde its y de cancer de cuello uterino",aqv femenino,2005-11-01,2,2
VILLAZON,"anticoncepcion, prevencionde its y de cancer de cuello uterino",aqv femenino,2005-11-01,2,2
WARNES,"anticoncepcion, prevencionde its y de cancer de cuello uterino",aqv femenino,2005-11-01,4,4
ASCENCION DE GUARAYOS,"anticoncepcion, prevencionde its y de cancer de cuello uterino",aqv femenino,2005-12-01,4,4
BAURES,"anticoncepcion, prevencionde its y de cancer de cuello uterino",aqv femenino,2005-12-01,2,2
CAMARGO,"anticoncepcion, prevencionde its y de cancer de cuello uterino",aqv femenino,2005-12-01,7,7
CHARAGUA,"anticoncepcion, prevencionde its y de cancer de cuello uterino",aqv femenino,2005-12-01,4,4
COBIJA,"anticoncepcion, prevencionde its y de cancer de cuello uterino",aqv femenino,2005-12-01,8,8
COCHABAMBA,"anticoncepcion, prevencionde its y de cancer de cuello uterino",aqv femenino,2005-12-01,25,25
COMARAPA,"anticoncepcion, prevencionde its y de cancer de cuello uterino",aqv femenino,2005-12-01,3,3
CONCEPCION,"anticoncepcion, prevencionde its y de cancer de cuello uterino",aqv femenino,2005-12-01,1,1
COPACABANA,"anticoncepcion, prevencionde its y de cancer de cuello uterino",aqv femenino,2005-12-01,1,1
COTOCA,"anticoncepcion, prevencionde its y de cancer de cuello uterino",aqv femenino,2005-12-01,7,7
CULPINA,"anticoncepcion, prevencionde its y de cancer de cuello uterino",aqv femenino,2005-12-01,3,3
EL ALTO,"anticoncepcion, prevencionde its y de cancer de cuello uterino",aqv femenino,2005-12-01,1,1
EL TORNO,"anticoncepcion, prevencionde its y de cancer de cuello uterino",aqv femenino,2005-12-01,6,6
HUANUNI,"anticoncepcion, prevencionde its y de cancer de cuello uterino",aqv femenino,2005-12-01,1,1
LA PAZ,"anticoncepcion, prevencionde its y de cancer de cuello uterino",aqv femenino,2005-12-01,5,5
MAGDALENA,"anticoncepcion, prevencionde its y de cancer de cuello uterino",aqv femenino,2005-12-01,3,3
MAIRANA,"anticoncepcion, prevencionde its y de cancer de cuello uterino",aqv femenino,2005-12-01,2,2
MONTEAGUDO,"anticoncepcion, prevencionde its y de cancer de cuello uterino",aqv femenino,2005-12-01,6,6
MONTERO,"anticoncepcion, prevencionde its y de cancer de cuello uterino",aqv femenino,2005-12-01,4,4
ORURO,"anticoncepcion, prevencionde its y de cancer de cuello uterino",aqv femenino,2005-12-01,8,8
PADILLA,"anticoncepcion, prevencionde its y de cancer de cuello uterino",aqv femenino,2005-12-01,5,5
POTOSI,"anticoncepcion, prevencionde its y de cancer de cuello uterino",aqv femenino,2005-12-01,4,4
PUERTO SUAREZ,"anticoncepcion, prevencionde its y de cancer de cuello uterino",aqv femenino,2005-12-01,4,4
QUILLACOLLO,"anticoncepcion, prevencionde its y de cancer de cuello uterino",aqv femenino,2005-12-01,1,1
SACABA,"anticoncepcion, prevencionde its y de cancer de cuello uterino",aqv femenino,2005-12-01,1,1
SAN IGNACIO DE VELASCO,"anticoncepcion, prevencionde its y de cancer de cuello uterino",aqv femenino,2005-12-01,1,1
SAN LUCAS,"anticoncepcion, prevencionde its y de cancer de cuello uterino",aqv femenino,2005-12-01,1,1
SAN MATIAS,"anticoncepcion, prevencionde its y de cancer de cuello uterino",aqv femenino,2005-12-01,1,1
SANTA ANA,"anticoncepcion, prevencionde its y de cancer de cuello uterino",aqv femenino,2005-12-01,3,3
SANTA CRUZ DE LA SIERRA,"anticoncepcion, prevencionde its y de cancer de cuello uterino",aqv femenino,2005-12-01,211,211
SANTA ROSA,"anticoncepcion, prevencionde its y de cancer de cuello uterino",aqv femenino,2005-12-01,1,1
SIPE SIPE,"anticoncepcion, prevencionde its y de cancer de cuello uterino",aqv femenino,2005-12-01,1,1
SOPACHUY,"anticoncepcion, prevencionde its y de cancer de cuello uterino",aqv femenino,2005-12-01,1,1
SUCRE,"anticoncepcion, prevencionde its y de cancer de cuello uterino",aqv femenino,2005-12-01,27,27
TARIJA,"anticoncepcion, prevencionde its y de cancer de cuello uterino",aqv femenino,2005-12-01,4,4
TIQUIPAYA,"anticoncepcion, prevencionde its y de cancer de cuello uterino",aqv femenino,2005-12-01,4,4
TOTORA(CBBA),"anticoncepcion, prevencionde its y de cancer de cuello uterino",aqv femenino,2005-12-01,1,1
VALLEGRANDE,"anticoncepcion, prevencionde its y de cancer de cuello uterino",aqv femenino,2005-12-01,3,3
VILLA MONTES,"anticoncepcion, prevencionde its y de cancer de cuello uterino",aqv femenino,2005-12-01,2,2
VILLA TUNARI,"anticoncepcion, prevencionde its y de cancer de cuello uterino",aqv femenino,2005-12-01,1,1
WARNES,"anticoncepcion, prevencionde its y de cancer de cuello uterino",aqv femenino,2005-12-01,2,2
YACUIBA,"anticoncepcion, prevencionde its y de cancer de cuello uterino",aqv femenino,2005-12-01,1,1
