,group,variable,month,N° DE TBP BAAR (+) NUEVOS CANTIDAD,N° DE TBP BAAR (+) NUEVOS CANTIDAD,TOTALES
,,,,MASCULINO,FEMENINO,TOTAL
municipality,,,,,,
ACHACACHI,tuberculosis y lepra,n de tbp baar (+) nuevos,2016-01-01,2,0,2
AIQUILE,tuberculosis y lepra,n de tbp baar (+) nuevos,2016-01-01,1,0,1
ALTO BENI,tuberculosis y lepra,n de tbp baar (+) nuevos,2016-01-01,1,1,2
APOLO,tuberculosis y lepra,n de tbp baar (+) nuevos,2016-01-01,1,0,1
ARBIETO,tuberculosis y lepra,n de tbp baar (+) nuevos,2016-01-01,0,1,1
ASCENCION DE GUARAYOS,tuberculosis y lepra,n de tbp baar (+) nuevos,2016-01-01,0,1,1
ATOCHA,tuberculosis y lepra,n de tbp baar (+) nuevos,2016-01-01,0,1,1
AZURDUY,tuberculosis y lepra,n de tbp baar (+) nuevos,2016-01-01,1,0,1
BERMEJO,tuberculosis y lepra,n de tbp baar (+) nuevos,2016-01-01,0,2,2
BETANZOS,tuberculosis y lepra,n de tbp baar (+) nuevos,2016-01-01,0,1,1
CAJUATA,tuberculosis y lepra,n de tbp baar (+) nuevos,2016-01-01,1,0,1
CAMIRI,tuberculosis y lepra,n de tbp baar (+) nuevos,2016-01-01,3,0,3
CARANAVI,tuberculosis y lepra,n de tbp baar (+) nuevos,2016-01-01,3,5,8
CHARAGUA,tuberculosis y lepra,n de tbp baar (+) nuevos,2016-01-01,1,0,1
CHIMORE,tuberculosis y lepra,n de tbp baar (+) nuevos,2016-01-01,2,0,2
CHULUMANI (V. DE LA LIBERTAD),tuberculosis y lepra,n de tbp baar (+) nuevos,2016-01-01,2,0,2
CHUQUIHUTA AYLLU JUCUMANI,tuberculosis y lepra,n de tbp baar (+) nuevos,2016-01-01,1,0,1
CLIZA,tuberculosis y lepra,n de tbp baar (+) nuevos,2016-01-01,1,0,1
COBIJA,tuberculosis y lepra,n de tbp baar (+) nuevos,2016-01-01,3,1,4
COCHABAMBA,tuberculosis y lepra,n de tbp baar (+) nuevos,2016-01-01,9,6,15
COLCAPIRHUA,tuberculosis y lepra,n de tbp baar (+) nuevos,2016-01-01,1,2,3
COLPA BELGICA,tuberculosis y lepra,n de tbp baar (+) nuevos,2016-01-01,0,1,1
COMARAPA,tuberculosis y lepra,n de tbp baar (+) nuevos,2016-01-01,2,0,2
CONCEPCION,tuberculosis y lepra,n de tbp baar (+) nuevos,2016-01-01,0,1,1
CORIPATA,tuberculosis y lepra,n de tbp baar (+) nuevos,2016-01-01,2,0,2
COTOCA,tuberculosis y lepra,n de tbp baar (+) nuevos,2016-01-01,2,2,4
CUATRO CAÑADAS,tuberculosis y lepra,n de tbp baar (+) nuevos,2016-01-01,2,0,2
EL ALTO,tuberculosis y lepra,n de tbp baar (+) nuevos,2016-01-01,14,9,23
EL TORNO,tuberculosis y lepra,n de tbp baar (+) nuevos,2016-01-01,2,1,3
ENTRE RIOS TRJ,tuberculosis y lepra,n de tbp baar (+) nuevos,2016-01-01,1,0,1
ENTRE RIOS CBBA,tuberculosis y lepra,n de tbp baar (+) nuevos,2016-01-01,1,2,3
EUCALIPTUS,tuberculosis y lepra,n de tbp baar (+) nuevos,2016-01-01,0,1,1
FERNANDEZ ALONSO,tuberculosis y lepra,n de tbp baar (+) nuevos,2016-01-01,1,0,1
FILADELFIA,tuberculosis y lepra,n de tbp baar (+) nuevos,2016-01-01,1,0,1
GUANAY,tuberculosis y lepra,n de tbp baar (+) nuevos,2016-01-01,2,0,2
GUAYARAMERIN,tuberculosis y lepra,n de tbp baar (+) nuevos,2016-01-01,1,0,1
GUTIERREZ,tuberculosis y lepra,n de tbp baar (+) nuevos,2016-01-01,1,0,1
INQUISIVI,tuberculosis y lepra,n de tbp baar (+) nuevos,2016-01-01,0,1,1
IRUPANA (VILLA DE LANZA),tuberculosis y lepra,n de tbp baar (+) nuevos,2016-01-01,2,1,3
LA GUARDIA,tuberculosis y lepra,n de tbp baar (+) nuevos,2016-01-01,2,4,6
LA PAZ,tuberculosis y lepra,n de tbp baar (+) nuevos,2016-01-01,22,11,33
LLALLAGUA,tuberculosis y lepra,n de tbp baar (+) nuevos,2016-01-01,3,0,3
MAPIRI,tuberculosis y lepra,n de tbp baar (+) nuevos,2016-01-01,1,1,2
MINEROS,tuberculosis y lepra,n de tbp baar (+) nuevos,2016-01-01,1,0,1
MONTEAGUDO,tuberculosis y lepra,n de tbp baar (+) nuevos,2016-01-01,1,1,2
MONTERO,tuberculosis y lepra,n de tbp baar (+) nuevos,2016-01-01,10,4,14
ORURO,tuberculosis y lepra,n de tbp baar (+) nuevos,2016-01-01,1,0,1
PAILON,tuberculosis y lepra,n de tbp baar (+) nuevos,2016-01-01,0,3,3
PALOS BLANCOS,tuberculosis y lepra,n de tbp baar (+) nuevos,2016-01-01,0,1,1
PATACAMAYA,tuberculosis y lepra,n de tbp baar (+) nuevos,2016-01-01,1,0,1
POCONA,tuberculosis y lepra,n de tbp baar (+) nuevos,2016-01-01,0,1,1
POJO (CBBA),tuberculosis y lepra,n de tbp baar (+) nuevos,2016-01-01,1,0,1
POTOSI,tuberculosis y lepra,n de tbp baar (+) nuevos,2016-01-01,1,2,3
PUERTO QUIJARRO,tuberculosis y lepra,n de tbp baar (+) nuevos,2016-01-01,1,0,1
PUERTO SUAREZ,tuberculosis y lepra,n de tbp baar (+) nuevos,2016-01-01,1,0,1
PUERTO VILLARROEL,tuberculosis y lepra,n de tbp baar (+) nuevos,2016-01-01,1,0,1
PUNA,tuberculosis y lepra,n de tbp baar (+) nuevos,2016-01-01,1,0,1
PUNATA,tuberculosis y lepra,n de tbp baar (+) nuevos,2016-01-01,0,1,1
QUIABAYA,tuberculosis y lepra,n de tbp baar (+) nuevos,2016-01-01,1,0,1
QUILLACOLLO,tuberculosis y lepra,n de tbp baar (+) nuevos,2016-01-01,2,0,2
RIBERALTA,tuberculosis y lepra,n de tbp baar (+) nuevos,2016-01-01,2,2,4
ROBORE,tuberculosis y lepra,n de tbp baar (+) nuevos,2016-01-01,1,0,1
RURRENABAQUE,tuberculosis y lepra,n de tbp baar (+) nuevos,2016-01-01,1,0,1
SACABA,tuberculosis y lepra,n de tbp baar (+) nuevos,2016-01-01,1,0,1
SAN BORJA,tuberculosis y lepra,n de tbp baar (+) nuevos,2016-01-01,3,2,5
SAN CARLOS,tuberculosis y lepra,n de tbp baar (+) nuevos,2016-01-01,3,0,3
SAN IGNACIO DE VELASCO,tuberculosis y lepra,n de tbp baar (+) nuevos,2016-01-01,1,0,1
SAN JULIAN,tuberculosis y lepra,n de tbp baar (+) nuevos,2016-01-01,3,3,6
SAN LUCAS,tuberculosis y lepra,n de tbp baar (+) nuevos,2016-01-01,1,2,3
SAN MATIAS,tuberculosis y lepra,n de tbp baar (+) nuevos,2016-01-01,1,0,1
SAN RAMON SCZ,tuberculosis y lepra,n de tbp baar (+) nuevos,2016-01-01,1,0,1
SANTA CRUZ DE LA SIERRA,tuberculosis y lepra,n de tbp baar (+) nuevos,2016-01-01,73,56,129
SANTA ROSA DEL SARA,tuberculosis y lepra,n de tbp baar (+) nuevos,2016-01-01,1,0,1
SIPE SIPE,tuberculosis y lepra,n de tbp baar (+) nuevos,2016-01-01,1,1,2
SUCRE,tuberculosis y lepra,n de tbp baar (+) nuevos,2016-01-01,4,4,8
TACOBAMBA,tuberculosis y lepra,n de tbp baar (+) nuevos,2016-01-01,1,0,1
TAPACARI,tuberculosis y lepra,n de tbp baar (+) nuevos,2016-01-01,2,0,2
TARIJA,tuberculosis y lepra,n de tbp baar (+) nuevos,2016-01-01,2,1,3
TIAWANACU,tuberculosis y lepra,n de tbp baar (+) nuevos,2016-01-01,0,1,1
TIPUANI,tuberculosis y lepra,n de tbp baar (+) nuevos,2016-01-01,2,1,3
TIQUIPAYA,tuberculosis y lepra,n de tbp baar (+) nuevos,2016-01-01,1,0,1
TOMAVE,tuberculosis y lepra,n de tbp baar (+) nuevos,2016-01-01,1,0,1
TORO TORO,tuberculosis y lepra,n de tbp baar (+) nuevos,2016-01-01,1,0,1
TOTORA(CBBA),tuberculosis y lepra,n de tbp baar (+) nuevos,2016-01-01,1,0,1
TRINIDAD,tuberculosis y lepra,n de tbp baar (+) nuevos,2016-01-01,2,3,5
URUBICHA,tuberculosis y lepra,n de tbp baar (+) nuevos,2016-01-01,0,1,1
UYUNI,tuberculosis y lepra,n de tbp baar (+) nuevos,2016-01-01,0,1,1
VIACHA,tuberculosis y lepra,n de tbp baar (+) nuevos,2016-01-01,2,0,2
VILLA MONTES,tuberculosis y lepra,n de tbp baar (+) nuevos,2016-01-01,2,2,4
VILLAZON,tuberculosis y lepra,n de tbp baar (+) nuevos,2016-01-01,0,2,2
WARNES,tuberculosis y lepra,n de tbp baar (+) nuevos,2016-01-01,6,3,9
YACUIBA,tuberculosis y lepra,n de tbp baar (+) nuevos,2016-01-01,5,3,8
YAMPARAEZ,tuberculosis y lepra,n de tbp baar (+) nuevos,2016-01-01,0,1,1
YANACACHI,tuberculosis y lepra,n de tbp baar (+) nuevos,2016-01-01,1,0,1
YAPACANI,tuberculosis y lepra,n de tbp baar (+) nuevos,2016-01-01,1,4,5
AIQUILE,tuberculosis y lepra,n de tbp baar (+) nuevos,2016-02-01,1,0,1
ALTO BENI,tuberculosis y lepra,n de tbp baar (+) nuevos,2016-02-01,1,1,2
ASCENCION DE GUARAYOS,tuberculosis y lepra,n de tbp baar (+) nuevos,2016-02-01,1,0,1
AUCAPATA,tuberculosis y lepra,n de tbp baar (+) nuevos,2016-02-01,1,1,2
AYOPAYA (V. DE INDEPENDENCIA),tuberculosis y lepra,n de tbp baar (+) nuevos,2016-02-01,1,0,1
BERMEJO,tuberculosis y lepra,n de tbp baar (+) nuevos,2016-02-01,4,1,5
BOYUIBE,tuberculosis y lepra,n de tbp baar (+) nuevos,2016-02-01,1,0,1
CAIROMA,tuberculosis y lepra,n de tbp baar (+) nuevos,2016-02-01,1,0,1
CAJUATA,tuberculosis y lepra,n de tbp baar (+) nuevos,2016-02-01,1,0,1
CALAMARCA,tuberculosis y lepra,n de tbp baar (+) nuevos,2016-02-01,0,1,1
CAPINOTA,tuberculosis y lepra,n de tbp baar (+) nuevos,2016-02-01,0,1,1
CARANAVI,tuberculosis y lepra,n de tbp baar (+) nuevos,2016-02-01,3,2,5
CARAPARI,tuberculosis y lepra,n de tbp baar (+) nuevos,2016-02-01,0,1,1
CARMEN RIVERO TORREZ,tuberculosis y lepra,n de tbp baar (+) nuevos,2016-02-01,1,0,1
CHIMORE,tuberculosis y lepra,n de tbp baar (+) nuevos,2016-02-01,2,0,2
CHULUMANI (V. DE LA LIBERTAD),tuberculosis y lepra,n de tbp baar (+) nuevos,2016-02-01,2,0,2
CHUQUIHUTA AYLLU JUCUMANI,tuberculosis y lepra,n de tbp baar (+) nuevos,2016-02-01,1,0,1
COBIJA,tuberculosis y lepra,n de tbp baar (+) nuevos,2016-02-01,0,2,2
COCHABAMBA,tuberculosis y lepra,n de tbp baar (+) nuevos,2016-02-01,19,11,30
COLOMI,tuberculosis y lepra,n de tbp baar (+) nuevos,2016-02-01,0,1,1
COMARAPA,tuberculosis y lepra,n de tbp baar (+) nuevos,2016-02-01,1,0,1
CORIPATA,tuberculosis y lepra,n de tbp baar (+) nuevos,2016-02-01,2,0,2
COROICO,tuberculosis y lepra,n de tbp baar (+) nuevos,2016-02-01,0,2,2
COTAGAITA,tuberculosis y lepra,n de tbp baar (+) nuevos,2016-02-01,1,1,2
COTOCA,tuberculosis y lepra,n de tbp baar (+) nuevos,2016-02-01,3,4,7
CUATRO CAÑADAS,tuberculosis y lepra,n de tbp baar (+) nuevos,2016-02-01,0,1,1
CULPINA,tuberculosis y lepra,n de tbp baar (+) nuevos,2016-02-01,0,1,1
EL ALTO,tuberculosis y lepra,n de tbp baar (+) nuevos,2016-02-01,12,4,16
EL TORNO,tuberculosis y lepra,n de tbp baar (+) nuevos,2016-02-01,5,0,5
ENTRE RIOS TRJ,tuberculosis y lepra,n de tbp baar (+) nuevos,2016-02-01,1,0,1
ENTRE RIOS CBBA,tuberculosis y lepra,n de tbp baar (+) nuevos,2016-02-01,0,3,3
GUANAY,tuberculosis y lepra,n de tbp baar (+) nuevos,2016-02-01,1,0,1
GUAYARAMERIN,tuberculosis y lepra,n de tbp baar (+) nuevos,2016-02-01,0,1,1
ICLA,tuberculosis y lepra,n de tbp baar (+) nuevos,2016-02-01,1,0,1
IRUPANA (VILLA DE LANZA),tuberculosis y lepra,n de tbp baar (+) nuevos,2016-02-01,1,0,1
LA ASUNTA,tuberculosis y lepra,n de tbp baar (+) nuevos,2016-02-01,3,1,4
LA GUARDIA,tuberculosis y lepra,n de tbp baar (+) nuevos,2016-02-01,6,4,10
LA PAZ,tuberculosis y lepra,n de tbp baar (+) nuevos,2016-02-01,20,14,34
LICOMA PAMPA,tuberculosis y lepra,n de tbp baar (+) nuevos,2016-02-01,1,0,1
LLALLAGUA,tuberculosis y lepra,n de tbp baar (+) nuevos,2016-02-01,0,2,2
MAPIRI,tuberculosis y lepra,n de tbp baar (+) nuevos,2016-02-01,1,0,1
MINEROS,tuberculosis y lepra,n de tbp baar (+) nuevos,2016-02-01,2,0,2
MIZQUE,tuberculosis y lepra,n de tbp baar (+) nuevos,2016-02-01,1,2,3
MOCOMOCO,tuberculosis y lepra,n de tbp baar (+) nuevos,2016-02-01,1,0,1
MONTEAGUDO,tuberculosis y lepra,n de tbp baar (+) nuevos,2016-02-01,1,0,1
MONTERO,tuberculosis y lepra,n de tbp baar (+) nuevos,2016-02-01,8,5,13
OKINAWA,tuberculosis y lepra,n de tbp baar (+) nuevos,2016-02-01,2,0,2
ORURO,tuberculosis y lepra,n de tbp baar (+) nuevos,2016-02-01,3,0,3
PAILON,tuberculosis y lepra,n de tbp baar (+) nuevos,2016-02-01,1,1,2
PALCA,tuberculosis y lepra,n de tbp baar (+) nuevos,2016-02-01,1,0,1
PALOS BLANCOS,tuberculosis y lepra,n de tbp baar (+) nuevos,2016-02-01,5,5,10
PATACAMAYA,tuberculosis y lepra,n de tbp baar (+) nuevos,2016-02-01,1,0,1
PORONGO,tuberculosis y lepra,n de tbp baar (+) nuevos,2016-02-01,0,1,1
POTOSI,tuberculosis y lepra,n de tbp baar (+) nuevos,2016-02-01,8,0,8
PUERTO QUIJARRO,tuberculosis y lepra,n de tbp baar (+) nuevos,2016-02-01,1,1,2
PUERTO SUAREZ,tuberculosis y lepra,n de tbp baar (+) nuevos,2016-02-01,1,1,2
PUERTO VILLARROEL,tuberculosis y lepra,n de tbp baar (+) nuevos,2016-02-01,6,1,7
QUIABAYA,tuberculosis y lepra,n de tbp baar (+) nuevos,2016-02-01,1,0,1
QUILLACOLLO,tuberculosis y lepra,n de tbp baar (+) nuevos,2016-02-01,2,2,4
RAVELO,tuberculosis y lepra,n de tbp baar (+) nuevos,2016-02-01,1,0,1
RIBERALTA,tuberculosis y lepra,n de tbp baar (+) nuevos,2016-02-01,2,2,4
ROBORE,tuberculosis y lepra,n de tbp baar (+) nuevos,2016-02-01,1,0,1
SACABA,tuberculosis y lepra,n de tbp baar (+) nuevos,2016-02-01,3,2,5
SAIPINA,tuberculosis y lepra,n de tbp baar (+) nuevos,2016-02-01,1,0,1
SAN ANTONIO DE LOMERIO,tuberculosis y lepra,n de tbp baar (+) nuevos,2016-02-01,1,0,1
SAN BORJA,tuberculosis y lepra,n de tbp baar (+) nuevos,2016-02-01,0,2,2
SAN CARLOS,tuberculosis y lepra,n de tbp baar (+) nuevos,2016-02-01,0,3,3
SAN IGNACIO DE VELASCO,tuberculosis y lepra,n de tbp baar (+) nuevos,2016-02-01,2,1,3
SAN JAVIER(STC),tuberculosis y lepra,n de tbp baar (+) nuevos,2016-02-01,1,0,1
SAN JOSE DE CHIQUITOS,tuberculosis y lepra,n de tbp baar (+) nuevos,2016-02-01,1,0,1
SAN JULIAN,tuberculosis y lepra,n de tbp baar (+) nuevos,2016-02-01,5,5,10
SAN LORENZO(TJA),tuberculosis y lepra,n de tbp baar (+) nuevos,2016-02-01,1,1,2
SAN LUCAS,tuberculosis y lepra,n de tbp baar (+) nuevos,2016-02-01,3,0,3
SAN MATIAS,tuberculosis y lepra,n de tbp baar (+) nuevos,2016-02-01,0,1,1
SAN PEDRO,tuberculosis y lepra,n de tbp baar (+) nuevos,2016-02-01,1,1,2
SAN PEDRO DE BUENA VISTA,tuberculosis y lepra,n de tbp baar (+) nuevos,2016-02-01,1,0,1
SAN RAMON BENI,tuberculosis y lepra,n de tbp baar (+) nuevos,2016-02-01,1,0,1
SAN RAMON SCZ,tuberculosis y lepra,n de tbp baar (+) nuevos,2016-02-01,0,1,1
SANTA CRUZ DE LA SIERRA,tuberculosis y lepra,n de tbp baar (+) nuevos,2016-02-01,74,57,131
SANTA ROSA DEL SARA,tuberculosis y lepra,n de tbp baar (+) nuevos,2016-02-01,0,1,1
SANTIAGO DE HUATA,tuberculosis y lepra,n de tbp baar (+) nuevos,2016-02-01,0,1,1
SANTIVAÑES,tuberculosis y lepra,n de tbp baar (+) nuevos,2016-02-01,1,0,1
SIPE SIPE,tuberculosis y lepra,n de tbp baar (+) nuevos,2016-02-01,2,0,2
SUCRE,tuberculosis y lepra,n de tbp baar (+) nuevos,2016-02-01,4,2,6
TACACOMA,tuberculosis y lepra,n de tbp baar (+) nuevos,2016-02-01,1,0,1
TAPACARI,tuberculosis y lepra,n de tbp baar (+) nuevos,2016-02-01,2,0,2
TARIJA,tuberculosis y lepra,n de tbp baar (+) nuevos,2016-02-01,2,3,5
TIPUANI,tuberculosis y lepra,n de tbp baar (+) nuevos,2016-02-01,1,0,1
TIQUIPAYA,tuberculosis y lepra,n de tbp baar (+) nuevos,2016-02-01,1,3,4
TOCO,tuberculosis y lepra,n de tbp baar (+) nuevos,2016-02-01,0,1,1
TRINIDAD,tuberculosis y lepra,n de tbp baar (+) nuevos,2016-02-01,5,2,7
TUPIZA,tuberculosis y lepra,n de tbp baar (+) nuevos,2016-02-01,1,1,2
UNCIA,tuberculosis y lepra,n de tbp baar (+) nuevos,2016-02-01,1,0,1
VALLEGRANDE,tuberculosis y lepra,n de tbp baar (+) nuevos,2016-02-01,0,1,1
VIACHA,tuberculosis y lepra,n de tbp baar (+) nuevos,2016-02-01,0,1,1
VILLA MONTES,tuberculosis y lepra,n de tbp baar (+) nuevos,2016-02-01,2,1,3
VILLA TUNARI,tuberculosis y lepra,n de tbp baar (+) nuevos,2016-02-01,0,3,3
VILLAZON,tuberculosis y lepra,n de tbp baar (+) nuevos,2016-02-01,0,2,2
VINTO,tuberculosis y lepra,n de tbp baar (+) nuevos,2016-02-01,0,1,1
WARNES,tuberculosis y lepra,n de tbp baar (+) nuevos,2016-02-01,3,2,5
YACUIBA,tuberculosis y lepra,n de tbp baar (+) nuevos,2016-02-01,6,1,7
YAPACANI,tuberculosis y lepra,n de tbp baar (+) nuevos,2016-02-01,4,3,7
YOTALA,tuberculosis y lepra,n de tbp baar (+) nuevos,2016-02-01,1,0,1
ZUDAÑEZ,tuberculosis y lepra,n de tbp baar (+) nuevos,2016-02-01,0,2,2
AIQUILE,tuberculosis y lepra,n de tbp baar (+) nuevos,2016-03-01,2,0,2
ALTO BENI,tuberculosis y lepra,n de tbp baar (+) nuevos,2016-03-01,0,1,1
ANZALDO,tuberculosis y lepra,n de tbp baar (+) nuevos,2016-03-01,1,1,2
ARBIETO,tuberculosis y lepra,n de tbp baar (+) nuevos,2016-03-01,1,0,1
ASCENCION DE GUARAYOS,tuberculosis y lepra,n de tbp baar (+) nuevos,2016-03-01,0,1,1
ATOCHA,tuberculosis y lepra,n de tbp baar (+) nuevos,2016-03-01,1,0,1
AYO AYO,tuberculosis y lepra,n de tbp baar (+) nuevos,2016-03-01,1,0,1
BERMEJO,tuberculosis y lepra,n de tbp baar (+) nuevos,2016-03-01,3,0,3
CABEZAS,tuberculosis y lepra,n de tbp baar (+) nuevos,2016-03-01,2,0,2
CALAMARCA,tuberculosis y lepra,n de tbp baar (+) nuevos,2016-03-01,1,0,1
CAMARGO,tuberculosis y lepra,n de tbp baar (+) nuevos,2016-03-01,0,1,1
CAMIRI,tuberculosis y lepra,n de tbp baar (+) nuevos,2016-03-01,1,0,1
CAPINOTA,tuberculosis y lepra,n de tbp baar (+) nuevos,2016-03-01,0,1,1
CARANAVI,tuberculosis y lepra,n de tbp baar (+) nuevos,2016-03-01,7,4,11
CARAPARI,tuberculosis y lepra,n de tbp baar (+) nuevos,2016-03-01,2,0,2
CHARAGUA,tuberculosis y lepra,n de tbp baar (+) nuevos,2016-03-01,1,1,2
CHAYANTA,tuberculosis y lepra,n de tbp baar (+) nuevos,2016-03-01,1,0,1
CHIMORE,tuberculosis y lepra,n de tbp baar (+) nuevos,2016-03-01,1,1,2
CHULUMANI (V. DE LA LIBERTAD),tuberculosis y lepra,n de tbp baar (+) nuevos,2016-03-01,1,0,1
CHUMA,tuberculosis y lepra,n de tbp baar (+) nuevos,2016-03-01,0,1,1
CLIZA,tuberculosis y lepra,n de tbp baar (+) nuevos,2016-03-01,0,1,1
COBIJA,tuberculosis y lepra,n de tbp baar (+) nuevos,2016-03-01,3,0,3
COCHABAMBA,tuberculosis y lepra,n de tbp baar (+) nuevos,2016-03-01,12,12,24
COLCAPIRHUA,tuberculosis y lepra,n de tbp baar (+) nuevos,2016-03-01,2,0,2
COLQUIRI,tuberculosis y lepra,n de tbp baar (+) nuevos,2016-03-01,1,0,1
COMARAPA,tuberculosis y lepra,n de tbp baar (+) nuevos,2016-03-01,0,1,1
CONCEPCION,tuberculosis y lepra,n de tbp baar (+) nuevos,2016-03-01,0,1,1
CORIPATA,tuberculosis y lepra,n de tbp baar (+) nuevos,2016-03-01,2,2,4
COROICO,tuberculosis y lepra,n de tbp baar (+) nuevos,2016-03-01,1,0,1
COTAGAITA,tuberculosis y lepra,n de tbp baar (+) nuevos,2016-03-01,1,1,2
COTOCA,tuberculosis y lepra,n de tbp baar (+) nuevos,2016-03-01,0,2,2
CUATRO CAÑADAS,tuberculosis y lepra,n de tbp baar (+) nuevos,2016-03-01,2,0,2
DESAGUADERO,tuberculosis y lepra,n de tbp baar (+) nuevos,2016-03-01,1,0,1
EL ALTO,tuberculosis y lepra,n de tbp baar (+) nuevos,2016-03-01,13,7,20
EL TORNO,tuberculosis y lepra,n de tbp baar (+) nuevos,2016-03-01,1,0,1
ENTRE RIOS CBBA,tuberculosis y lepra,n de tbp baar (+) nuevos,2016-03-01,2,1,3
FERNANDEZ ALONSO,tuberculosis y lepra,n de tbp baar (+) nuevos,2016-03-01,0,1,1
GUANAY,tuberculosis y lepra,n de tbp baar (+) nuevos,2016-03-01,1,1,2
GUAYARAMERIN,tuberculosis y lepra,n de tbp baar (+) nuevos,2016-03-01,2,2,4
HUANUNI,tuberculosis y lepra,n de tbp baar (+) nuevos,2016-03-01,3,0,3
LA ASUNTA,tuberculosis y lepra,n de tbp baar (+) nuevos,2016-03-01,4,4,8
LA GUARDIA,tuberculosis y lepra,n de tbp baar (+) nuevos,2016-03-01,3,0,3
LA PAZ,tuberculosis y lepra,n de tbp baar (+) nuevos,2016-03-01,25,21,46
LLALLAGUA,tuberculosis y lepra,n de tbp baar (+) nuevos,2016-03-01,1,0,1
MAIRANA,tuberculosis y lepra,n de tbp baar (+) nuevos,2016-03-01,0,1,1
MECAPACA,tuberculosis y lepra,n de tbp baar (+) nuevos,2016-03-01,0,1,1
MINEROS,tuberculosis y lepra,n de tbp baar (+) nuevos,2016-03-01,3,0,3
MIZQUE,tuberculosis y lepra,n de tbp baar (+) nuevos,2016-03-01,1,0,1
MOJOCOYA,tuberculosis y lepra,n de tbp baar (+) nuevos,2016-03-01,1,0,1
MONTEAGUDO,tuberculosis y lepra,n de tbp baar (+) nuevos,2016-03-01,0,1,1
MONTERO,tuberculosis y lepra,n de tbp baar (+) nuevos,2016-03-01,8,7,15
OMEREQUE,tuberculosis y lepra,n de tbp baar (+) nuevos,2016-03-01,0,1,1
ORURO,tuberculosis y lepra,n de tbp baar (+) nuevos,2016-03-01,2,1,3
PAILON,tuberculosis y lepra,n de tbp baar (+) nuevos,2016-03-01,0,1,1
PALOS BLANCOS,tuberculosis y lepra,n de tbp baar (+) nuevos,2016-03-01,1,1,2
PATACAMAYA,tuberculosis y lepra,n de tbp baar (+) nuevos,2016-03-01,1,1,2
PORTACHUELO,tuberculosis y lepra,n de tbp baar (+) nuevos,2016-03-01,1,0,1
POTOSI,tuberculosis y lepra,n de tbp baar (+) nuevos,2016-03-01,5,0,5
PUCARANI,tuberculosis y lepra,n de tbp baar (+) nuevos,2016-03-01,1,1,2
PUERTO QUIJARRO,tuberculosis y lepra,n de tbp baar (+) nuevos,2016-03-01,2,0,2
PUERTO SUAREZ,tuberculosis y lepra,n de tbp baar (+) nuevos,2016-03-01,1,0,1
PUERTO VILLARROEL,tuberculosis y lepra,n de tbp baar (+) nuevos,2016-03-01,5,3,8
QUIABAYA,tuberculosis y lepra,n de tbp baar (+) nuevos,2016-03-01,0,1,1
QUILLACOLLO,tuberculosis y lepra,n de tbp baar (+) nuevos,2016-03-01,1,3,4
RIBERALTA,tuberculosis y lepra,n de tbp baar (+) nuevos,2016-03-01,3,1,4
ROBORE,tuberculosis y lepra,n de tbp baar (+) nuevos,2016-03-01,0,1,1
SACABA,tuberculosis y lepra,n de tbp baar (+) nuevos,2016-03-01,4,2,6
SAIPINA,tuberculosis y lepra,n de tbp baar (+) nuevos,2016-03-01,1,0,1
SAN ANDRES DE MACHACA,tuberculosis y lepra,n de tbp baar (+) nuevos,2016-03-01,1,0,1
SAN BORJA,tuberculosis y lepra,n de tbp baar (+) nuevos,2016-03-01,4,0,4
SAN BUENA VENTURA,tuberculosis y lepra,n de tbp baar (+) nuevos,2016-03-01,0,1,1
SAN IGNACIO DE VELASCO,tuberculosis y lepra,n de tbp baar (+) nuevos,2016-03-01,0,1,1
SAN JOSE DE CHIQUITOS,tuberculosis y lepra,n de tbp baar (+) nuevos,2016-03-01,1,1,2
SAN JUAN DE YAPACANI,tuberculosis y lepra,n de tbp baar (+) nuevos,2016-03-01,2,0,2
SAN JULIAN,tuberculosis y lepra,n de tbp baar (+) nuevos,2016-03-01,1,3,4
SAN LUCAS,tuberculosis y lepra,n de tbp baar (+) nuevos,2016-03-01,1,0,1
SAN MATIAS,tuberculosis y lepra,n de tbp baar (+) nuevos,2016-03-01,1,0,1
SAN PEDRO DE BUENA VISTA,tuberculosis y lepra,n de tbp baar (+) nuevos,2016-03-01,1,0,1
SAN RAMON SCZ,tuberculosis y lepra,n de tbp baar (+) nuevos,2016-03-01,1,1,2
SANTA ANA,tuberculosis y lepra,n de tbp baar (+) nuevos,2016-03-01,1,1,2
SANTA CRUZ DE LA SIERRA,tuberculosis y lepra,n de tbp baar (+) nuevos,2016-03-01,94,51,145
SANTA ROSA DEL SARA,tuberculosis y lepra,n de tbp baar (+) nuevos,2016-03-01,1,0,1
SIPE SIPE,tuberculosis y lepra,n de tbp baar (+) nuevos,2016-03-01,1,1,2
SORATA,tuberculosis y lepra,n de tbp baar (+) nuevos,2016-03-01,2,0,2
SUCRE,tuberculosis y lepra,n de tbp baar (+) nuevos,2016-03-01,7,1,8
TACACOMA,tuberculosis y lepra,n de tbp baar (+) nuevos,2016-03-01,1,0,1
TAPACARI,tuberculosis y lepra,n de tbp baar (+) nuevos,2016-03-01,0,1,1
TARABUCO,tuberculosis y lepra,n de tbp baar (+) nuevos,2016-03-01,0,1,1
TARIJA,tuberculosis y lepra,n de tbp baar (+) nuevos,2016-03-01,4,4,8
TARVITA,tuberculosis y lepra,n de tbp baar (+) nuevos,2016-03-01,1,0,1
TEOPONTE,tuberculosis y lepra,n de tbp baar (+) nuevos,2016-03-01,0,1,1
TIPUANI,tuberculosis y lepra,n de tbp baar (+) nuevos,2016-03-01,1,0,1
TIQUIPAYA,tuberculosis y lepra,n de tbp baar (+) nuevos,2016-03-01,2,0,2
TOLATA,tuberculosis y lepra,n de tbp baar (+) nuevos,2016-03-01,1,0,1
TORO TORO,tuberculosis y lepra,n de tbp baar (+) nuevos,2016-03-01,0,1,1
TRINIDAD,tuberculosis y lepra,n de tbp baar (+) nuevos,2016-03-01,1,3,4
TUPIZA,tuberculosis y lepra,n de tbp baar (+) nuevos,2016-03-01,1,0,1
UNCIA,tuberculosis y lepra,n de tbp baar (+) nuevos,2016-03-01,2,0,2
URIONDO (A. CONCEPCION),tuberculosis y lepra,n de tbp baar (+) nuevos,2016-03-01,0,1,1
URUBICHA,tuberculosis y lepra,n de tbp baar (+) nuevos,2016-03-01,1,0,1
UYUNI,tuberculosis y lepra,n de tbp baar (+) nuevos,2016-03-01,1,0,1
VIACHA,tuberculosis y lepra,n de tbp baar (+) nuevos,2016-03-01,2,0,2
VILLA CHARCAS,tuberculosis y lepra,n de tbp baar (+) nuevos,2016-03-01,0,2,2
VILLA MONTES,tuberculosis y lepra,n de tbp baar (+) nuevos,2016-03-01,1,2,3
VILLA TUNARI,tuberculosis y lepra,n de tbp baar (+) nuevos,2016-03-01,2,1,3
VITICHI,tuberculosis y lepra,n de tbp baar (+) nuevos,2016-03-01,1,0,1
WARNES,tuberculosis y lepra,n de tbp baar (+) nuevos,2016-03-01,1,4,5
YACUIBA,tuberculosis y lepra,n de tbp baar (+) nuevos,2016-03-01,14,3,17
YAPACANI,tuberculosis y lepra,n de tbp baar (+) nuevos,2016-03-01,3,2,5
ACHACACHI,tuberculosis y lepra,n de tbp baar (+) nuevos,2016-04-01,2,1,3
AIQUILE,tuberculosis y lepra,n de tbp baar (+) nuevos,2016-04-01,1,0,1
ALTO BENI,tuberculosis y lepra,n de tbp baar (+) nuevos,2016-04-01,2,0,2
ANCORAIMES,tuberculosis y lepra,n de tbp baar (+) nuevos,2016-04-01,1,0,1
APOLO,tuberculosis y lepra,n de tbp baar (+) nuevos,2016-04-01,1,0,1
ARQUE,tuberculosis y lepra,n de tbp baar (+) nuevos,2016-04-01,0,1,1
ASCENCION DE GUARAYOS,tuberculosis y lepra,n de tbp baar (+) nuevos,2016-04-01,1,1,2
AUCAPATA,tuberculosis y lepra,n de tbp baar (+) nuevos,2016-04-01,0,1,1
BATALLAS,tuberculosis y lepra,n de tbp baar (+) nuevos,2016-04-01,0,1,1
BERMEJO,tuberculosis y lepra,n de tbp baar (+) nuevos,2016-04-01,0,3,3
BETANZOS,tuberculosis y lepra,n de tbp baar (+) nuevos,2016-04-01,1,0,1
CABEZAS,tuberculosis y lepra,n de tbp baar (+) nuevos,2016-04-01,0,1,1
CAJUATA,tuberculosis y lepra,n de tbp baar (+) nuevos,2016-04-01,1,0,1
CAMIRI,tuberculosis y lepra,n de tbp baar (+) nuevos,2016-04-01,5,3,8
CARANAVI,tuberculosis y lepra,n de tbp baar (+) nuevos,2016-04-01,4,7,11
CARAPARI,tuberculosis y lepra,n de tbp baar (+) nuevos,2016-04-01,1,0,1
CARIPUYO,tuberculosis y lepra,n de tbp baar (+) nuevos,2016-04-01,1,0,1
CHIMORE,tuberculosis y lepra,n de tbp baar (+) nuevos,2016-04-01,2,0,2
CHULUMANI (V. DE LA LIBERTAD),tuberculosis y lepra,n de tbp baar (+) nuevos,2016-04-01,2,2,4
CLIZA,tuberculosis y lepra,n de tbp baar (+) nuevos,2016-04-01,0,1,1
COBIJA,tuberculosis y lepra,n de tbp baar (+) nuevos,2016-04-01,2,1,3
COCHABAMBA,tuberculosis y lepra,n de tbp baar (+) nuevos,2016-04-01,32,16,48
COLCAPIRHUA,tuberculosis y lepra,n de tbp baar (+) nuevos,2016-04-01,0,1,1
COLQUECHACA,tuberculosis y lepra,n de tbp baar (+) nuevos,2016-04-01,1,0,1
COPACABANA,tuberculosis y lepra,n de tbp baar (+) nuevos,2016-04-01,1,0,1
CORIPATA,tuberculosis y lepra,n de tbp baar (+) nuevos,2016-04-01,2,2,4
COROICO,tuberculosis y lepra,n de tbp baar (+) nuevos,2016-04-01,1,2,3
COTOCA,tuberculosis y lepra,n de tbp baar (+) nuevos,2016-04-01,3,2,5
CUATRO CAÑADAS,tuberculosis y lepra,n de tbp baar (+) nuevos,2016-04-01,1,0,1
CULPINA,tuberculosis y lepra,n de tbp baar (+) nuevos,2016-04-01,1,0,1
EL ALTO,tuberculosis y lepra,n de tbp baar (+) nuevos,2016-04-01,20,11,31
EL PUENTE(TJA),tuberculosis y lepra,n de tbp baar (+) nuevos,2016-04-01,0,1,1
EL TORNO,tuberculosis y lepra,n de tbp baar (+) nuevos,2016-04-01,1,1,2
ENTRE RIOS TRJ,tuberculosis y lepra,n de tbp baar (+) nuevos,2016-04-01,0,1,1
ENTRE RIOS CBBA,tuberculosis y lepra,n de tbp baar (+) nuevos,2016-04-01,5,0,5
GENERAL SAAVEDRA,tuberculosis y lepra,n de tbp baar (+) nuevos,2016-04-01,1,0,1
GUANAY,tuberculosis y lepra,n de tbp baar (+) nuevos,2016-04-01,2,0,2
GUAYARAMERIN,tuberculosis y lepra,n de tbp baar (+) nuevos,2016-04-01,3,1,4
GUTIERREZ,tuberculosis y lepra,n de tbp baar (+) nuevos,2016-04-01,1,0,1
HUANUNI,tuberculosis y lepra,n de tbp baar (+) nuevos,2016-04-01,1,0,1
IRUPANA (VILLA DE LANZA),tuberculosis y lepra,n de tbp baar (+) nuevos,2016-04-01,0,1,1
LA ASUNTA,tuberculosis y lepra,n de tbp baar (+) nuevos,2016-04-01,2,0,2
LA GUARDIA,tuberculosis y lepra,n de tbp baar (+) nuevos,2016-04-01,3,1,4
LA PAZ,tuberculosis y lepra,n de tbp baar (+) nuevos,2016-04-01,21,9,30
LLALLAGUA,tuberculosis y lepra,n de tbp baar (+) nuevos,2016-04-01,2,0,2
MAPIRI,tuberculosis y lepra,n de tbp baar (+) nuevos,2016-04-01,3,0,3
MINEROS,tuberculosis y lepra,n de tbp baar (+) nuevos,2016-04-01,1,1,2
MOJOCOYA,tuberculosis y lepra,n de tbp baar (+) nuevos,2016-04-01,1,0,1
MONTEAGUDO,tuberculosis y lepra,n de tbp baar (+) nuevos,2016-04-01,0,1,1
MONTERO,tuberculosis y lepra,n de tbp baar (+) nuevos,2016-04-01,7,6,13
ORURO,tuberculosis y lepra,n de tbp baar (+) nuevos,2016-04-01,3,1,4
PAILON,tuberculosis y lepra,n de tbp baar (+) nuevos,2016-04-01,0,2,2
PALOS BLANCOS,tuberculosis y lepra,n de tbp baar (+) nuevos,2016-04-01,3,0,3
POJO (CBBA),tuberculosis y lepra,n de tbp baar (+) nuevos,2016-04-01,1,0,1
PORONGO,tuberculosis y lepra,n de tbp baar (+) nuevos,2016-04-01,1,0,1
POTOSI,tuberculosis y lepra,n de tbp baar (+) nuevos,2016-04-01,7,3,10
PRESTO,tuberculosis y lepra,n de tbp baar (+) nuevos,2016-04-01,3,0,3
PUERTO CARABUCO,tuberculosis y lepra,n de tbp baar (+) nuevos,2016-04-01,1,0,1
PUERTO GONZALO MORENO,tuberculosis y lepra,n de tbp baar (+) nuevos,2016-04-01,0,1,1
PUERTO PEREZ,tuberculosis y lepra,n de tbp baar (+) nuevos,2016-04-01,1,0,1
PUERTO QUIJARRO,tuberculosis y lepra,n de tbp baar (+) nuevos,2016-04-01,1,0,1
PUERTO RICO,tuberculosis y lepra,n de tbp baar (+) nuevos,2016-04-01,1,0,1
PUERTO SUAREZ,tuberculosis y lepra,n de tbp baar (+) nuevos,2016-04-01,0,2,2
PUERTO VILLARROEL,tuberculosis y lepra,n de tbp baar (+) nuevos,2016-04-01,4,4,8
PUNATA,tuberculosis y lepra,n de tbp baar (+) nuevos,2016-04-01,0,1,1
QUILLACOLLO,tuberculosis y lepra,n de tbp baar (+) nuevos,2016-04-01,1,1,2
RIBERALTA,tuberculosis y lepra,n de tbp baar (+) nuevos,2016-04-01,4,3,7
RURRENABAQUE,tuberculosis y lepra,n de tbp baar (+) nuevos,2016-04-01,2,0,2
SACABA,tuberculosis y lepra,n de tbp baar (+) nuevos,2016-04-01,3,0,3
SAIPINA,tuberculosis y lepra,n de tbp baar (+) nuevos,2016-04-01,0,1,1
SAN ANDRES,tuberculosis y lepra,n de tbp baar (+) nuevos,2016-04-01,1,0,1
SAN BENITO,tuberculosis y lepra,n de tbp baar (+) nuevos,2016-04-01,0,1,1
SAN BORJA,tuberculosis y lepra,n de tbp baar (+) nuevos,2016-04-01,2,1,3
SAN CARLOS,tuberculosis y lepra,n de tbp baar (+) nuevos,2016-04-01,1,1,2
SAN IGNACIO,tuberculosis y lepra,n de tbp baar (+) nuevos,2016-04-01,1,0,1
SAN IGNACIO DE VELASCO,tuberculosis y lepra,n de tbp baar (+) nuevos,2016-04-01,1,0,1
SAN LUCAS,tuberculosis y lepra,n de tbp baar (+) nuevos,2016-04-01,1,0,1
SAN MATIAS,tuberculosis y lepra,n de tbp baar (+) nuevos,2016-04-01,2,0,2
SAN PEDRO,tuberculosis y lepra,n de tbp baar (+) nuevos,2016-04-01,0,1,1
SAN RAMON SCZ,tuberculosis y lepra,n de tbp baar (+) nuevos,2016-04-01,1,0,1
SANTA CRUZ DE LA SIERRA,tuberculosis y lepra,n de tbp baar (+) nuevos,2016-04-01,80,66,146
SANTA ROSA DEL SARA,tuberculosis y lepra,n de tbp baar (+) nuevos,2016-04-01,2,0,2
SAPAHAQUI,tuberculosis y lepra,n de tbp baar (+) nuevos,2016-04-01,1,0,1
SICA SICA (VILLA AROMA),tuberculosis y lepra,n de tbp baar (+) nuevos,2016-04-01,1,1,2
SIPE SIPE,tuberculosis y lepra,n de tbp baar (+) nuevos,2016-04-01,1,0,1
SORATA,tuberculosis y lepra,n de tbp baar (+) nuevos,2016-04-01,1,1,2
SUCRE,tuberculosis y lepra,n de tbp baar (+) nuevos,2016-04-01,2,2,4
TARABUCO,tuberculosis y lepra,n de tbp baar (+) nuevos,2016-04-01,0,1,1
TARIJA,tuberculosis y lepra,n de tbp baar (+) nuevos,2016-04-01,3,2,5
TIPUANI,tuberculosis y lepra,n de tbp baar (+) nuevos,2016-04-01,1,0,1
TIQUIPAYA,tuberculosis y lepra,n de tbp baar (+) nuevos,2016-04-01,1,2,3
TOCO,tuberculosis y lepra,n de tbp baar (+) nuevos,2016-04-01,0,1,1
TORO TORO,tuberculosis y lepra,n de tbp baar (+) nuevos,2016-04-01,1,0,1
TRINIDAD,tuberculosis y lepra,n de tbp baar (+) nuevos,2016-04-01,5,4,9
UNCIA,tuberculosis y lepra,n de tbp baar (+) nuevos,2016-04-01,1,0,1
URIONDO (A. CONCEPCION),tuberculosis y lepra,n de tbp baar (+) nuevos,2016-04-01,1,0,1
VALLEGRANDE,tuberculosis y lepra,n de tbp baar (+) nuevos,2016-04-01,0,1,1
VIACHA,tuberculosis y lepra,n de tbp baar (+) nuevos,2016-04-01,2,1,3
VILLA CHARCAS,tuberculosis y lepra,n de tbp baar (+) nuevos,2016-04-01,0,1,1
VILLA MONTES,tuberculosis y lepra,n de tbp baar (+) nuevos,2016-04-01,2,0,2
WARNES,tuberculosis y lepra,n de tbp baar (+) nuevos,2016-04-01,6,4,10
YACUIBA,tuberculosis y lepra,n de tbp baar (+) nuevos,2016-04-01,3,5,8
YANACACHI,tuberculosis y lepra,n de tbp baar (+) nuevos,2016-04-01,2,0,2
YAPACANI,tuberculosis y lepra,n de tbp baar (+) nuevos,2016-04-01,3,6,9
YOTALA,tuberculosis y lepra,n de tbp baar (+) nuevos,2016-04-01,0,1,1
ACHOCALLA,tuberculosis y lepra,n de tbp baar (+) nuevos,2016-05-01,1,0,1
AIQUILE,tuberculosis y lepra,n de tbp baar (+) nuevos,2016-05-01,0,1,1
ARBIETO,tuberculosis y lepra,n de tbp baar (+) nuevos,2016-05-01,1,0,1
ASCENCION DE GUARAYOS,tuberculosis y lepra,n de tbp baar (+) nuevos,2016-05-01,1,0,1
ATOCHA,tuberculosis y lepra,n de tbp baar (+) nuevos,2016-05-01,1,1,2
AYATA,tuberculosis y lepra,n de tbp baar (+) nuevos,2016-05-01,1,0,1
AYOPAYA (V. DE INDEPENDENCIA),tuberculosis y lepra,n de tbp baar (+) nuevos,2016-05-01,0,1,1
BERMEJO,tuberculosis y lepra,n de tbp baar (+) nuevos,2016-05-01,0,2,2
BETANZOS,tuberculosis y lepra,n de tbp baar (+) nuevos,2016-05-01,0,1,1
CALAMARCA,tuberculosis y lepra,n de tbp baar (+) nuevos,2016-05-01,1,1,2
CAMIRI,tuberculosis y lepra,n de tbp baar (+) nuevos,2016-05-01,2,0,2
CAPINOTA,tuberculosis y lepra,n de tbp baar (+) nuevos,2016-05-01,2,0,2
CARANAVI,tuberculosis y lepra,n de tbp baar (+) nuevos,2016-05-01,7,4,11
CARAPARI,tuberculosis y lepra,n de tbp baar (+) nuevos,2016-05-01,0,1,1
CHALLAPATA,tuberculosis y lepra,n de tbp baar (+) nuevos,2016-05-01,0,1,1
CHAYANTA,tuberculosis y lepra,n de tbp baar (+) nuevos,2016-05-01,0,1,1
CHIMORE,tuberculosis y lepra,n de tbp baar (+) nuevos,2016-05-01,4,1,5
CHULUMANI (V. DE LA LIBERTAD),tuberculosis y lepra,n de tbp baar (+) nuevos,2016-05-01,1,4,5
CKOCHAS,tuberculosis y lepra,n de tbp baar (+) nuevos,2016-05-01,1,0,1
COBIJA,tuberculosis y lepra,n de tbp baar (+) nuevos,2016-05-01,2,0,2
COCHABAMBA,tuberculosis y lepra,n de tbp baar (+) nuevos,2016-05-01,16,7,23
COLPA BELGICA,tuberculosis y lepra,n de tbp baar (+) nuevos,2016-05-01,1,0,1
CORIPATA,tuberculosis y lepra,n de tbp baar (+) nuevos,2016-05-01,1,0,1
COROICO,tuberculosis y lepra,n de tbp baar (+) nuevos,2016-05-01,1,1,2
COTOCA,tuberculosis y lepra,n de tbp baar (+) nuevos,2016-05-01,2,1,3
CUATRO CAÑADAS,tuberculosis y lepra,n de tbp baar (+) nuevos,2016-05-01,1,1,2
CULPINA,tuberculosis y lepra,n de tbp baar (+) nuevos,2016-05-01,0,1,1
EL ALTO,tuberculosis y lepra,n de tbp baar (+) nuevos,2016-05-01,12,10,22
EL PUENTE(STC),tuberculosis y lepra,n de tbp baar (+) nuevos,2016-05-01,0,2,2
EL PUENTE(TJA),tuberculosis y lepra,n de tbp baar (+) nuevos,2016-05-01,1,0,1
EL TORNO,tuberculosis y lepra,n de tbp baar (+) nuevos,2016-05-01,1,1,2
ENTRE RIOS CBBA,tuberculosis y lepra,n de tbp baar (+) nuevos,2016-05-01,2,0,2
FERNANDEZ ALONSO,tuberculosis y lepra,n de tbp baar (+) nuevos,2016-05-01,1,0,1
GENERAL SAAVEDRA,tuberculosis y lepra,n de tbp baar (+) nuevos,2016-05-01,1,0,1
GUANAY,tuberculosis y lepra,n de tbp baar (+) nuevos,2016-05-01,3,1,4
GUAYARAMERIN,tuberculosis y lepra,n de tbp baar (+) nuevos,2016-05-01,1,0,1
IRUPANA (VILLA DE LANZA),tuberculosis y lepra,n de tbp baar (+) nuevos,2016-05-01,0,1,1
JESUS DE MACHACA,tuberculosis y lepra,n de tbp baar (+) nuevos,2016-05-01,1,0,1
LA ASUNTA,tuberculosis y lepra,n de tbp baar (+) nuevos,2016-05-01,2,0,2
LA GUARDIA,tuberculosis y lepra,n de tbp baar (+) nuevos,2016-05-01,2,1,3
LA PAZ,tuberculosis y lepra,n de tbp baar (+) nuevos,2016-05-01,18,8,26
LLALLAGUA,tuberculosis y lepra,n de tbp baar (+) nuevos,2016-05-01,2,1,3
LURIBAY,tuberculosis y lepra,n de tbp baar (+) nuevos,2016-05-01,1,0,1
MAPIRI,tuberculosis y lepra,n de tbp baar (+) nuevos,2016-05-01,1,1,2
MIZQUE,tuberculosis y lepra,n de tbp baar (+) nuevos,2016-05-01,1,2,3
MONTERO,tuberculosis y lepra,n de tbp baar (+) nuevos,2016-05-01,6,1,7
ORURO,tuberculosis y lepra,n de tbp baar (+) nuevos,2016-05-01,1,3,4
PAILON,tuberculosis y lepra,n de tbp baar (+) nuevos,2016-05-01,2,1,3
PAMPA GRANDE,tuberculosis y lepra,n de tbp baar (+) nuevos,2016-05-01,0,1,1
PAZÑA,tuberculosis y lepra,n de tbp baar (+) nuevos,2016-05-01,1,0,1
PORONGO,tuberculosis y lepra,n de tbp baar (+) nuevos,2016-05-01,1,0,1
POTOSI,tuberculosis y lepra,n de tbp baar (+) nuevos,2016-05-01,4,1,5
PUCARANI,tuberculosis y lepra,n de tbp baar (+) nuevos,2016-05-01,1,0,1
PUERTO SUAREZ,tuberculosis y lepra,n de tbp baar (+) nuevos,2016-05-01,2,1,3
PUERTO VILLARROEL,tuberculosis y lepra,n de tbp baar (+) nuevos,2016-05-01,5,4,9
QUILLACOLLO,tuberculosis y lepra,n de tbp baar (+) nuevos,2016-05-01,0,2,2
RIBERALTA,tuberculosis y lepra,n de tbp baar (+) nuevos,2016-05-01,5,5,10
RURRENABAQUE,tuberculosis y lepra,n de tbp baar (+) nuevos,2016-05-01,1,0,1
SACABA,tuberculosis y lepra,n de tbp baar (+) nuevos,2016-05-01,2,2,4
SALINAS DE GARCI MENDOZA,tuberculosis y lepra,n de tbp baar (+) nuevos,2016-05-01,0,1,1
SAN ANDRES,tuberculosis y lepra,n de tbp baar (+) nuevos,2016-05-01,1,0,1
SAN BENITO,tuberculosis y lepra,n de tbp baar (+) nuevos,2016-05-01,0,1,1
SAN BORJA,tuberculosis y lepra,n de tbp baar (+) nuevos,2016-05-01,1,2,3
SAN IGNACIO,tuberculosis y lepra,n de tbp baar (+) nuevos,2016-05-01,1,2,3
SAN IGNACIO DE VELASCO,tuberculosis y lepra,n de tbp baar (+) nuevos,2016-05-01,2,0,2
SAN JULIAN,tuberculosis y lepra,n de tbp baar (+) nuevos,2016-05-01,5,1,6
SANTA ANA,tuberculosis y lepra,n de tbp baar (+) nuevos,2016-05-01,2,0,2
SANTA CRUZ DE LA SIERRA,tuberculosis y lepra,n de tbp baar (+) nuevos,2016-05-01,61,49,110
SHINAOTA,tuberculosis y lepra,n de tbp baar (+) nuevos,2016-05-01,0,1,1
SUCRE,tuberculosis y lepra,n de tbp baar (+) nuevos,2016-05-01,2,2,4
TAPACARI,tuberculosis y lepra,n de tbp baar (+) nuevos,2016-05-01,1,0,1
TARABUCO,tuberculosis y lepra,n de tbp baar (+) nuevos,2016-05-01,0,1,1
TARIJA,tuberculosis y lepra,n de tbp baar (+) nuevos,2016-05-01,3,3,6
TEOPONTE,tuberculosis y lepra,n de tbp baar (+) nuevos,2016-05-01,0,1,1
TIPUANI,tuberculosis y lepra,n de tbp baar (+) nuevos,2016-05-01,0,2,2
TIQUIPAYA,tuberculosis y lepra,n de tbp baar (+) nuevos,2016-05-01,1,0,1
TRINIDAD,tuberculosis y lepra,n de tbp baar (+) nuevos,2016-05-01,4,1,5
VIACHA,tuberculosis y lepra,n de tbp baar (+) nuevos,2016-05-01,1,0,1
VILA VILA,tuberculosis y lepra,n de tbp baar (+) nuevos,2016-05-01,0,1,1
VILLA CHARCAS,tuberculosis y lepra,n de tbp baar (+) nuevos,2016-05-01,1,0,1
VILLA MONTES,tuberculosis y lepra,n de tbp baar (+) nuevos,2016-05-01,1,1,2
VILLA TUNARI,tuberculosis y lepra,n de tbp baar (+) nuevos,2016-05-01,1,0,1
VILLAZON,tuberculosis y lepra,n de tbp baar (+) nuevos,2016-05-01,1,0,1
VINTO,tuberculosis y lepra,n de tbp baar (+) nuevos,2016-05-01,0,1,1
VITICHI,tuberculosis y lepra,n de tbp baar (+) nuevos,2016-05-01,1,0,1
WARNES,tuberculosis y lepra,n de tbp baar (+) nuevos,2016-05-01,3,6,9
YACUIBA,tuberculosis y lepra,n de tbp baar (+) nuevos,2016-05-01,7,3,10
YAMPARAEZ,tuberculosis y lepra,n de tbp baar (+) nuevos,2016-05-01,1,0,1
YAPACANI,tuberculosis y lepra,n de tbp baar (+) nuevos,2016-05-01,7,4,11
YOTALA,tuberculosis y lepra,n de tbp baar (+) nuevos,2016-05-01,1,0,1
YUNCHARA,tuberculosis y lepra,n de tbp baar (+) nuevos,2016-05-01,0,1,1
ACHACACHI,tuberculosis y lepra,n de tbp baar (+) nuevos,2016-06-01,2,1,3
ACHOCALLA,tuberculosis y lepra,n de tbp baar (+) nuevos,2016-06-01,1,0,1
AIQUILE,tuberculosis y lepra,n de tbp baar (+) nuevos,2016-06-01,0,1,1
AYOPAYA (V. DE INDEPENDENCIA),tuberculosis y lepra,n de tbp baar (+) nuevos,2016-06-01,1,0,1
BATALLAS,tuberculosis y lepra,n de tbp baar (+) nuevos,2016-06-01,1,0,1
BERMEJO,tuberculosis y lepra,n de tbp baar (+) nuevos,2016-06-01,1,3,4
"CAIZA ""D""",tuberculosis y lepra,n de tbp baar (+) nuevos,2016-06-01,1,0,1
CAJUATA,tuberculosis y lepra,n de tbp baar (+) nuevos,2016-06-01,1,0,1
CAMARGO,tuberculosis y lepra,n de tbp baar (+) nuevos,2016-06-01,1,0,1
CAMIRI,tuberculosis y lepra,n de tbp baar (+) nuevos,2016-06-01,2,2,4
CAPINOTA,tuberculosis y lepra,n de tbp baar (+) nuevos,2016-06-01,2,0,2
CARANAVI,tuberculosis y lepra,n de tbp baar (+) nuevos,2016-06-01,6,6,12
CARAPARI,tuberculosis y lepra,n de tbp baar (+) nuevos,2016-06-01,1,0,1
CHACARILLA,tuberculosis y lepra,n de tbp baar (+) nuevos,2016-06-01,1,0,1
CHIMORE,tuberculosis y lepra,n de tbp baar (+) nuevos,2016-06-01,1,0,1
CHULUMANI (V. DE LA LIBERTAD),tuberculosis y lepra,n de tbp baar (+) nuevos,2016-06-01,3,0,3
COBIJA,tuberculosis y lepra,n de tbp baar (+) nuevos,2016-06-01,3,4,7
COCHABAMBA,tuberculosis y lepra,n de tbp baar (+) nuevos,2016-06-01,11,7,18
COLCAPIRHUA,tuberculosis y lepra,n de tbp baar (+) nuevos,2016-06-01,1,0,1
COMARAPA,tuberculosis y lepra,n de tbp baar (+) nuevos,2016-06-01,2,0,2
CONCEPCION,tuberculosis y lepra,n de tbp baar (+) nuevos,2016-06-01,1,0,1
COROICO,tuberculosis y lepra,n de tbp baar (+) nuevos,2016-06-01,1,0,1
COTOCA,tuberculosis y lepra,n de tbp baar (+) nuevos,2016-06-01,2,0,2
CUATRO CAÑADAS,tuberculosis y lepra,n de tbp baar (+) nuevos,2016-06-01,3,0,3
EL ALTO,tuberculosis y lepra,n de tbp baar (+) nuevos,2016-06-01,12,9,21
EL TORNO,tuberculosis y lepra,n de tbp baar (+) nuevos,2016-06-01,1,1,2
ENTRE RIOS CBBA,tuberculosis y lepra,n de tbp baar (+) nuevos,2016-06-01,2,2,4
GRAL. J.J. PEREZ (CHARAZANI),tuberculosis y lepra,n de tbp baar (+) nuevos,2016-06-01,1,0,1
GUAQUI,tuberculosis y lepra,n de tbp baar (+) nuevos,2016-06-01,2,0,2
HUANUNI,tuberculosis y lepra,n de tbp baar (+) nuevos,2016-06-01,1,0,1
IXIAMAS,tuberculosis y lepra,n de tbp baar (+) nuevos,2016-06-01,1,0,1
LA ASUNTA,tuberculosis y lepra,n de tbp baar (+) nuevos,2016-06-01,5,2,7
LA GUARDIA,tuberculosis y lepra,n de tbp baar (+) nuevos,2016-06-01,2,1,3
LA PAZ,tuberculosis y lepra,n de tbp baar (+) nuevos,2016-06-01,13,13,26
LAJA,tuberculosis y lepra,n de tbp baar (+) nuevos,2016-06-01,1,0,1
LLALLAGUA,tuberculosis y lepra,n de tbp baar (+) nuevos,2016-06-01,1,0,1
LURIBAY,tuberculosis y lepra,n de tbp baar (+) nuevos,2016-06-01,0,1,1
MACHARETI,tuberculosis y lepra,n de tbp baar (+) nuevos,2016-06-01,1,0,1
MAPIRI,tuberculosis y lepra,n de tbp baar (+) nuevos,2016-06-01,3,0,3
MINEROS,tuberculosis y lepra,n de tbp baar (+) nuevos,2016-06-01,2,0,2
MIZQUE,tuberculosis y lepra,n de tbp baar (+) nuevos,2016-06-01,1,0,1
MONTEAGUDO,tuberculosis y lepra,n de tbp baar (+) nuevos,2016-06-01,1,2,3
MONTERO,tuberculosis y lepra,n de tbp baar (+) nuevos,2016-06-01,10,7,17
OCURI,tuberculosis y lepra,n de tbp baar (+) nuevos,2016-06-01,1,0,1
OKINAWA,tuberculosis y lepra,n de tbp baar (+) nuevos,2016-06-01,2,0,2
ORURO,tuberculosis y lepra,n de tbp baar (+) nuevos,2016-06-01,5,2,7
PADCAYA,tuberculosis y lepra,n de tbp baar (+) nuevos,2016-06-01,0,1,1
PALOS BLANCOS,tuberculosis y lepra,n de tbp baar (+) nuevos,2016-06-01,2,0,2
PATACAMAYA,tuberculosis y lepra,n de tbp baar (+) nuevos,2016-06-01,0,1,1
POOPO,tuberculosis y lepra,n de tbp baar (+) nuevos,2016-06-01,1,0,1
PORCO,tuberculosis y lepra,n de tbp baar (+) nuevos,2016-06-01,1,0,1
POROMA,tuberculosis y lepra,n de tbp baar (+) nuevos,2016-06-01,0,1,1
POTOSI,tuberculosis y lepra,n de tbp baar (+) nuevos,2016-06-01,3,3,6
PUERTO RICO,tuberculosis y lepra,n de tbp baar (+) nuevos,2016-06-01,1,0,1
PUERTO VILLARROEL,tuberculosis y lepra,n de tbp baar (+) nuevos,2016-06-01,8,4,12
QUILLACOLLO,tuberculosis y lepra,n de tbp baar (+) nuevos,2016-06-01,1,0,1
RIBERALTA,tuberculosis y lepra,n de tbp baar (+) nuevos,2016-06-01,4,2,6
ROBORE,tuberculosis y lepra,n de tbp baar (+) nuevos,2016-06-01,2,0,2
RURRENABAQUE,tuberculosis y lepra,n de tbp baar (+) nuevos,2016-06-01,1,0,1
SACABA,tuberculosis y lepra,n de tbp baar (+) nuevos,2016-06-01,2,2,4
SAN ANDRES,tuberculosis y lepra,n de tbp baar (+) nuevos,2016-06-01,0,1,1
SAN BORJA,tuberculosis y lepra,n de tbp baar (+) nuevos,2016-06-01,2,1,3
SAN CARLOS,tuberculosis y lepra,n de tbp baar (+) nuevos,2016-06-01,1,0,1
SAN IGNACIO,tuberculosis y lepra,n de tbp baar (+) nuevos,2016-06-01,2,0,2
SAN IGNACIO DE VELASCO,tuberculosis y lepra,n de tbp baar (+) nuevos,2016-06-01,1,0,1
SAN JOSE DE CHIQUITOS,tuberculosis y lepra,n de tbp baar (+) nuevos,2016-06-01,1,0,1
SAN JULIAN,tuberculosis y lepra,n de tbp baar (+) nuevos,2016-06-01,2,1,3
SAN PEDRO,tuberculosis y lepra,n de tbp baar (+) nuevos,2016-06-01,3,0,3
SAN PEDRO DE BUENA VISTA,tuberculosis y lepra,n de tbp baar (+) nuevos,2016-06-01,0,2,2
SANTA CRUZ DE LA SIERRA,tuberculosis y lepra,n de tbp baar (+) nuevos,2016-06-01,65,41,106
SANTA ROSA,tuberculosis y lepra,n de tbp baar (+) nuevos,2016-06-01,1,0,1
SANTA ROSA DEL SARA,tuberculosis y lepra,n de tbp baar (+) nuevos,2016-06-01,1,1,2
SIPE SIPE,tuberculosis y lepra,n de tbp baar (+) nuevos,2016-06-01,0,1,1
SUCRE,tuberculosis y lepra,n de tbp baar (+) nuevos,2016-06-01,7,7,14
TARABUCO,tuberculosis y lepra,n de tbp baar (+) nuevos,2016-06-01,1,1,2
TARIJA,tuberculosis y lepra,n de tbp baar (+) nuevos,2016-06-01,5,0,5
TEOPONTE,tuberculosis y lepra,n de tbp baar (+) nuevos,2016-06-01,2,0,2
TIPUANI,tuberculosis y lepra,n de tbp baar (+) nuevos,2016-06-01,3,1,4
TRINIDAD,tuberculosis y lepra,n de tbp baar (+) nuevos,2016-06-01,3,1,4
VIACHA,tuberculosis y lepra,n de tbp baar (+) nuevos,2016-06-01,0,1,1
VILLA MONTES,tuberculosis y lepra,n de tbp baar (+) nuevos,2016-06-01,1,2,3
VILLA TUNARI,tuberculosis y lepra,n de tbp baar (+) nuevos,2016-06-01,5,1,6
VINTO,tuberculosis y lepra,n de tbp baar (+) nuevos,2016-06-01,1,0,1
VITICHI,tuberculosis y lepra,n de tbp baar (+) nuevos,2016-06-01,1,1,2
WARNES,tuberculosis y lepra,n de tbp baar (+) nuevos,2016-06-01,5,2,7
YACUIBA,tuberculosis y lepra,n de tbp baar (+) nuevos,2016-06-01,3,2,5
YAMPARAEZ,tuberculosis y lepra,n de tbp baar (+) nuevos,2016-06-01,1,1,2
YAPACANI,tuberculosis y lepra,n de tbp baar (+) nuevos,2016-06-01,4,0,4
ACHACACHI,tuberculosis y lepra,n de tbp baar (+) nuevos,2016-07-01,2,1,3
AIQUILE,tuberculosis y lepra,n de tbp baar (+) nuevos,2016-07-01,1,0,1
ALTO BENI,tuberculosis y lepra,n de tbp baar (+) nuevos,2016-07-01,2,0,2
ARQUE,tuberculosis y lepra,n de tbp baar (+) nuevos,2016-07-01,1,0,1
ATOCHA,tuberculosis y lepra,n de tbp baar (+) nuevos,2016-07-01,1,0,1
AYOPAYA (V. DE INDEPENDENCIA),tuberculosis y lepra,n de tbp baar (+) nuevos,2016-07-01,0,1,1
BERMEJO,tuberculosis y lepra,n de tbp baar (+) nuevos,2016-07-01,5,0,5
BUENA VISTA,tuberculosis y lepra,n de tbp baar (+) nuevos,2016-07-01,1,0,1
CABEZAS,tuberculosis y lepra,n de tbp baar (+) nuevos,2016-07-01,1,0,1
CAMIRI,tuberculosis y lepra,n de tbp baar (+) nuevos,2016-07-01,1,2,3
CAPINOTA,tuberculosis y lepra,n de tbp baar (+) nuevos,2016-07-01,1,0,1
CARANAVI,tuberculosis y lepra,n de tbp baar (+) nuevos,2016-07-01,4,5,9
CARMEN RIVERO TORREZ,tuberculosis y lepra,n de tbp baar (+) nuevos,2016-07-01,1,0,1
CHALLAPATA,tuberculosis y lepra,n de tbp baar (+) nuevos,2016-07-01,1,0,1
CHIMORE,tuberculosis y lepra,n de tbp baar (+) nuevos,2016-07-01,1,2,3
CHULUMANI (V. DE LA LIBERTAD),tuberculosis y lepra,n de tbp baar (+) nuevos,2016-07-01,2,1,3
CHUMA,tuberculosis y lepra,n de tbp baar (+) nuevos,2016-07-01,1,0,1
CKOCHAS,tuberculosis y lepra,n de tbp baar (+) nuevos,2016-07-01,0,1,1
COBIJA,tuberculosis y lepra,n de tbp baar (+) nuevos,2016-07-01,4,1,5
COCHABAMBA,tuberculosis y lepra,n de tbp baar (+) nuevos,2016-07-01,19,4,23
COLCAPIRHUA,tuberculosis y lepra,n de tbp baar (+) nuevos,2016-07-01,1,1,2
COLOMI,tuberculosis y lepra,n de tbp baar (+) nuevos,2016-07-01,1,0,1
COLQUECHACA,tuberculosis y lepra,n de tbp baar (+) nuevos,2016-07-01,1,0,1
CORIPATA,tuberculosis y lepra,n de tbp baar (+) nuevos,2016-07-01,1,0,1
COROICO,tuberculosis y lepra,n de tbp baar (+) nuevos,2016-07-01,1,2,3
COTOCA,tuberculosis y lepra,n de tbp baar (+) nuevos,2016-07-01,1,3,4
CUATRO CAÑADAS,tuberculosis y lepra,n de tbp baar (+) nuevos,2016-07-01,0,1,1
EL ALTO,tuberculosis y lepra,n de tbp baar (+) nuevos,2016-07-01,14,9,23
EL PUENTE(TJA),tuberculosis y lepra,n de tbp baar (+) nuevos,2016-07-01,1,0,1
EL TORNO,tuberculosis y lepra,n de tbp baar (+) nuevos,2016-07-01,2,1,3
ENTRE RIOS TRJ,tuberculosis y lepra,n de tbp baar (+) nuevos,2016-07-01,1,0,1
ENTRE RIOS CBBA,tuberculosis y lepra,n de tbp baar (+) nuevos,2016-07-01,2,1,3
EUCALIPTUS,tuberculosis y lepra,n de tbp baar (+) nuevos,2016-07-01,1,0,1
GENERAL SAAVEDRA,tuberculosis y lepra,n de tbp baar (+) nuevos,2016-07-01,0,2,2
GUANAY,tuberculosis y lepra,n de tbp baar (+) nuevos,2016-07-01,1,0,1
GUAYARAMERIN,tuberculosis y lepra,n de tbp baar (+) nuevos,2016-07-01,4,0,4
IRUPANA (VILLA DE LANZA),tuberculosis y lepra,n de tbp baar (+) nuevos,2016-07-01,1,0,1
IXIAMAS,tuberculosis y lepra,n de tbp baar (+) nuevos,2016-07-01,1,0,1
LA ASUNTA,tuberculosis y lepra,n de tbp baar (+) nuevos,2016-07-01,5,2,7
LA GUARDIA,tuberculosis y lepra,n de tbp baar (+) nuevos,2016-07-01,8,2,10
LA PAZ,tuberculosis y lepra,n de tbp baar (+) nuevos,2016-07-01,16,8,24
MAPIRI,tuberculosis y lepra,n de tbp baar (+) nuevos,2016-07-01,1,0,1
MINEROS,tuberculosis y lepra,n de tbp baar (+) nuevos,2016-07-01,1,0,1
MIZQUE,tuberculosis y lepra,n de tbp baar (+) nuevos,2016-07-01,0,1,1
MONTERO,tuberculosis y lepra,n de tbp baar (+) nuevos,2016-07-01,9,7,16
OKINAWA,tuberculosis y lepra,n de tbp baar (+) nuevos,2016-07-01,2,0,2
OMEREQUE,tuberculosis y lepra,n de tbp baar (+) nuevos,2016-07-01,1,0,1
ORURO,tuberculosis y lepra,n de tbp baar (+) nuevos,2016-07-01,2,1,3
PADCAYA,tuberculosis y lepra,n de tbp baar (+) nuevos,2016-07-01,1,1,2
PAILON,tuberculosis y lepra,n de tbp baar (+) nuevos,2016-07-01,4,0,4
PALOS BLANCOS,tuberculosis y lepra,n de tbp baar (+) nuevos,2016-07-01,2,0,2
PORCO,tuberculosis y lepra,n de tbp baar (+) nuevos,2016-07-01,1,0,1
PORONGO,tuberculosis y lepra,n de tbp baar (+) nuevos,2016-07-01,1,0,1
PORTACHUELO,tuberculosis y lepra,n de tbp baar (+) nuevos,2016-07-01,0,1,1
POTOSI,tuberculosis y lepra,n de tbp baar (+) nuevos,2016-07-01,3,4,7
PRESTO,tuberculosis y lepra,n de tbp baar (+) nuevos,2016-07-01,3,1,4
PUCARANI,tuberculosis y lepra,n de tbp baar (+) nuevos,2016-07-01,1,1,2
PUERTO QUIJARRO,tuberculosis y lepra,n de tbp baar (+) nuevos,2016-07-01,1,0,1
PUERTO SUAREZ,tuberculosis y lepra,n de tbp baar (+) nuevos,2016-07-01,1,0,1
PUERTO VILLARROEL,tuberculosis y lepra,n de tbp baar (+) nuevos,2016-07-01,3,4,7
PUNATA,tuberculosis y lepra,n de tbp baar (+) nuevos,2016-07-01,0,1,1
QUILLACOLLO,tuberculosis y lepra,n de tbp baar (+) nuevos,2016-07-01,4,2,6
RIBERALTA,tuberculosis y lepra,n de tbp baar (+) nuevos,2016-07-01,6,2,8
ROBORE,tuberculosis y lepra,n de tbp baar (+) nuevos,2016-07-01,1,0,1
RURRENABAQUE,tuberculosis y lepra,n de tbp baar (+) nuevos,2016-07-01,3,0,3
SACABA,tuberculosis y lepra,n de tbp baar (+) nuevos,2016-07-01,4,2,6
SAN BORJA,tuberculosis y lepra,n de tbp baar (+) nuevos,2016-07-01,4,3,7
SAN IGNACIO DE VELASCO,tuberculosis y lepra,n de tbp baar (+) nuevos,2016-07-01,2,1,3
SAN JOSE DE CHIQUITOS,tuberculosis y lepra,n de tbp baar (+) nuevos,2016-07-01,0,1,1
SAN JULIAN,tuberculosis y lepra,n de tbp baar (+) nuevos,2016-07-01,3,1,4
SAN LORENZO(TJA),tuberculosis y lepra,n de tbp baar (+) nuevos,2016-07-01,1,1,2
SAN MATIAS,tuberculosis y lepra,n de tbp baar (+) nuevos,2016-07-01,2,0,2
SAN PEDRO DE BUENA VISTA,tuberculosis y lepra,n de tbp baar (+) nuevos,2016-07-01,0,1,1
SAN RAMON SCZ,tuberculosis y lepra,n de tbp baar (+) nuevos,2016-07-01,2,0,2
SANTA CRUZ DE LA SIERRA,tuberculosis y lepra,n de tbp baar (+) nuevos,2016-07-01,93,67,160
SANTA ROSA DEL SARA,tuberculosis y lepra,n de tbp baar (+) nuevos,2016-07-01,1,1,2
SICAYA,tuberculosis y lepra,n de tbp baar (+) nuevos,2016-07-01,1,0,1
SIPE SIPE,tuberculosis y lepra,n de tbp baar (+) nuevos,2016-07-01,2,1,3
SUCRE,tuberculosis y lepra,n de tbp baar (+) nuevos,2016-07-01,3,1,4
TAPACARI,tuberculosis y lepra,n de tbp baar (+) nuevos,2016-07-01,1,0,1
TARIJA,tuberculosis y lepra,n de tbp baar (+) nuevos,2016-07-01,5,0,5
TEOPONTE,tuberculosis y lepra,n de tbp baar (+) nuevos,2016-07-01,1,0,1
TIPUANI,tuberculosis y lepra,n de tbp baar (+) nuevos,2016-07-01,1,0,1
TIQUIPAYA,tuberculosis y lepra,n de tbp baar (+) nuevos,2016-07-01,2,0,2
TORO TORO,tuberculosis y lepra,n de tbp baar (+) nuevos,2016-07-01,1,0,1
TRINIDAD,tuberculosis y lepra,n de tbp baar (+) nuevos,2016-07-01,3,2,5
URIONDO (A. CONCEPCION),tuberculosis y lepra,n de tbp baar (+) nuevos,2016-07-01,1,0,1
UYUNI,tuberculosis y lepra,n de tbp baar (+) nuevos,2016-07-01,0,1,1
VALLEGRANDE,tuberculosis y lepra,n de tbp baar (+) nuevos,2016-07-01,1,0,1
VIACHA,tuberculosis y lepra,n de tbp baar (+) nuevos,2016-07-01,1,0,1
VILLA CHARCAS,tuberculosis y lepra,n de tbp baar (+) nuevos,2016-07-01,0,2,2
VILLA MONTES,tuberculosis y lepra,n de tbp baar (+) nuevos,2016-07-01,1,1,2
VILLA TUNARI,tuberculosis y lepra,n de tbp baar (+) nuevos,2016-07-01,1,0,1
VILLAZON,tuberculosis y lepra,n de tbp baar (+) nuevos,2016-07-01,1,0,1
VINTO,tuberculosis y lepra,n de tbp baar (+) nuevos,2016-07-01,2,0,2
WARNES,tuberculosis y lepra,n de tbp baar (+) nuevos,2016-07-01,8,3,11
YACUIBA,tuberculosis y lepra,n de tbp baar (+) nuevos,2016-07-01,4,1,5
YANACACHI,tuberculosis y lepra,n de tbp baar (+) nuevos,2016-07-01,1,0,1
YAPACANI,tuberculosis y lepra,n de tbp baar (+) nuevos,2016-07-01,3,5,8
YOTALA,tuberculosis y lepra,n de tbp baar (+) nuevos,2016-07-01,1,0,1
ACHOCALLA,tuberculosis y lepra,n de tbp baar (+) nuevos,2016-08-01,0,1,1
AIQUILE,tuberculosis y lepra,n de tbp baar (+) nuevos,2016-08-01,2,0,2
ALTO BENI,tuberculosis y lepra,n de tbp baar (+) nuevos,2016-08-01,1,0,1
ATOCHA,tuberculosis y lepra,n de tbp baar (+) nuevos,2016-08-01,0,1,1
BERMEJO,tuberculosis y lepra,n de tbp baar (+) nuevos,2016-08-01,2,1,3
BETANZOS,tuberculosis y lepra,n de tbp baar (+) nuevos,2016-08-01,2,0,2
BOYUIBE,tuberculosis y lepra,n de tbp baar (+) nuevos,2016-08-01,1,0,1
BUENA VISTA,tuberculosis y lepra,n de tbp baar (+) nuevos,2016-08-01,1,0,1
CABEZAS,tuberculosis y lepra,n de tbp baar (+) nuevos,2016-08-01,1,0,1
CAJUATA,tuberculosis y lepra,n de tbp baar (+) nuevos,2016-08-01,2,0,2
CAMIRI,tuberculosis y lepra,n de tbp baar (+) nuevos,2016-08-01,2,1,3
CAPINOTA,tuberculosis y lepra,n de tbp baar (+) nuevos,2016-08-01,2,1,3
CARANAVI,tuberculosis y lepra,n de tbp baar (+) nuevos,2016-08-01,6,3,9
CARMEN RIVERO TORREZ,tuberculosis y lepra,n de tbp baar (+) nuevos,2016-08-01,1,0,1
CHARAGUA,tuberculosis y lepra,n de tbp baar (+) nuevos,2016-08-01,1,0,1
CHAYANTA,tuberculosis y lepra,n de tbp baar (+) nuevos,2016-08-01,1,0,1
CHIMORE,tuberculosis y lepra,n de tbp baar (+) nuevos,2016-08-01,2,3,5
CHULUMANI (V. DE LA LIBERTAD),tuberculosis y lepra,n de tbp baar (+) nuevos,2016-08-01,0,1,1
CHUMA,tuberculosis y lepra,n de tbp baar (+) nuevos,2016-08-01,1,0,1
CKOCHAS,tuberculosis y lepra,n de tbp baar (+) nuevos,2016-08-01,0,1,1
COBIJA,tuberculosis y lepra,n de tbp baar (+) nuevos,2016-08-01,1,1,2
COCAPATA,tuberculosis y lepra,n de tbp baar (+) nuevos,2016-08-01,0,1,1
COCHABAMBA,tuberculosis y lepra,n de tbp baar (+) nuevos,2016-08-01,9,6,15
COLCAPIRHUA,tuberculosis y lepra,n de tbp baar (+) nuevos,2016-08-01,1,1,2
COLOMI,tuberculosis y lepra,n de tbp baar (+) nuevos,2016-08-01,1,0,1
COLQUECHACA,tuberculosis y lepra,n de tbp baar (+) nuevos,2016-08-01,1,2,3
CORIPATA,tuberculosis y lepra,n de tbp baar (+) nuevos,2016-08-01,1,1,2
COROICO,tuberculosis y lepra,n de tbp baar (+) nuevos,2016-08-01,1,0,1
COTAGAITA,tuberculosis y lepra,n de tbp baar (+) nuevos,2016-08-01,0,1,1
COTOCA,tuberculosis y lepra,n de tbp baar (+) nuevos,2016-08-01,5,4,9
EL ALTO,tuberculosis y lepra,n de tbp baar (+) nuevos,2016-08-01,14,7,21
EL PUENTE(STC),tuberculosis y lepra,n de tbp baar (+) nuevos,2016-08-01,1,1,2
EL PUENTE(TJA),tuberculosis y lepra,n de tbp baar (+) nuevos,2016-08-01,1,0,1
EL TORNO,tuberculosis y lepra,n de tbp baar (+) nuevos,2016-08-01,1,1,2
ENTRE RIOS TRJ,tuberculosis y lepra,n de tbp baar (+) nuevos,2016-08-01,3,0,3
ENTRE RIOS CBBA,tuberculosis y lepra,n de tbp baar (+) nuevos,2016-08-01,2,1,3
FERNANDEZ ALONSO,tuberculosis y lepra,n de tbp baar (+) nuevos,2016-08-01,1,1,2
GENERAL SAAVEDRA,tuberculosis y lepra,n de tbp baar (+) nuevos,2016-08-01,1,1,2
GUANAY,tuberculosis y lepra,n de tbp baar (+) nuevos,2016-08-01,2,0,2
GUAYARAMERIN,tuberculosis y lepra,n de tbp baar (+) nuevos,2016-08-01,3,1,4
GUTIERREZ,tuberculosis y lepra,n de tbp baar (+) nuevos,2016-08-01,1,0,1
HUANUNI,tuberculosis y lepra,n de tbp baar (+) nuevos,2016-08-01,2,1,3
HUATAJATA,tuberculosis y lepra,n de tbp baar (+) nuevos,2016-08-01,1,0,1
INCAHUASI,tuberculosis y lepra,n de tbp baar (+) nuevos,2016-08-01,0,1,1
LA GUARDIA,tuberculosis y lepra,n de tbp baar (+) nuevos,2016-08-01,3,6,9
LA PAZ,tuberculosis y lepra,n de tbp baar (+) nuevos,2016-08-01,14,8,22
LLALLAGUA,tuberculosis y lepra,n de tbp baar (+) nuevos,2016-08-01,1,0,1
MAIRANA,tuberculosis y lepra,n de tbp baar (+) nuevos,2016-08-01,0,1,1
MAPIRI,tuberculosis y lepra,n de tbp baar (+) nuevos,2016-08-01,3,0,3
MIZQUE,tuberculosis y lepra,n de tbp baar (+) nuevos,2016-08-01,1,0,1
MOCOMOCO,tuberculosis y lepra,n de tbp baar (+) nuevos,2016-08-01,0,1,1
MONTEAGUDO,tuberculosis y lepra,n de tbp baar (+) nuevos,2016-08-01,1,0,1
MONTERO,tuberculosis y lepra,n de tbp baar (+) nuevos,2016-08-01,11,4,15
MOROCHATA,tuberculosis y lepra,n de tbp baar (+) nuevos,2016-08-01,1,1,2
ORURO,tuberculosis y lepra,n de tbp baar (+) nuevos,2016-08-01,9,2,11
PADCAYA,tuberculosis y lepra,n de tbp baar (+) nuevos,2016-08-01,0,1,1
PAILON,tuberculosis y lepra,n de tbp baar (+) nuevos,2016-08-01,1,0,1
PALOS BLANCOS,tuberculosis y lepra,n de tbp baar (+) nuevos,2016-08-01,0,1,1
POTOSI,tuberculosis y lepra,n de tbp baar (+) nuevos,2016-08-01,8,2,10
PUCARANI,tuberculosis y lepra,n de tbp baar (+) nuevos,2016-08-01,1,0,1
PUERTO QUIJARRO,tuberculosis y lepra,n de tbp baar (+) nuevos,2016-08-01,0,1,1
PUERTO SUAREZ,tuberculosis y lepra,n de tbp baar (+) nuevos,2016-08-01,1,0,1
PUERTO VILLARROEL,tuberculosis y lepra,n de tbp baar (+) nuevos,2016-08-01,5,1,6
PUNA,tuberculosis y lepra,n de tbp baar (+) nuevos,2016-08-01,1,0,1
PUNATA,tuberculosis y lepra,n de tbp baar (+) nuevos,2016-08-01,3,0,3
QUILLACOLLO,tuberculosis y lepra,n de tbp baar (+) nuevos,2016-08-01,2,2,4
RIBERALTA,tuberculosis y lepra,n de tbp baar (+) nuevos,2016-08-01,5,5,10
ROBORE,tuberculosis y lepra,n de tbp baar (+) nuevos,2016-08-01,1,0,1
RURRENABAQUE,tuberculosis y lepra,n de tbp baar (+) nuevos,2016-08-01,4,0,4
SACABA,tuberculosis y lepra,n de tbp baar (+) nuevos,2016-08-01,2,2,4
SAN BORJA,tuberculosis y lepra,n de tbp baar (+) nuevos,2016-08-01,2,0,2
SAN IGNACIO DE VELASCO,tuberculosis y lepra,n de tbp baar (+) nuevos,2016-08-01,0,1,1
SAN JUAN DE YAPACANI,tuberculosis y lepra,n de tbp baar (+) nuevos,2016-08-01,1,0,1
SAN JULIAN,tuberculosis y lepra,n de tbp baar (+) nuevos,2016-08-01,2,0,2
SAN LORENZO(TJA),tuberculosis y lepra,n de tbp baar (+) nuevos,2016-08-01,0,1,1
SAN LUCAS,tuberculosis y lepra,n de tbp baar (+) nuevos,2016-08-01,2,0,2
SANTA CRUZ DE LA SIERRA,tuberculosis y lepra,n de tbp baar (+) nuevos,2016-08-01,70,64,134
SANTA ROSA,tuberculosis y lepra,n de tbp baar (+) nuevos,2016-08-01,0,1,1
SANTA ROSA DEL SARA,tuberculosis y lepra,n de tbp baar (+) nuevos,2016-08-01,0,1,1
SAPAHAQUI,tuberculosis y lepra,n de tbp baar (+) nuevos,2016-08-01,0,1,1
SIPE SIPE,tuberculosis y lepra,n de tbp baar (+) nuevos,2016-08-01,0,1,1
SORACACHI,tuberculosis y lepra,n de tbp baar (+) nuevos,2016-08-01,1,0,1
SUCRE,tuberculosis y lepra,n de tbp baar (+) nuevos,2016-08-01,3,6,9
TACACOMA,tuberculosis y lepra,n de tbp baar (+) nuevos,2016-08-01,1,0,1
TARIJA,tuberculosis y lepra,n de tbp baar (+) nuevos,2016-08-01,5,4,9
TIPUANI,tuberculosis y lepra,n de tbp baar (+) nuevos,2016-08-01,3,2,5
TIQUIPAYA,tuberculosis y lepra,n de tbp baar (+) nuevos,2016-08-01,1,0,1
TIRAQUE (CBBA),tuberculosis y lepra,n de tbp baar (+) nuevos,2016-08-01,0,1,1
TOMINA,tuberculosis y lepra,n de tbp baar (+) nuevos,2016-08-01,1,0,1
TRINIDAD,tuberculosis y lepra,n de tbp baar (+) nuevos,2016-08-01,4,1,5
TUPIZA,tuberculosis y lepra,n de tbp baar (+) nuevos,2016-08-01,3,1,4
URIONDO (A. CONCEPCION),tuberculosis y lepra,n de tbp baar (+) nuevos,2016-08-01,1,0,1
UYUNI,tuberculosis y lepra,n de tbp baar (+) nuevos,2016-08-01,2,0,2
VIACHA,tuberculosis y lepra,n de tbp baar (+) nuevos,2016-08-01,1,0,1
VILLA MONTES,tuberculosis y lepra,n de tbp baar (+) nuevos,2016-08-01,0,3,3
VILLA TUNARI,tuberculosis y lepra,n de tbp baar (+) nuevos,2016-08-01,3,2,5
VILLA VACA GUZMAN (MUYUPAMPA),tuberculosis y lepra,n de tbp baar (+) nuevos,2016-08-01,1,0,1
VILLAZON,tuberculosis y lepra,n de tbp baar (+) nuevos,2016-08-01,1,0,1
VINTO,tuberculosis y lepra,n de tbp baar (+) nuevos,2016-08-01,2,0,2
VITICHI,tuberculosis y lepra,n de tbp baar (+) nuevos,2016-08-01,1,0,1
WARNES,tuberculosis y lepra,n de tbp baar (+) nuevos,2016-08-01,8,5,13
YACUIBA,tuberculosis y lepra,n de tbp baar (+) nuevos,2016-08-01,7,2,9
YAPACANI,tuberculosis y lepra,n de tbp baar (+) nuevos,2016-08-01,5,5,10
YOTALA,tuberculosis y lepra,n de tbp baar (+) nuevos,2016-08-01,1,1,2
ACHACACHI,tuberculosis y lepra,n de tbp baar (+) nuevos,2016-09-01,0,1,1
ANCORAIMES,tuberculosis y lepra,n de tbp baar (+) nuevos,2016-09-01,1,0,1
ARBIETO,tuberculosis y lepra,n de tbp baar (+) nuevos,2016-09-01,0,1,1
ASCENCION DE GUARAYOS,tuberculosis y lepra,n de tbp baar (+) nuevos,2016-09-01,3,0,3
AYATA,tuberculosis y lepra,n de tbp baar (+) nuevos,2016-09-01,1,0,1
AYOPAYA (V. DE INDEPENDENCIA),tuberculosis y lepra,n de tbp baar (+) nuevos,2016-09-01,2,1,3
BOYUIBE,tuberculosis y lepra,n de tbp baar (+) nuevos,2016-09-01,0,1,1
CABEZAS,tuberculosis y lepra,n de tbp baar (+) nuevos,2016-09-01,2,1,3
CAMARGO,tuberculosis y lepra,n de tbp baar (+) nuevos,2016-09-01,1,0,1
CAMIRI,tuberculosis y lepra,n de tbp baar (+) nuevos,2016-09-01,2,1,3
CAPINOTA,tuberculosis y lepra,n de tbp baar (+) nuevos,2016-09-01,1,0,1
CARANAVI,tuberculosis y lepra,n de tbp baar (+) nuevos,2016-09-01,5,1,6
CARAPARI,tuberculosis y lepra,n de tbp baar (+) nuevos,2016-09-01,0,1,1
CARMEN RIVERO TORREZ,tuberculosis y lepra,n de tbp baar (+) nuevos,2016-09-01,0,1,1
CHALLAPATA,tuberculosis y lepra,n de tbp baar (+) nuevos,2016-09-01,1,0,1
CHIMORE,tuberculosis y lepra,n de tbp baar (+) nuevos,2016-09-01,1,2,3
CHULUMANI (V. DE LA LIBERTAD),tuberculosis y lepra,n de tbp baar (+) nuevos,2016-09-01,2,2,4
CKOCHAS,tuberculosis y lepra,n de tbp baar (+) nuevos,2016-09-01,1,0,1
COBIJA,tuberculosis y lepra,n de tbp baar (+) nuevos,2016-09-01,2,1,3
COCAPATA,tuberculosis y lepra,n de tbp baar (+) nuevos,2016-09-01,1,0,1
COCHABAMBA,tuberculosis y lepra,n de tbp baar (+) nuevos,2016-09-01,11,7,18
COLCAPIRHUA,tuberculosis y lepra,n de tbp baar (+) nuevos,2016-09-01,3,1,4
COLOMI,tuberculosis y lepra,n de tbp baar (+) nuevos,2016-09-01,1,0,1
COLPA BELGICA,tuberculosis y lepra,n de tbp baar (+) nuevos,2016-09-01,1,0,1
COLQUECHACA,tuberculosis y lepra,n de tbp baar (+) nuevos,2016-09-01,1,1,2
COMARAPA,tuberculosis y lepra,n de tbp baar (+) nuevos,2016-09-01,1,0,1
CORIPATA,tuberculosis y lepra,n de tbp baar (+) nuevos,2016-09-01,1,1,2
COROICO,tuberculosis y lepra,n de tbp baar (+) nuevos,2016-09-01,3,0,3
COTOCA,tuberculosis y lepra,n de tbp baar (+) nuevos,2016-09-01,1,1,2
EL ALTO,tuberculosis y lepra,n de tbp baar (+) nuevos,2016-09-01,20,8,28
EL TORNO,tuberculosis y lepra,n de tbp baar (+) nuevos,2016-09-01,3,3,6
ENTRE RIOS CBBA,tuberculosis y lepra,n de tbp baar (+) nuevos,2016-09-01,2,3,5
FERNANDEZ ALONSO,tuberculosis y lepra,n de tbp baar (+) nuevos,2016-09-01,1,0,1
GENERAL SAAVEDRA,tuberculosis y lepra,n de tbp baar (+) nuevos,2016-09-01,1,0,1
GUANAY,tuberculosis y lepra,n de tbp baar (+) nuevos,2016-09-01,2,1,3
GUAYARAMERIN,tuberculosis y lepra,n de tbp baar (+) nuevos,2016-09-01,1,0,1
HUANUNI,tuberculosis y lepra,n de tbp baar (+) nuevos,2016-09-01,2,1,3
INCAHUASI,tuberculosis y lepra,n de tbp baar (+) nuevos,2016-09-01,1,1,2
LA ASUNTA,tuberculosis y lepra,n de tbp baar (+) nuevos,2016-09-01,3,3,6
LA GUARDIA,tuberculosis y lepra,n de tbp baar (+) nuevos,2016-09-01,2,1,3
LA PAZ,tuberculosis y lepra,n de tbp baar (+) nuevos,2016-09-01,18,11,29
LA RIVERA,tuberculosis y lepra,n de tbp baar (+) nuevos,2016-09-01,0,1,1
LAS CARRERAS,tuberculosis y lepra,n de tbp baar (+) nuevos,2016-09-01,0,1,1
LLALLAGUA,tuberculosis y lepra,n de tbp baar (+) nuevos,2016-09-01,2,0,2
LURIBAY,tuberculosis y lepra,n de tbp baar (+) nuevos,2016-09-01,1,0,1
MAPIRI,tuberculosis y lepra,n de tbp baar (+) nuevos,2016-09-01,1,0,1
MINEROS,tuberculosis y lepra,n de tbp baar (+) nuevos,2016-09-01,1,0,1
MONTERO,tuberculosis y lepra,n de tbp baar (+) nuevos,2016-09-01,11,2,13
ORURO,tuberculosis y lepra,n de tbp baar (+) nuevos,2016-09-01,2,3,5
PADILLA,tuberculosis y lepra,n de tbp baar (+) nuevos,2016-09-01,2,0,2
PAILON,tuberculosis y lepra,n de tbp baar (+) nuevos,2016-09-01,2,0,2
PALOS BLANCOS,tuberculosis y lepra,n de tbp baar (+) nuevos,2016-09-01,4,0,4
PAZÑA,tuberculosis y lepra,n de tbp baar (+) nuevos,2016-09-01,1,0,1
POCONA,tuberculosis y lepra,n de tbp baar (+) nuevos,2016-09-01,0,1,1
POJO (CBBA),tuberculosis y lepra,n de tbp baar (+) nuevos,2016-09-01,0,1,1
POOPO,tuberculosis y lepra,n de tbp baar (+) nuevos,2016-09-01,0,1,1
PORONGO,tuberculosis y lepra,n de tbp baar (+) nuevos,2016-09-01,0,1,1
POTOSI,tuberculosis y lepra,n de tbp baar (+) nuevos,2016-09-01,8,4,12
PUERTO QUIJARRO,tuberculosis y lepra,n de tbp baar (+) nuevos,2016-09-01,0,1,1
PUERTO SUAREZ,tuberculosis y lepra,n de tbp baar (+) nuevos,2016-09-01,1,0,1
PUERTO VILLARROEL,tuberculosis y lepra,n de tbp baar (+) nuevos,2016-09-01,10,4,14
PUNATA,tuberculosis y lepra,n de tbp baar (+) nuevos,2016-09-01,2,0,2
QUILLACOLLO,tuberculosis y lepra,n de tbp baar (+) nuevos,2016-09-01,5,4,9
RIBERALTA,tuberculosis y lepra,n de tbp baar (+) nuevos,2016-09-01,5,3,8
RURRENABAQUE,tuberculosis y lepra,n de tbp baar (+) nuevos,2016-09-01,1,2,3
SACABA,tuberculosis y lepra,n de tbp baar (+) nuevos,2016-09-01,2,1,3
SACACA,tuberculosis y lepra,n de tbp baar (+) nuevos,2016-09-01,1,0,1
SAN ANDRES DE MACHACA,tuberculosis y lepra,n de tbp baar (+) nuevos,2016-09-01,1,0,1
SAN BENITO,tuberculosis y lepra,n de tbp baar (+) nuevos,2016-09-01,1,0,1
SAN BORJA,tuberculosis y lepra,n de tbp baar (+) nuevos,2016-09-01,1,1,2
SAN IGNACIO,tuberculosis y lepra,n de tbp baar (+) nuevos,2016-09-01,0,1,1
SAN IGNACIO DE VELASCO,tuberculosis y lepra,n de tbp baar (+) nuevos,2016-09-01,2,1,3
SAN JOAQUIN,tuberculosis y lepra,n de tbp baar (+) nuevos,2016-09-01,1,0,1
SAN JULIAN,tuberculosis y lepra,n de tbp baar (+) nuevos,2016-09-01,3,1,4
SAN LORENZO(TJA),tuberculosis y lepra,n de tbp baar (+) nuevos,2016-09-01,0,2,2
SAN LUCAS,tuberculosis y lepra,n de tbp baar (+) nuevos,2016-09-01,0,1,1
SAN PEDRO,tuberculosis y lepra,n de tbp baar (+) nuevos,2016-09-01,1,0,1
SAN PEDRO DE CURAHUARA,tuberculosis y lepra,n de tbp baar (+) nuevos,2016-09-01,1,0,1
SANTA CRUZ DE LA SIERRA,tuberculosis y lepra,n de tbp baar (+) nuevos,2016-09-01,70,57,127
SANTA ROSA DEL SARA,tuberculosis y lepra,n de tbp baar (+) nuevos,2016-09-01,2,2,4
SAPAHAQUI,tuberculosis y lepra,n de tbp baar (+) nuevos,2016-09-01,1,1,2
SICAYA,tuberculosis y lepra,n de tbp baar (+) nuevos,2016-09-01,1,1,2
SORATA,tuberculosis y lepra,n de tbp baar (+) nuevos,2016-09-01,1,1,2
SUCRE,tuberculosis y lepra,n de tbp baar (+) nuevos,2016-09-01,2,5,7
TACACOMA,tuberculosis y lepra,n de tbp baar (+) nuevos,2016-09-01,1,0,1
TARIJA,tuberculosis y lepra,n de tbp baar (+) nuevos,2016-09-01,3,3,6
TEOPONTE,tuberculosis y lepra,n de tbp baar (+) nuevos,2016-09-01,1,0,1
TIQUIPAYA,tuberculosis y lepra,n de tbp baar (+) nuevos,2016-09-01,2,1,3
TOTORA(ORR),tuberculosis y lepra,n de tbp baar (+) nuevos,2016-09-01,0,1,1
TRINIDAD,tuberculosis y lepra,n de tbp baar (+) nuevos,2016-09-01,9,2,11
UNCIA,tuberculosis y lepra,n de tbp baar (+) nuevos,2016-09-01,2,0,2
VIACHA,tuberculosis y lepra,n de tbp baar (+) nuevos,2016-09-01,2,1,3
VILLA MONTES,tuberculosis y lepra,n de tbp baar (+) nuevos,2016-09-01,1,1,2
VILLA TUNARI,tuberculosis y lepra,n de tbp baar (+) nuevos,2016-09-01,3,0,3
VILLAZON,tuberculosis y lepra,n de tbp baar (+) nuevos,2016-09-01,0,1,1
VINTO,tuberculosis y lepra,n de tbp baar (+) nuevos,2016-09-01,1,1,2
VITICHI,tuberculosis y lepra,n de tbp baar (+) nuevos,2016-09-01,0,1,1
WARNES,tuberculosis y lepra,n de tbp baar (+) nuevos,2016-09-01,1,6,7
YACUIBA,tuberculosis y lepra,n de tbp baar (+) nuevos,2016-09-01,7,2,9
YAPACANI,tuberculosis y lepra,n de tbp baar (+) nuevos,2016-09-01,4,1,5
ACHOCALLA,tuberculosis y lepra,n de tbp baar (+) nuevos,2016-10-01,0,2,2
ALTO BENI,tuberculosis y lepra,n de tbp baar (+) nuevos,2016-10-01,1,0,1
ANCORAIMES,tuberculosis y lepra,n de tbp baar (+) nuevos,2016-10-01,0,1,1
AUCAPATA,tuberculosis y lepra,n de tbp baar (+) nuevos,2016-10-01,1,1,2
AYOPAYA (V. DE INDEPENDENCIA),tuberculosis y lepra,n de tbp baar (+) nuevos,2016-10-01,0,1,1
BATALLAS,tuberculosis y lepra,n de tbp baar (+) nuevos,2016-10-01,1,0,1
BERMEJO,tuberculosis y lepra,n de tbp baar (+) nuevos,2016-10-01,4,2,6
BUENA VISTA,tuberculosis y lepra,n de tbp baar (+) nuevos,2016-10-01,2,0,2
CAJUATA,tuberculosis y lepra,n de tbp baar (+) nuevos,2016-10-01,1,0,1
CALAMARCA,tuberculosis y lepra,n de tbp baar (+) nuevos,2016-10-01,1,0,1
CAPINOTA,tuberculosis y lepra,n de tbp baar (+) nuevos,2016-10-01,0,3,3
CARACOLLO,tuberculosis y lepra,n de tbp baar (+) nuevos,2016-10-01,1,0,1
CARANAVI,tuberculosis y lepra,n de tbp baar (+) nuevos,2016-10-01,7,5,12
CHARAGUA,tuberculosis y lepra,n de tbp baar (+) nuevos,2016-10-01,2,0,2
CHIMORE,tuberculosis y lepra,n de tbp baar (+) nuevos,2016-10-01,1,1,2
CHULUMANI (V. DE LA LIBERTAD),tuberculosis y lepra,n de tbp baar (+) nuevos,2016-10-01,2,1,3
COBIJA,tuberculosis y lepra,n de tbp baar (+) nuevos,2016-10-01,5,3,8
COCAPATA,tuberculosis y lepra,n de tbp baar (+) nuevos,2016-10-01,0,1,1
COCHABAMBA,tuberculosis y lepra,n de tbp baar (+) nuevos,2016-10-01,11,13,24
COLCAPIRHUA,tuberculosis y lepra,n de tbp baar (+) nuevos,2016-10-01,2,2,4
COMARAPA,tuberculosis y lepra,n de tbp baar (+) nuevos,2016-10-01,1,0,1
CONCEPCION,tuberculosis y lepra,n de tbp baar (+) nuevos,2016-10-01,0,1,1
COROICO,tuberculosis y lepra,n de tbp baar (+) nuevos,2016-10-01,1,1,2
COTAGAITA,tuberculosis y lepra,n de tbp baar (+) nuevos,2016-10-01,1,1,2
COTOCA,tuberculosis y lepra,n de tbp baar (+) nuevos,2016-10-01,4,2,6
CUEVO,tuberculosis y lepra,n de tbp baar (+) nuevos,2016-10-01,1,0,1
CULPINA,tuberculosis y lepra,n de tbp baar (+) nuevos,2016-10-01,1,0,1
CURVA,tuberculosis y lepra,n de tbp baar (+) nuevos,2016-10-01,1,0,1
EL ALTO,tuberculosis y lepra,n de tbp baar (+) nuevos,2016-10-01,17,11,28
EL TORNO,tuberculosis y lepra,n de tbp baar (+) nuevos,2016-10-01,1,2,3
ENTRE RIOS TRJ,tuberculosis y lepra,n de tbp baar (+) nuevos,2016-10-01,0,1,1
ENTRE RIOS CBBA,tuberculosis y lepra,n de tbp baar (+) nuevos,2016-10-01,5,4,9
FERNANDEZ ALONSO,tuberculosis y lepra,n de tbp baar (+) nuevos,2016-10-01,0,1,1
GUANAY,tuberculosis y lepra,n de tbp baar (+) nuevos,2016-10-01,0,2,2
GUAYARAMERIN,tuberculosis y lepra,n de tbp baar (+) nuevos,2016-10-01,2,0,2
HUANUNI,tuberculosis y lepra,n de tbp baar (+) nuevos,2016-10-01,2,2,4
INCAHUASI,tuberculosis y lepra,n de tbp baar (+) nuevos,2016-10-01,1,0,1
INQUISIVI,tuberculosis y lepra,n de tbp baar (+) nuevos,2016-10-01,1,1,2
IRUPANA (VILLA DE LANZA),tuberculosis y lepra,n de tbp baar (+) nuevos,2016-10-01,3,0,3
LA ASUNTA,tuberculosis y lepra,n de tbp baar (+) nuevos,2016-10-01,3,2,5
LA GUARDIA,tuberculosis y lepra,n de tbp baar (+) nuevos,2016-10-01,5,4,9
LA PAZ,tuberculosis y lepra,n de tbp baar (+) nuevos,2016-10-01,16,6,22
LLALLAGUA,tuberculosis y lepra,n de tbp baar (+) nuevos,2016-10-01,1,0,1
MACHACAMARCA,tuberculosis y lepra,n de tbp baar (+) nuevos,2016-10-01,1,0,1
MACHARETI,tuberculosis y lepra,n de tbp baar (+) nuevos,2016-10-01,1,0,1
MAPIRI,tuberculosis y lepra,n de tbp baar (+) nuevos,2016-10-01,2,0,2
MIZQUE,tuberculosis y lepra,n de tbp baar (+) nuevos,2016-10-01,1,1,2
MONTEAGUDO,tuberculosis y lepra,n de tbp baar (+) nuevos,2016-10-01,0,1,1
MONTERO,tuberculosis y lepra,n de tbp baar (+) nuevos,2016-10-01,10,4,14
OKINAWA,tuberculosis y lepra,n de tbp baar (+) nuevos,2016-10-01,1,0,1
OMEREQUE,tuberculosis y lepra,n de tbp baar (+) nuevos,2016-10-01,0,1,1
ORURO,tuberculosis y lepra,n de tbp baar (+) nuevos,2016-10-01,1,1,2
PADCAYA,tuberculosis y lepra,n de tbp baar (+) nuevos,2016-10-01,2,0,2
PADILLA,tuberculosis y lepra,n de tbp baar (+) nuevos,2016-10-01,0,1,1
PALCA,tuberculosis y lepra,n de tbp baar (+) nuevos,2016-10-01,1,1,2
PALOS BLANCOS,tuberculosis y lepra,n de tbp baar (+) nuevos,2016-10-01,1,0,1
PAMPA GRANDE,tuberculosis y lepra,n de tbp baar (+) nuevos,2016-10-01,1,0,1
PORONGO,tuberculosis y lepra,n de tbp baar (+) nuevos,2016-10-01,0,1,1
PORVENIR,tuberculosis y lepra,n de tbp baar (+) nuevos,2016-10-01,1,0,1
POTOSI,tuberculosis y lepra,n de tbp baar (+) nuevos,2016-10-01,3,1,4
PUCARANI,tuberculosis y lepra,n de tbp baar (+) nuevos,2016-10-01,1,0,1
PUERTO QUIJARRO,tuberculosis y lepra,n de tbp baar (+) nuevos,2016-10-01,3,0,3
PUERTO VILLARROEL,tuberculosis y lepra,n de tbp baar (+) nuevos,2016-10-01,3,1,4
QUILLACOLLO,tuberculosis y lepra,n de tbp baar (+) nuevos,2016-10-01,4,2,6
RAVELO,tuberculosis y lepra,n de tbp baar (+) nuevos,2016-10-01,1,0,1
RIBERALTA,tuberculosis y lepra,n de tbp baar (+) nuevos,2016-10-01,2,1,3
RURRENABAQUE,tuberculosis y lepra,n de tbp baar (+) nuevos,2016-10-01,1,0,1
SACABA,tuberculosis y lepra,n de tbp baar (+) nuevos,2016-10-01,1,0,1
SAN ANDRES,tuberculosis y lepra,n de tbp baar (+) nuevos,2016-10-01,2,0,2
SAN BUENA VENTURA,tuberculosis y lepra,n de tbp baar (+) nuevos,2016-10-01,0,1,1
SAN CARLOS,tuberculosis y lepra,n de tbp baar (+) nuevos,2016-10-01,1,0,1
SAN IGNACIO DE VELASCO,tuberculosis y lepra,n de tbp baar (+) nuevos,2016-10-01,1,1,2
SAN JOSE DE CHIQUITOS,tuberculosis y lepra,n de tbp baar (+) nuevos,2016-10-01,0,1,1
SAN JUAN DE YAPACANI,tuberculosis y lepra,n de tbp baar (+) nuevos,2016-10-01,0,1,1
SAN JULIAN,tuberculosis y lepra,n de tbp baar (+) nuevos,2016-10-01,1,1,2
SAN MATIAS,tuberculosis y lepra,n de tbp baar (+) nuevos,2016-10-01,1,0,1
SANTA ANA,tuberculosis y lepra,n de tbp baar (+) nuevos,2016-10-01,4,0,4
SANTA CRUZ DE LA SIERRA,tuberculosis y lepra,n de tbp baar (+) nuevos,2016-10-01,75,47,122
SANTA ROSA DEL SARA,tuberculosis y lepra,n de tbp baar (+) nuevos,2016-10-01,0,1,1
SANTIAGO DE HUARI,tuberculosis y lepra,n de tbp baar (+) nuevos,2016-10-01,1,0,1
SAPAHAQUI,tuberculosis y lepra,n de tbp baar (+) nuevos,2016-10-01,0,1,1
SHINAOTA,tuberculosis y lepra,n de tbp baar (+) nuevos,2016-10-01,2,0,2
SICA SICA (VILLA AROMA),tuberculosis y lepra,n de tbp baar (+) nuevos,2016-10-01,1,0,1
SIPE SIPE,tuberculosis y lepra,n de tbp baar (+) nuevos,2016-10-01,2,2,4
SORATA,tuberculosis y lepra,n de tbp baar (+) nuevos,2016-10-01,2,0,2
SUCRE,tuberculosis y lepra,n de tbp baar (+) nuevos,2016-10-01,5,9,14
TARABUCO,tuberculosis y lepra,n de tbp baar (+) nuevos,2016-10-01,1,1,2
TARIJA,tuberculosis y lepra,n de tbp baar (+) nuevos,2016-10-01,7,3,10
TEOPONTE,tuberculosis y lepra,n de tbp baar (+) nuevos,2016-10-01,0,2,2
TIPUANI,tuberculosis y lepra,n de tbp baar (+) nuevos,2016-10-01,3,0,3
TIQUIPAYA,tuberculosis y lepra,n de tbp baar (+) nuevos,2016-10-01,1,1,2
TRINIDAD,tuberculosis y lepra,n de tbp baar (+) nuevos,2016-10-01,13,2,15
TUPIZA,tuberculosis y lepra,n de tbp baar (+) nuevos,2016-10-01,1,1,2
VIACHA,tuberculosis y lepra,n de tbp baar (+) nuevos,2016-10-01,1,0,1
VILLA CHARCAS,tuberculosis y lepra,n de tbp baar (+) nuevos,2016-10-01,0,1,1
VILLA MONTES,tuberculosis y lepra,n de tbp baar (+) nuevos,2016-10-01,1,6,7
VILLA TUNARI,tuberculosis y lepra,n de tbp baar (+) nuevos,2016-10-01,2,3,5
VILLAZON,tuberculosis y lepra,n de tbp baar (+) nuevos,2016-10-01,1,0,1
VINTO,tuberculosis y lepra,n de tbp baar (+) nuevos,2016-10-01,1,0,1
WARNES,tuberculosis y lepra,n de tbp baar (+) nuevos,2016-10-01,6,3,9
YACUIBA,tuberculosis y lepra,n de tbp baar (+) nuevos,2016-10-01,2,3,5
YANACACHI,tuberculosis y lepra,n de tbp baar (+) nuevos,2016-10-01,1,1,2
YAPACANI,tuberculosis y lepra,n de tbp baar (+) nuevos,2016-10-01,4,1,5
ACHACACHI,tuberculosis y lepra,n de tbp baar (+) nuevos,2016-11-01,1,0,1
ALTO BENI,tuberculosis y lepra,n de tbp baar (+) nuevos,2016-11-01,1,0,1
ANZALDO,tuberculosis y lepra,n de tbp baar (+) nuevos,2016-11-01,0,1,1
ARANI,tuberculosis y lepra,n de tbp baar (+) nuevos,2016-11-01,1,0,1
ARQUE,tuberculosis y lepra,n de tbp baar (+) nuevos,2016-11-01,0,1,1
ASCENCION DE GUARAYOS,tuberculosis y lepra,n de tbp baar (+) nuevos,2016-11-01,1,0,1
ATOCHA,tuberculosis y lepra,n de tbp baar (+) nuevos,2016-11-01,1,0,1
AUCAPATA,tuberculosis y lepra,n de tbp baar (+) nuevos,2016-11-01,0,1,1
AYATA,tuberculosis y lepra,n de tbp baar (+) nuevos,2016-11-01,1,0,1
AYOPAYA (V. DE INDEPENDENCIA),tuberculosis y lepra,n de tbp baar (+) nuevos,2016-11-01,1,0,1
BELLA FLOR,tuberculosis y lepra,n de tbp baar (+) nuevos,2016-11-01,1,0,1
BERMEJO,tuberculosis y lepra,n de tbp baar (+) nuevos,2016-11-01,3,0,3
BUENA VISTA,tuberculosis y lepra,n de tbp baar (+) nuevos,2016-11-01,0,1,1
CABEZAS,tuberculosis y lepra,n de tbp baar (+) nuevos,2016-11-01,2,0,2
CAPINOTA,tuberculosis y lepra,n de tbp baar (+) nuevos,2016-11-01,1,1,2
CARANAVI,tuberculosis y lepra,n de tbp baar (+) nuevos,2016-11-01,1,4,5
CARAPARI,tuberculosis y lepra,n de tbp baar (+) nuevos,2016-11-01,3,0,3
CARMEN RIVERO TORREZ,tuberculosis y lepra,n de tbp baar (+) nuevos,2016-11-01,3,0,3
CHARAGUA,tuberculosis y lepra,n de tbp baar (+) nuevos,2016-11-01,1,0,1
CHAYANTA,tuberculosis y lepra,n de tbp baar (+) nuevos,2016-11-01,1,0,1
CHIMORE,tuberculosis y lepra,n de tbp baar (+) nuevos,2016-11-01,2,4,6
CHULUMANI (V. DE LA LIBERTAD),tuberculosis y lepra,n de tbp baar (+) nuevos,2016-11-01,2,3,5
COBIJA,tuberculosis y lepra,n de tbp baar (+) nuevos,2016-11-01,1,1,2
COCHABAMBA,tuberculosis y lepra,n de tbp baar (+) nuevos,2016-11-01,19,3,22
COLQUECHACA,tuberculosis y lepra,n de tbp baar (+) nuevos,2016-11-01,1,0,1
COPACABANA,tuberculosis y lepra,n de tbp baar (+) nuevos,2016-11-01,1,0,1
CORIPATA,tuberculosis y lepra,n de tbp baar (+) nuevos,2016-11-01,0,3,3
CORO CORO,tuberculosis y lepra,n de tbp baar (+) nuevos,2016-11-01,0,1,1
COROICO,tuberculosis y lepra,n de tbp baar (+) nuevos,2016-11-01,0,1,1
CUATRO CAÑADAS,tuberculosis y lepra,n de tbp baar (+) nuevos,2016-11-01,1,0,1
CULPINA,tuberculosis y lepra,n de tbp baar (+) nuevos,2016-11-01,1,0,1
EL ALTO,tuberculosis y lepra,n de tbp baar (+) nuevos,2016-11-01,10,4,14
EL PUENTE(STC),tuberculosis y lepra,n de tbp baar (+) nuevos,2016-11-01,1,0,1
EL TORNO,tuberculosis y lepra,n de tbp baar (+) nuevos,2016-11-01,2,0,2
ENTRE RIOS CBBA,tuberculosis y lepra,n de tbp baar (+) nuevos,2016-11-01,1,2,3
FERNANDEZ ALONSO,tuberculosis y lepra,n de tbp baar (+) nuevos,2016-11-01,1,0,1
GUANAY,tuberculosis y lepra,n de tbp baar (+) nuevos,2016-11-01,2,1,3
GUAYARAMERIN,tuberculosis y lepra,n de tbp baar (+) nuevos,2016-11-01,2,1,3
IXIAMAS,tuberculosis y lepra,n de tbp baar (+) nuevos,2016-11-01,0,1,1
LA ASUNTA,tuberculosis y lepra,n de tbp baar (+) nuevos,2016-11-01,4,2,6
LA GUARDIA,tuberculosis y lepra,n de tbp baar (+) nuevos,2016-11-01,4,5,9
LA PAZ,tuberculosis y lepra,n de tbp baar (+) nuevos,2016-11-01,15,10,25
LLALLAGUA,tuberculosis y lepra,n de tbp baar (+) nuevos,2016-11-01,1,0,1
LURIBAY,tuberculosis y lepra,n de tbp baar (+) nuevos,2016-11-01,1,1,2
MAIRANA,tuberculosis y lepra,n de tbp baar (+) nuevos,2016-11-01,0,1,1
MAPIRI,tuberculosis y lepra,n de tbp baar (+) nuevos,2016-11-01,2,0,2
MECAPACA,tuberculosis y lepra,n de tbp baar (+) nuevos,2016-11-01,1,0,1
MINEROS,tuberculosis y lepra,n de tbp baar (+) nuevos,2016-11-01,1,2,3
MONTERO,tuberculosis y lepra,n de tbp baar (+) nuevos,2016-11-01,6,4,10
ORURO,tuberculosis y lepra,n de tbp baar (+) nuevos,2016-11-01,2,2,4
PADCAYA,tuberculosis y lepra,n de tbp baar (+) nuevos,2016-11-01,1,0,1
PALCA,tuberculosis y lepra,n de tbp baar (+) nuevos,2016-11-01,0,1,1
PALOS BLANCOS,tuberculosis y lepra,n de tbp baar (+) nuevos,2016-11-01,0,1,1
POOPO,tuberculosis y lepra,n de tbp baar (+) nuevos,2016-11-01,1,0,1
PORONGO,tuberculosis y lepra,n de tbp baar (+) nuevos,2016-11-01,1,0,1
POTOSI,tuberculosis y lepra,n de tbp baar (+) nuevos,2016-11-01,7,1,8
PUERTO QUIJARRO,tuberculosis y lepra,n de tbp baar (+) nuevos,2016-11-01,0,1,1
PUERTO VILLARROEL,tuberculosis y lepra,n de tbp baar (+) nuevos,2016-11-01,8,3,11
QUILLACOLLO,tuberculosis y lepra,n de tbp baar (+) nuevos,2016-11-01,3,0,3
QUIME,tuberculosis y lepra,n de tbp baar (+) nuevos,2016-11-01,0,1,1
RIBERALTA,tuberculosis y lepra,n de tbp baar (+) nuevos,2016-11-01,6,0,6
RURRENABAQUE,tuberculosis y lepra,n de tbp baar (+) nuevos,2016-11-01,0,1,1
SACABA,tuberculosis y lepra,n de tbp baar (+) nuevos,2016-11-01,6,2,8
SAN ANDRES,tuberculosis y lepra,n de tbp baar (+) nuevos,2016-11-01,1,0,1
SAN BORJA,tuberculosis y lepra,n de tbp baar (+) nuevos,2016-11-01,3,1,4
SAN BUENA VENTURA,tuberculosis y lepra,n de tbp baar (+) nuevos,2016-11-01,1,0,1
SAN CARLOS,tuberculosis y lepra,n de tbp baar (+) nuevos,2016-11-01,3,0,3
SAN IGNACIO,tuberculosis y lepra,n de tbp baar (+) nuevos,2016-11-01,0,1,1
SAN IGNACIO DE VELASCO,tuberculosis y lepra,n de tbp baar (+) nuevos,2016-11-01,1,0,1
SAN JULIAN,tuberculosis y lepra,n de tbp baar (+) nuevos,2016-11-01,3,3,6
SAN LORENZO(PND),tuberculosis y lepra,n de tbp baar (+) nuevos,2016-11-01,1,1,2
SAN LUCAS,tuberculosis y lepra,n de tbp baar (+) nuevos,2016-11-01,1,0,1
SAN PEDRO DE CURAHUARA,tuberculosis y lepra,n de tbp baar (+) nuevos,2016-11-01,0,1,1
SAN RAMON SCZ,tuberculosis y lepra,n de tbp baar (+) nuevos,2016-11-01,1,0,1
SANTA CRUZ DE LA SIERRA,tuberculosis y lepra,n de tbp baar (+) nuevos,2016-11-01,58,54,112
SENA,tuberculosis y lepra,n de tbp baar (+) nuevos,2016-11-01,1,0,1
SHINAOTA,tuberculosis y lepra,n de tbp baar (+) nuevos,2016-11-01,1,2,3
SIPE SIPE,tuberculosis y lepra,n de tbp baar (+) nuevos,2016-11-01,1,3,4
SUCRE,tuberculosis y lepra,n de tbp baar (+) nuevos,2016-11-01,5,5,10
TAPACARI,tuberculosis y lepra,n de tbp baar (+) nuevos,2016-11-01,1,0,1
TARIJA,tuberculosis y lepra,n de tbp baar (+) nuevos,2016-11-01,4,3,7
TIPUANI,tuberculosis y lepra,n de tbp baar (+) nuevos,2016-11-01,2,0,2
TIQUIPAYA,tuberculosis y lepra,n de tbp baar (+) nuevos,2016-11-01,1,1,2
TRINIDAD,tuberculosis y lepra,n de tbp baar (+) nuevos,2016-11-01,7,4,11
TUPIZA,tuberculosis y lepra,n de tbp baar (+) nuevos,2016-11-01,1,0,1
URIONDO (A. CONCEPCION),tuberculosis y lepra,n de tbp baar (+) nuevos,2016-11-01,2,1,3
VIACHA,tuberculosis y lepra,n de tbp baar (+) nuevos,2016-11-01,0,1,1
VILLA CHARCAS,tuberculosis y lepra,n de tbp baar (+) nuevos,2016-11-01,1,0,1
VILLA RIVERO,tuberculosis y lepra,n de tbp baar (+) nuevos,2016-11-01,1,0,1
VILLA TUNARI,tuberculosis y lepra,n de tbp baar (+) nuevos,2016-11-01,5,1,6
VILLAZON,tuberculosis y lepra,n de tbp baar (+) nuevos,2016-11-01,1,0,1
VINTO,tuberculosis y lepra,n de tbp baar (+) nuevos,2016-11-01,1,1,2
WARNES,tuberculosis y lepra,n de tbp baar (+) nuevos,2016-11-01,6,5,11
YACUIBA,tuberculosis y lepra,n de tbp baar (+) nuevos,2016-11-01,4,2,6
YANACACHI,tuberculosis y lepra,n de tbp baar (+) nuevos,2016-11-01,0,1,1
YAPACANI,tuberculosis y lepra,n de tbp baar (+) nuevos,2016-11-01,7,2,9
ZUDAÑEZ,tuberculosis y lepra,n de tbp baar (+) nuevos,2016-11-01,1,0,1
ALTO BENI,tuberculosis y lepra,n de tbp baar (+) nuevos,2016-12-01,3,0,3
AYO AYO,tuberculosis y lepra,n de tbp baar (+) nuevos,2016-12-01,0,1,1
BETANZOS,tuberculosis y lepra,n de tbp baar (+) nuevos,2016-12-01,1,0,1
BOLPEBRA,tuberculosis y lepra,n de tbp baar (+) nuevos,2016-12-01,1,0,1
CAMIRI,tuberculosis y lepra,n de tbp baar (+) nuevos,2016-12-01,2,3,5
CARANAVI,tuberculosis y lepra,n de tbp baar (+) nuevos,2016-12-01,5,3,8
CHALLAPATA,tuberculosis y lepra,n de tbp baar (+) nuevos,2016-12-01,0,1,1
CHARAGUA,tuberculosis y lepra,n de tbp baar (+) nuevos,2016-12-01,1,2,3
CHAYANTA,tuberculosis y lepra,n de tbp baar (+) nuevos,2016-12-01,0,1,1
CHIMORE,tuberculosis y lepra,n de tbp baar (+) nuevos,2016-12-01,2,0,2
CHULUMANI (V. DE LA LIBERTAD),tuberculosis y lepra,n de tbp baar (+) nuevos,2016-12-01,2,0,2
CKOCHAS,tuberculosis y lepra,n de tbp baar (+) nuevos,2016-12-01,1,0,1
CLIZA,tuberculosis y lepra,n de tbp baar (+) nuevos,2016-12-01,1,1,2
COBIJA,tuberculosis y lepra,n de tbp baar (+) nuevos,2016-12-01,3,0,3
COCHABAMBA,tuberculosis y lepra,n de tbp baar (+) nuevos,2016-12-01,10,6,16
COLCAPIRHUA,tuberculosis y lepra,n de tbp baar (+) nuevos,2016-12-01,1,0,1
CONCEPCION,tuberculosis y lepra,n de tbp baar (+) nuevos,2016-12-01,1,0,1
CORIPATA,tuberculosis y lepra,n de tbp baar (+) nuevos,2016-12-01,1,1,2
COROICO,tuberculosis y lepra,n de tbp baar (+) nuevos,2016-12-01,2,1,3
COTOCA,tuberculosis y lepra,n de tbp baar (+) nuevos,2016-12-01,0,1,1
CUATRO CAÑADAS,tuberculosis y lepra,n de tbp baar (+) nuevos,2016-12-01,1,2,3
EL ALTO,tuberculosis y lepra,n de tbp baar (+) nuevos,2016-12-01,9,4,13
ENTRE RIOS CBBA,tuberculosis y lepra,n de tbp baar (+) nuevos,2016-12-01,1,2,3
GENERAL SAAVEDRA,tuberculosis y lepra,n de tbp baar (+) nuevos,2016-12-01,1,0,1
GRAL. J.J. PEREZ (CHARAZANI),tuberculosis y lepra,n de tbp baar (+) nuevos,2016-12-01,0,1,1
GUANAY,tuberculosis y lepra,n de tbp baar (+) nuevos,2016-12-01,1,0,1
GUAYARAMERIN,tuberculosis y lepra,n de tbp baar (+) nuevos,2016-12-01,1,1,2
HUACARETA,tuberculosis y lepra,n de tbp baar (+) nuevos,2016-12-01,1,0,1
HUANUNI,tuberculosis y lepra,n de tbp baar (+) nuevos,2016-12-01,2,2,4
IRUPANA (VILLA DE LANZA),tuberculosis y lepra,n de tbp baar (+) nuevos,2016-12-01,1,0,1
IXIAMAS,tuberculosis y lepra,n de tbp baar (+) nuevos,2016-12-01,0,1,1
LA ASUNTA,tuberculosis y lepra,n de tbp baar (+) nuevos,2016-12-01,1,2,3
LA GUARDIA,tuberculosis y lepra,n de tbp baar (+) nuevos,2016-12-01,5,4,9
LA PAZ,tuberculosis y lepra,n de tbp baar (+) nuevos,2016-12-01,7,10,17
LAGUNILLAS,tuberculosis y lepra,n de tbp baar (+) nuevos,2016-12-01,2,0,2
LLALLAGUA,tuberculosis y lepra,n de tbp baar (+) nuevos,2016-12-01,2,0,2
LURIBAY,tuberculosis y lepra,n de tbp baar (+) nuevos,2016-12-01,1,0,1
MAPIRI,tuberculosis y lepra,n de tbp baar (+) nuevos,2016-12-01,0,1,1
MECAPACA,tuberculosis y lepra,n de tbp baar (+) nuevos,2016-12-01,0,1,1
MINEROS,tuberculosis y lepra,n de tbp baar (+) nuevos,2016-12-01,0,2,2
MONTERO,tuberculosis y lepra,n de tbp baar (+) nuevos,2016-12-01,6,5,11
OKINAWA,tuberculosis y lepra,n de tbp baar (+) nuevos,2016-12-01,2,0,2
ORURO,tuberculosis y lepra,n de tbp baar (+) nuevos,2016-12-01,1,1,2
PALCA,tuberculosis y lepra,n de tbp baar (+) nuevos,2016-12-01,1,0,1
PALOS BLANCOS,tuberculosis y lepra,n de tbp baar (+) nuevos,2016-12-01,1,2,3
PORTACHUELO,tuberculosis y lepra,n de tbp baar (+) nuevos,2016-12-01,0,1,1
POTOSI,tuberculosis y lepra,n de tbp baar (+) nuevos,2016-12-01,5,2,7
PUERTO QUIJARRO,tuberculosis y lepra,n de tbp baar (+) nuevos,2016-12-01,3,0,3
PUERTO RICO,tuberculosis y lepra,n de tbp baar (+) nuevos,2016-12-01,1,0,1
PUERTO SUAREZ,tuberculosis y lepra,n de tbp baar (+) nuevos,2016-12-01,0,1,1
PUERTO VILLARROEL,tuberculosis y lepra,n de tbp baar (+) nuevos,2016-12-01,3,2,5
PUNATA,tuberculosis y lepra,n de tbp baar (+) nuevos,2016-12-01,2,2,4
QUILLACOLLO,tuberculosis y lepra,n de tbp baar (+) nuevos,2016-12-01,3,5,8
RIBERALTA,tuberculosis y lepra,n de tbp baar (+) nuevos,2016-12-01,3,1,4
SACABA,tuberculosis y lepra,n de tbp baar (+) nuevos,2016-12-01,2,2,4
SAN ANTONIO DE LOMERIO,tuberculosis y lepra,n de tbp baar (+) nuevos,2016-12-01,0,1,1
SAN BORJA,tuberculosis y lepra,n de tbp baar (+) nuevos,2016-12-01,1,1,2
SAN CARLOS,tuberculosis y lepra,n de tbp baar (+) nuevos,2016-12-01,1,1,2
SAN IGNACIO DE VELASCO,tuberculosis y lepra,n de tbp baar (+) nuevos,2016-12-01,2,3,5
SAN JULIAN,tuberculosis y lepra,n de tbp baar (+) nuevos,2016-12-01,0,2,2
SAN LUCAS,tuberculosis y lepra,n de tbp baar (+) nuevos,2016-12-01,1,1,2
SAN MATIAS,tuberculosis y lepra,n de tbp baar (+) nuevos,2016-12-01,1,0,1
SAN MIGUEL DE VELASCO,tuberculosis y lepra,n de tbp baar (+) nuevos,2016-12-01,1,0,1
SAN PEDRO,tuberculosis y lepra,n de tbp baar (+) nuevos,2016-12-01,1,0,1
SANTA CRUZ DE LA SIERRA,tuberculosis y lepra,n de tbp baar (+) nuevos,2016-12-01,86,58,144
SANTA ROSA DEL SARA,tuberculosis y lepra,n de tbp baar (+) nuevos,2016-12-01,2,0,2
SANTUARIO DE QUILLACAS,tuberculosis y lepra,n de tbp baar (+) nuevos,2016-12-01,0,1,1
SICA SICA (VILLA AROMA),tuberculosis y lepra,n de tbp baar (+) nuevos,2016-12-01,1,0,1
SICAYA,tuberculosis y lepra,n de tbp baar (+) nuevos,2016-12-01,1,0,1
SUCRE,tuberculosis y lepra,n de tbp baar (+) nuevos,2016-12-01,8,1,9
TARIJA,tuberculosis y lepra,n de tbp baar (+) nuevos,2016-12-01,2,1,3
TARVITA,tuberculosis y lepra,n de tbp baar (+) nuevos,2016-12-01,0,1,1
TIQUIPAYA,tuberculosis y lepra,n de tbp baar (+) nuevos,2016-12-01,1,0,1
TOLATA,tuberculosis y lepra,n de tbp baar (+) nuevos,2016-12-01,0,1,1
TRINIDAD,tuberculosis y lepra,n de tbp baar (+) nuevos,2016-12-01,0,2,2
TUPIZA,tuberculosis y lepra,n de tbp baar (+) nuevos,2016-12-01,1,0,1
URIONDO (A. CONCEPCION),tuberculosis y lepra,n de tbp baar (+) nuevos,2016-12-01,0,1,1
UYUNI,tuberculosis y lepra,n de tbp baar (+) nuevos,2016-12-01,2,0,2
VIACHA,tuberculosis y lepra,n de tbp baar (+) nuevos,2016-12-01,0,2,2
VILLA CHARCAS,tuberculosis y lepra,n de tbp baar (+) nuevos,2016-12-01,1,0,1
VILLA MONTES,tuberculosis y lepra,n de tbp baar (+) nuevos,2016-12-01,0,2,2
VILLA TUNARI,tuberculosis y lepra,n de tbp baar (+) nuevos,2016-12-01,4,6,10
VINTO,tuberculosis y lepra,n de tbp baar (+) nuevos,2016-12-01,1,1,2
WARNES,tuberculosis y lepra,n de tbp baar (+) nuevos,2016-12-01,7,5,12
YACUIBA,tuberculosis y lepra,n de tbp baar (+) nuevos,2016-12-01,9,1,10
YANACACHI,tuberculosis y lepra,n de tbp baar (+) nuevos,2016-12-01,0,1,1
YAPACANI,tuberculosis y lepra,n de tbp baar (+) nuevos,2016-12-01,4,3,7
